src_domain,tgt_domain,weight,log_weight,is_bridge
abcnews.go.com,alterdestiny.blogspot.com,5.0,1.791759,False
2.bp.blogspot.com,alterdestiny.blogspot.com,267.0,5.590987,False
3.bp.blogspot.com,alterdestiny.blogspot.com,196.0,5.283204,False
4.bp.blogspot.com,alterdestiny.blogspot.com,316.0,5.758902,False
1.bp.blogspot.com,alterdestiny.blogspot.com,119.0,4.787492,False
alterdestiny.blogspot.com,alternet.org,2.0,1.098612,False
abcnews.go.com,althouse.blogspot.com,10.0,2.397895,False
alterdestiny.blogspot.com,amazon.com,194.0,5.273,False
alternet.org,amazon.com,6.0,1.94591,False
althouse.blogspot.com,amazon.com,290.0,5.673323,False
abcnews.go.com,angrybear.blogspot.com,20.0,3.044522,False
alternet.org,angrybear.blogspot.com,9.0,2.302585,False
amazon.com,angrybear.blogspot.com,39.0,3.688879,False
amazon.com,apple.com,264.0,5.57973,False
althouse.blogspot.com,apple.com,4.0,1.609438,False
angrybear.blogspot.com,arstechnica.com,3.0,1.386294,False
amazon.com,arstechnica.com,450.0,6.111467,False
apple.com,arstechnica.com,6.0,1.94591,False
abcnews.go.com,atlasshrugs2000.typepad.com,7.0,2.079442,False
amazon.com,atlasshrugs2000.typepad.com,101.0,4.624973,False
atlasshrugs2000.typepad.com,babbazeesbrain.blogspot.com,13.0,2.639057,False
1.bp.blogspot.com,babbazeesbrain.blogspot.com,625.0,6.43935,False
abcnews.go.com,babbazeesbrain.blogspot.com,36.0,3.610918,False
alternet.org,babbazeesbrain.blogspot.com,6.0,1.94591,False
2.bp.blogspot.com,babbazeesbrain.blogspot.com,590.0,6.381816,False
amazon.com,babbazeesbrain.blogspot.com,41.0,3.73767,False
4.bp.blogspot.com,babbazeesbrain.blogspot.com,562.0,6.33328,False
3.bp.blogspot.com,babbazeesbrain.blogspot.com,585.0,6.37332,False
arstechnica.com,babbazeesbrain.blogspot.com,2.0,1.098612,False
amazon.com,bbc.co.uk,106.0,4.672829,False
althouse.blogspot.com,bbc.co.uk,2.0,1.098612,False
atlasshrugs2000.typepad.com,bbc.co.uk,2.0,1.098612,False
babbazeesbrain.blogspot.com,bbc.co.uk,5.0,1.791759,False
apple.com,bbc.co.uk,4.0,1.609438,False
angrybear.blogspot.com,blog.badtux.net,4.0,1.609438,False
apple.com,blog.badtux.net,4.0,1.609438,False
arstechnica.com,blog.badtux.net,4.0,1.609438,False
abcnews.go.com,blog.badtux.net,37.0,3.637586,False
alternet.org,blog.badtux.net,12.0,2.564949,False
amazon.com,blog.badtux.net,27.0,3.332205,False
3.bp.blogspot.com,blog.badtux.net,332.0,5.808142,False
1.bp.blogspot.com,blog.badtux.net,370.0,5.916202,False
4.bp.blogspot.com,blog.badtux.net,392.0,5.97381,False
2.bp.blogspot.com,blog.badtux.net,260.0,5.56452,False
bbc.co.uk,blog.openitstrategies.com,3.0,1.386294,False
2.bp.blogspot.com,blog.openitstrategies.com,30.0,3.433987,False
4.bp.blogspot.com,blog.openitstrategies.com,23.0,3.178054,False
arstechnica.com,blog.openitstrategies.com,24.0,3.218876,False
3.bp.blogspot.com,blog.openitstrategies.com,26.0,3.295837,False
abcnews.go.com,blog.openitstrategies.com,5.0,1.791759,False
1.bp.blogspot.com,blog.openitstrategies.com,31.0,3.465736,False
amazon.com,blog.openitstrategies.com,504.0,6.224558,False
apple.com,blog.openitstrategies.com,325.0,5.786897,False
amazon.com,blog.wired.com,261.0,5.568345,False
blog.badtux.net,blog.wired.com,4.0,1.609438,False
arstechnica.com,blog.wired.com,7.0,2.079442,False
alterdestiny.blogspot.com,blog.wired.com,4.0,1.609438,False
blog.openitstrategies.com,blog.wired.com,35.0,3.583519,False
babbazeesbrain.blogspot.com,blog.wired.com,12.0,2.564949,False
alternet.org,blog.wired.com,4.0,1.609438,False
angrybear.blogspot.com,blog.wired.com,5.0,1.791759,False
apple.com,blog.wired.com,20.0,3.044522,False
bbc.co.uk,blog.wired.com,2.0,1.098612,False
abcnews.go.com,blog.wired.com,4.0,1.609438,False
blog.openitstrategies.com,blogger.com,1954.0,7.578145,False
blog.badtux.net,blogger.com,9738.0,9.183894,False
alterdestiny.blogspot.com,blogger.com,14707.0,9.596147,False
babbazeesbrain.blogspot.com,blogger.com,2819.0,7.944492,False
angrybear.blogspot.com,blogger.com,9.0,2.302585,False
althouse.blogspot.com,blogger.com,21.0,3.091042,False
angrybear.blogspot.com,blogs.abcnews.com,3.0,1.386294,False
babbazeesbrain.blogspot.com,blogs.abcnews.com,21.0,3.091042,False
blog.badtux.net,blogs.abcnews.com,60.0,4.110874,False
abcnews.go.com,blogs.abcnews.com,651.0,6.480045,False
atlasshrugs2000.typepad.com,blogs.abcnews.com,6.0,1.94591,False
amazon.com,blogs.abcnews.com,191.0,5.257495,False
althouse.blogspot.com,blogs.abcnews.com,3.0,1.386294,False
alterdestiny.blogspot.com,blogs.wsj.com,3.0,1.386294,False
blogs.abcnews.com,blogs.wsj.com,2.0,1.098612,False
alternet.org,blogs.wsj.com,11.0,2.484907,False
althouse.blogspot.com,blogs.wsj.com,3.0,1.386294,False
babbazeesbrain.blogspot.com,blogs.wsj.com,39.0,3.688879,False
blog.wired.com,blogs.wsj.com,8.0,2.197225,False
angrybear.blogspot.com,blogs.wsj.com,8.0,2.197225,False
blog.openitstrategies.com,blogs.wsj.com,35.0,3.583519,False
amazon.com,blogs.wsj.com,79.0,4.382027,False
4.bp.blogspot.com,blogs.wsj.com,2.0,1.098612,False
abcnews.go.com,blogs.wsj.com,9.0,2.302585,False
amazon.com,blogs.zdnet.com,165.0,5.111988,False
blog.badtux.net,blogs.zdnet.com,3.0,1.386294,False
blog.openitstrategies.com,blogs.zdnet.com,46.0,3.850148,False
blog.wired.com,blogs.zdnet.com,3.0,1.386294,False
arstechnica.com,blogs.zdnet.com,5.0,1.791759,False
babbazeesbrain.blogspot.com,blogs.zdnet.com,2.0,1.098612,False
blogs.wsj.com,blogs.zdnet.com,3.0,1.386294,False
bbc.co.uk,blogs.zdnet.com,2.0,1.098612,False
apple.com,blogs.zdnet.com,21.0,3.091042,False
atlasshrugs2000.typepad.com,bloomberg.com,4.0,1.609438,False
bbc.co.uk,bloomberg.com,3.0,1.386294,False
blogs.zdnet.com,bloomberg.com,11.0,2.484907,False
blog.badtux.net,bloomberg.com,8.0,2.197225,False
blog.wired.com,bloomberg.com,5.0,1.791759,False
blogs.abcnews.com,bloomberg.com,168.0,5.129899,False
blogs.wsj.com,bloomberg.com,59.0,4.094345,False
alternet.org,bloomberg.com,11.0,2.484907,False
blog.openitstrategies.com,bloomberg.com,9.0,2.302585,False
alterdestiny.blogspot.com,bloomberg.com,12.0,2.564949,False
babbazeesbrain.blogspot.com,bloomberg.com,527.0,6.269096,False
angrybear.blogspot.com,bloomberg.com,33.0,3.526361,False
abcnews.go.com,bloomberg.com,2.0,1.098612,False
amazon.com,bloomberg.com,4.0,1.609438,False
blogs.abcnews.com,boston.com,77.0,4.356709,False
alterdestiny.blogspot.com,boston.com,8.0,2.197225,False
atlasshrugs2000.typepad.com,boston.com,12.0,2.564949,False
blog.badtux.net,boston.com,10.0,2.397895,False
angrybear.blogspot.com,boston.com,14.0,2.70805,False
blogs.wsj.com,boston.com,11.0,2.484907,False
babbazeesbrain.blogspot.com,boston.com,59.0,4.094345,False
althouse.blogspot.com,boston.com,7.0,2.079442,False
alternet.org,boston.com,7.0,2.079442,False
blog.openitstrategies.com,boston.com,3.0,1.386294,False
blog.wired.com,boston.com,14.0,2.70805,False
amazon.com,boston.com,103.0,4.644391,False
bloomberg.com,boston.com,3.0,1.386294,False
abcnews.go.com,boston.com,3.0,1.386294,False
blogs.abcnews.com,breitbart.com,2.0,1.098612,False
atlasshrugs2000.typepad.com,breitbart.com,2.0,1.098612,False
babbazeesbrain.blogspot.com,breitbart.com,48.0,3.89182,False
althouse.blogspot.com,breitbart.com,13.0,2.639057,False
amazon.com,breitbart.com,2.0,1.098612,False
amazon.com,buckmire.blogspot.com,111.0,4.718499,False
breitbart.com,buckmire.blogspot.com,3.0,1.386294,False
2.bp.blogspot.com,buckmire.blogspot.com,336.0,5.820083,False
boston.com,buckmire.blogspot.com,21.0,3.091042,False
4.bp.blogspot.com,buckmire.blogspot.com,324.0,5.783825,False
apple.com,buckmire.blogspot.com,2.0,1.098612,False
bloomberg.com,buckmire.blogspot.com,9.0,2.302585,False
blogger.com,buckmire.blogspot.com,5807.0,8.666992,False
abcnews.go.com,buckmire.blogspot.com,12.0,2.564949,False
3.bp.blogspot.com,buckmire.blogspot.com,487.0,6.190315,False
blogs.wsj.com,buckmire.blogspot.com,2.0,1.098612,False
bbc.co.uk,buckmire.blogspot.com,2.0,1.098612,False
1.bp.blogspot.com,buckmire.blogspot.com,431.0,6.068426,False
babbazeesbrain.blogspot.com,businessweek.com,32.0,3.496508,False
atlasshrugs2000.typepad.com,businessweek.com,3.0,1.386294,False
blog.wired.com,businessweek.com,5.0,1.791759,False
blog.badtux.net,businessweek.com,3.0,1.386294,False
angrybear.blogspot.com,businessweek.com,19.0,2.995732,False
blogs.wsj.com,businessweek.com,4.0,1.609438,False
arstechnica.com,businessweek.com,4.0,1.609438,False
blog.openitstrategies.com,businessweek.com,70.0,4.26268,False
blogs.zdnet.com,businessweek.com,9.0,2.302585,False
bloomberg.com,businessweek.com,41.0,3.73767,False
amazon.com,businessweek.com,15.0,2.772589,False
apple.com,businessweek.com,9.0,2.302585,False
althouse.blogspot.com,cajunboyinthecity.blogspot.com,4.0,1.609438,False
alternet.org,cajunboyinthecity.blogspot.com,5.0,1.791759,False
1.bp.blogspot.com,cajunboyinthecity.blogspot.com,211.0,5.356586,False
2.bp.blogspot.com,cajunboyinthecity.blogspot.com,220.0,5.398163,False
abcnews.go.com,cajunboyinthecity.blogspot.com,13.0,2.639057,False
blogs.wsj.com,cajunboyinthecity.blogspot.com,4.0,1.609438,False
blogger.com,cajunboyinthecity.blogspot.com,8194.0,9.011279,False
3.bp.blogspot.com,cajunboyinthecity.blogspot.com,295.0,5.690359,False
4.bp.blogspot.com,cajunboyinthecity.blogspot.com,297.0,5.697093,False
bloomberg.com,cajunboyinthecity.blogspot.com,58.0,4.077537,False
blogs.abcnews.com,cajunboyinthecity.blogspot.com,7.0,2.079442,False
breitbart.com,cajunboyinthecity.blogspot.com,20.0,3.044522,False
amazon.com,cajunboyinthecity.blogspot.com,21.0,3.091042,False
boston.com,cajunboyinthecity.blogspot.com,54.0,4.007333,False
blog.wired.com,cajunboyinthecity.blogspot.com,2.0,1.098612,False
1.bp.blogspot.com,capitalfax.blogspot.com,111.0,4.718499,False
businessweek.com,capitalfax.blogspot.com,2.0,1.098612,False
blogger.com,capitalfax.blogspot.com,7891.0,8.973605,False
3.bp.blogspot.com,capitalfax.blogspot.com,101.0,4.624973,False
abcnews.go.com,capitalfax.blogspot.com,23.0,3.178054,False
breitbart.com,capitalfax.blogspot.com,3.0,1.386294,False
bloomberg.com,capitalfax.blogspot.com,69.0,4.248495,False
boston.com,capitalfax.blogspot.com,20.0,3.044522,False
amazon.com,capitalfax.blogspot.com,53.0,3.988984,False
blogs.abcnews.com,capitalfax.blogspot.com,42.0,3.7612,False
2.bp.blogspot.com,capitalfax.blogspot.com,67.0,4.219508,False
blogs.wsj.com,capitalfax.blogspot.com,29.0,3.401197,False
4.bp.blogspot.com,capitalfax.blogspot.com,163.0,5.099866,False
boston.com,cbc.ca,2.0,1.098612,False
capitalfax.blogspot.com,cbc.ca,2.0,1.098612,False
buckmire.blogspot.com,cbc.ca,2.0,1.098612,False
atlasshrugs2000.typepad.com,cbc.ca,7.0,2.079442,False
angrybear.blogspot.com,cbc.ca,5.0,1.791759,False
blog.badtux.net,cbc.ca,11.0,2.484907,False
babbazeesbrain.blogspot.com,cbc.ca,16.0,2.833213,False
alterdestiny.blogspot.com,cbc.ca,65.0,4.189655,False
capitalfax.blogspot.com,cbsnews.com,38.0,3.663562,False
alternet.org,cbsnews.com,3.0,1.386294,False
alterdestiny.blogspot.com,cbsnews.com,4.0,1.609438,False
blog.badtux.net,cbsnews.com,26.0,3.295837,False
blogs.abcnews.com,cbsnews.com,2.0,1.098612,False
businessweek.com,cbsnews.com,4.0,1.609438,False
angrybear.blogspot.com,cbsnews.com,19.0,2.995732,False
blog.openitstrategies.com,cbsnews.com,3.0,1.386294,False
cajunboyinthecity.blogspot.com,cbsnews.com,7.0,2.079442,False
atlasshrugs2000.typepad.com,cbsnews.com,11.0,2.484907,False
althouse.blogspot.com,cbsnews.com,7.0,2.079442,False
buckmire.blogspot.com,cbsnews.com,7.0,2.079442,False
babbazeesbrain.blogspot.com,cbsnews.com,50.0,3.931826,False
blogs.wsj.com,cbsnews.com,5.0,1.791759,False
boston.com,cbsnews.com,4.0,1.609438,False
blog.wired.com,cbsnews.com,3.0,1.386294,False
amazon.com,cbsnews.com,2.0,1.098612,False
bloomberg.com,cbsnews.com,2.0,1.098612,False
abcnews.go.com,cdc.gov,4.0,1.609438,False
blog.badtux.net,cdc.gov,4.0,1.609438,False
cbsnews.com,cdc.gov,7.0,2.079442,False
bloomberg.com,cdc.gov,68.0,4.234107,False
blog.wired.com,cdc.gov,3.0,1.386294,False
boston.com,cdc.gov,38.0,3.663562,False
cbc.ca,cdc.gov,3.0,1.386294,False
capitalfax.blogspot.com,cdc.gov,84.0,4.442651,False
buckmire.blogspot.com,cdc.gov,13.0,2.639057,False
angrybear.blogspot.com,cdc.gov,2.0,1.098612,False
bbc.co.uk,cdc.gov,2.0,1.098612,False
breitbart.com,cdc.gov,7.0,2.079442,False
boston.com,chacha.com,12.0,2.564949,False
cdc.gov,chacha.com,166.0,5.117994,False
alternet.org,chacha.com,4.0,1.609438,False
abcnews.go.com,chacha.com,33.0,3.526361,False
blog.wired.com,chacha.com,11.0,2.484907,False
blogs.wsj.com,chacha.com,2.0,1.098612,False
bloomberg.com,chacha.com,4.0,1.609438,False
amazon.com,chacha.com,191.0,5.257495,False
cbc.ca,chacha.com,7.0,2.079442,False
apple.com,chacha.com,29.0,3.401197,False
bbc.co.uk,chacha.com,105.0,4.663439,False
blogs.abcnews.com,chacha.com,3.0,1.386294,False
cbsnews.com,chacha.com,9.0,2.302585,False
businessweek.com,chacha.com,5.0,1.791759,False
breitbart.com,chacha.com,2.0,1.098612,False
buckmire.blogspot.com,chicagotribune.com,11.0,2.484907,False
boston.com,chicagotribune.com,4.0,1.609438,False
chacha.com,chicagotribune.com,5.0,1.791759,False
alterdestiny.blogspot.com,chicagotribune.com,3.0,1.386294,False
blogs.abcnews.com,chicagotribune.com,38.0,3.663562,False
babbazeesbrain.blogspot.com,chicagotribune.com,18.0,2.944439,False
blogs.wsj.com,chicagotribune.com,4.0,1.609438,False
blog.badtux.net,chicagotribune.com,10.0,2.397895,False
blog.wired.com,chicagotribune.com,3.0,1.386294,False
althouse.blogspot.com,chicagotribune.com,12.0,2.564949,False
cbsnews.com,chicagotribune.com,4.0,1.609438,False
cajunboyinthecity.blogspot.com,chicagotribune.com,9.0,2.302585,False
angrybear.blogspot.com,chicagotribune.com,7.0,2.079442,False
blog.openitstrategies.com,chicagotribune.com,6.0,1.94591,False
capitalfax.blogspot.com,chicagotribune.com,1292.0,7.16472,False
atlasshrugs2000.typepad.com,chicagotribune.com,10.0,2.397895,False
amazon.com,chicagotribune.com,84.0,4.442651,False
blogger.com,chicagotribune.com,14.0,2.70805,False
buckmire.blogspot.com,chron.com,8.0,2.197225,False
babbazeesbrain.blogspot.com,chron.com,28.0,3.367296,False
capitalfax.blogspot.com,chron.com,17.0,2.890372,False
angrybear.blogspot.com,chron.com,8.0,2.197225,False
althouse.blogspot.com,chron.com,3.0,1.386294,False
alterdestiny.blogspot.com,chron.com,7.0,2.079442,False
cajunboyinthecity.blogspot.com,chron.com,4.0,1.609438,False
blog.badtux.net,chron.com,8.0,2.197225,False
chacha.com,chron.com,3.0,1.386294,False
blogs.wsj.com,chron.com,5.0,1.791759,False
abcnews.go.com,chron.com,2.0,1.098612,False
cdc.gov,chron.com,6.0,1.94591,False
atlasshrugs2000.typepad.com,cinie.wordpress.com,20.0,3.044522,False
chron.com,cinie.wordpress.com,6.0,1.94591,False
blogs.abcnews.com,cinie.wordpress.com,206.0,5.332719,False
alternet.org,cinie.wordpress.com,10.0,2.397895,False
bloomberg.com,cinie.wordpress.com,106.0,4.672829,False
abcnews.go.com,cinie.wordpress.com,137.0,4.927254,False
blog.wired.com,cinie.wordpress.com,9.0,2.302585,False
blogs.wsj.com,cinie.wordpress.com,38.0,3.663562,False
cbsnews.com,cinie.wordpress.com,130.0,4.875197,False
breitbart.com,cinie.wordpress.com,12.0,2.564949,False
boston.com,cinie.wordpress.com,96.0,4.574711,False
amazon.com,cinie.wordpress.com,9.0,2.302585,False
chicagotribune.com,cinie.wordpress.com,222.0,5.407172,False
businessweek.com,cinie.wordpress.com,72.0,4.290459,False
businessweek.com,circleof13.blogspot.com,4.0,1.609438,False
blog.wired.com,circleof13.blogspot.com,6.0,1.94591,False
4.bp.blogspot.com,circleof13.blogspot.com,36.0,3.610918,False
cdc.gov,circleof13.blogspot.com,2.0,1.098612,False
blogs.wsj.com,circleof13.blogspot.com,3.0,1.386294,False
bloomberg.com,circleof13.blogspot.com,14.0,2.70805,False
bbc.co.uk,circleof13.blogspot.com,4.0,1.609438,False
3.bp.blogspot.com,circleof13.blogspot.com,43.0,3.78419,False
boston.com,circleof13.blogspot.com,18.0,2.944439,False
amazon.com,circleof13.blogspot.com,10.0,2.397895,False
chron.com,circleof13.blogspot.com,2.0,1.098612,False
2.bp.blogspot.com,circleof13.blogspot.com,36.0,3.610918,False
cbsnews.com,circleof13.blogspot.com,4.0,1.609438,False
abcnews.go.com,circleof13.blogspot.com,4.0,1.609438,False
alternet.org,circleof13.blogspot.com,36.0,3.610918,False
1.bp.blogspot.com,circleof13.blogspot.com,36.0,3.610918,False
blogger.com,circleof13.blogspot.com,3297.0,8.101072,False
chicagotribune.com,circleof13.blogspot.com,8.0,2.197225,False
bbc.co.uk,classicalvalues.com,3.0,1.386294,False
chicagotribune.com,classicalvalues.com,10.0,2.397895,False
amazon.com,classicalvalues.com,195.0,5.278115,False
boston.com,classicalvalues.com,13.0,2.639057,False
alternet.org,classicalvalues.com,8.0,2.197225,False
blogs.wsj.com,classicalvalues.com,4.0,1.609438,False
althouse.blogspot.com,classicalvalues.com,63.0,4.158883,False
breitbart.com,classicalvalues.com,42.0,3.7612,False
cbsnews.com,classicalvalues.com,24.0,3.218876,False
blog.wired.com,classicalvalues.com,2.0,1.098612,False
cdc.gov,classicalvalues.com,3.0,1.386294,False
bloomberg.com,classicalvalues.com,11.0,2.484907,False
arstechnica.com,classicalvalues.com,4.0,1.609438,False
atlasshrugs2000.typepad.com,classicalvalues.com,2.0,1.098612,False
businessweek.com,classicalvalues.com,4.0,1.609438,False
blogger.com,classicalvalues.com,3.0,1.386294,False
abcnews.go.com,classicalvalues.com,28.0,3.367296,False
blogs.abcnews.com,classicalvalues.com,14.0,2.70805,False
chron.com,classicalvalues.com,10.0,2.397895,False
chacha.com,cnn.com,134.0,4.905275,False
blog.wired.com,cnn.com,18.0,2.944439,False
atlasshrugs2000.typepad.com,cnn.com,7.0,2.079442,False
breitbart.com,cnn.com,2.0,1.098612,False
angrybear.blogspot.com,cnn.com,123.0,4.820282,False
blog.badtux.net,cnn.com,70.0,4.26268,False
alterdestiny.blogspot.com,cnn.com,188.0,5.241747,False
capitalfax.blogspot.com,cnn.com,43.0,3.78419,False
blog.openitstrategies.com,cnn.com,7.0,2.079442,False
buckmire.blogspot.com,cnn.com,52.0,3.970292,False
amazon.com,cnn.com,31.0,3.465736,False
althouse.blogspot.com,cnn.com,47.0,3.871201,False
cinie.wordpress.com,cnn.com,234.0,5.459586,False
classicalvalues.com,cnn.com,55.0,4.025352,False
babbazeesbrain.blogspot.com,cnn.com,85.0,4.454347,False
alternet.org,cnn.com,18.0,2.944439,False
boston.com,cnn.com,4.0,1.609438,False
circleof13.blogspot.com,cnn.com,11.0,2.484907,False
cajunboyinthecity.blogspot.com,cnn.com,30.0,3.433987,False
blogs.zdnet.com,cnn.com,3.0,1.386294,False
blogs.abcnews.com,cnn.com,4.0,1.609438,False
cbsnews.com,cnn.com,2.0,1.098612,False
chicagotribune.com,cnn.com,6.0,1.94591,False
cdc.gov,cnn.com,92.0,4.532599,False
classicalvalues.com,commondreams.org,6.0,1.94591,False
blog.badtux.net,commondreams.org,14.0,2.70805,False
atlasshrugs2000.typepad.com,commondreams.org,2.0,1.098612,False
babbazeesbrain.blogspot.com,commondreams.org,5.0,1.791759,False
angrybear.blogspot.com,commondreams.org,13.0,2.639057,False
cinie.wordpress.com,commondreams.org,4.0,1.609438,False
alterdestiny.blogspot.com,commondreams.org,6.0,1.94591,False
circleof13.blogspot.com,commondreams.org,19.0,2.995732,False
chacha.com,commondreams.org,3.0,1.386294,False
cnn.com,commondreams.org,9.0,2.302585,False
chicagotribune.com,commondreams.org,6.0,1.94591,False
blogs.abcnews.com,commondreams.org,2.0,1.098612,False
alternet.org,commondreams.org,3.0,1.386294,False
abcnews.go.com,commondreams.org,7.0,2.079442,False
cbsnews.com,commondreams.org,2.0,1.098612,False
amazon.com,commondreams.org,30.0,3.433987,False
blog.wired.com,commondreams.org,6.0,1.94591,False
boston.com,commondreams.org,5.0,1.791759,False
althouse.blogspot.com,concurringopinions.com,10.0,2.397895,False
boston.com,concurringopinions.com,72.0,4.290459,False
cbsnews.com,concurringopinions.com,9.0,2.302585,False
amazon.com,concurringopinions.com,471.0,6.156979,False
abcnews.go.com,concurringopinions.com,30.0,3.433987,False
blogs.zdnet.com,concurringopinions.com,10.0,2.397895,False
chicagotribune.com,concurringopinions.com,12.0,2.564949,False
alternet.org,concurringopinions.com,15.0,2.772589,False
blogs.wsj.com,concurringopinions.com,66.0,4.204693,False
breitbart.com,concurringopinions.com,3.0,1.386294,False
bloomberg.com,concurringopinions.com,8.0,2.197225,False
businessweek.com,concurringopinions.com,50.0,3.931826,False
cbc.ca,concurringopinions.com,3.0,1.386294,False
commondreams.org,concurringopinions.com,26.0,3.295837,False
blog.wired.com,concurringopinions.com,56.0,4.043051,False
apple.com,concurringopinions.com,10.0,2.397895,False
arstechnica.com,concurringopinions.com,27.0,3.332205,False
bbc.co.uk,concurringopinions.com,7.0,2.079442,False
chron.com,concurringopinions.com,7.0,2.079442,False
cnn.com,concurringopinions.com,52.0,3.970292,False
alterdestiny.blogspot.com,conservapedia.com,3.0,1.386294,False
amazon.com,conservapedia.com,255.0,5.545177,False
cnn.com,conservapedia.com,156.0,5.056246,False
bloomberg.com,conservapedia.com,7.0,2.079442,False
cbc.ca,conservapedia.com,2.0,1.098612,False
blogs.wsj.com,conservapedia.com,5.0,1.791759,False
commondreams.org,conservapedia.com,2.0,1.098612,False
bbc.co.uk,conservapedia.com,5.0,1.791759,False
blogs.abcnews.com,conservapedia.com,6.0,1.94591,False
cbsnews.com,conservapedia.com,29.0,3.401197,False
chicagotribune.com,conservapedia.com,6.0,1.94591,False
businessweek.com,conservapedia.com,3.0,1.386294,False
boston.com,conservapedia.com,190.0,5.252273,False
3.bp.blogspot.com,conservapedia.com,40.0,3.713572,False
cdc.gov,conservapedia.com,5.0,1.791759,False
alterdestiny.blogspot.com,corner.nationalreview.com,13.0,2.639057,False
classicalvalues.com,corner.nationalreview.com,22.0,3.135494,False
blogs.abcnews.com,corner.nationalreview.com,4.0,1.609438,False
babbazeesbrain.blogspot.com,corner.nationalreview.com,23.0,3.178054,False
concurringopinions.com,corner.nationalreview.com,12.0,2.564949,False
angrybear.blogspot.com,corner.nationalreview.com,105.0,4.663439,False
althouse.blogspot.com,corner.nationalreview.com,9.0,2.302585,False
capitalfax.blogspot.com,corner.nationalreview.com,18.0,2.944439,False
atlasshrugs2000.typepad.com,corner.nationalreview.com,8.0,2.197225,False
cinie.wordpress.com,corner.nationalreview.com,8.0,2.197225,False
bloomberg.com,corner.nationalreview.com,3.0,1.386294,False
boston.com,corner.nationalreview.com,2.0,1.098612,False
abcnews.go.com,corner.nationalreview.com,2.0,1.098612,False
cnn.com,corner.nationalreview.com,2.0,1.098612,False
cbsnews.com,corner.nationalreview.com,2.0,1.098612,False
chicagotribune.com,corner.nationalreview.com,3.0,1.386294,False
concurringopinions.com,crooksandliars.com,2.0,1.098612,False
classicalvalues.com,crooksandliars.com,4.0,1.609438,False
buckmire.blogspot.com,crooksandliars.com,4.0,1.609438,False
chron.com,crooksandliars.com,2.0,1.098612,False
circleof13.blogspot.com,crooksandliars.com,9.0,2.302585,False
alternet.org,crooksandliars.com,2.0,1.098612,False
capitalfax.blogspot.com,crooksandliars.com,2.0,1.098612,False
babbazeesbrain.blogspot.com,crooksandliars.com,2.0,1.098612,False
atlasshrugs2000.typepad.com,crooksandliars.com,3.0,1.386294,False
angrybear.blogspot.com,crooksandliars.com,8.0,2.197225,False
alterdestiny.blogspot.com,crooksandliars.com,7.0,2.079442,False
blog.badtux.net,crooksandliars.com,16.0,2.833213,False
cbsnews.com,crooksandliars.com,19.0,2.995732,False
blogs.wsj.com,crooksandliars.com,2.0,1.098612,False
blogs.abcnews.com,crooksandliars.com,4.0,1.609438,False
cnn.com,crooksandliars.com,4.0,1.609438,False
abcnews.go.com,crooksandliars.com,14.0,2.70805,False
bloomberg.com,crooksandliars.com,5.0,1.791759,False
boston.com,crooksandliars.com,2.0,1.098612,False
amazon.com,crooksandliars.com,15.0,2.772589,False
blogs.abcnews.com,cujo359.blogspot.com,11.0,2.484907,False
cbc.ca,cujo359.blogspot.com,10.0,2.397895,False
chron.com,cujo359.blogspot.com,3.0,1.386294,False
businessweek.com,cujo359.blogspot.com,4.0,1.609438,False
cbsnews.com,cujo359.blogspot.com,10.0,2.397895,False
cnn.com,cujo359.blogspot.com,22.0,3.135494,False
crooksandliars.com,cujo359.blogspot.com,22.0,3.135494,False
alternet.org,cujo359.blogspot.com,8.0,2.197225,False
2.bp.blogspot.com,cujo359.blogspot.com,116.0,4.762174,False
boston.com,cujo359.blogspot.com,9.0,2.302585,False
amazon.com,cujo359.blogspot.com,8.0,2.197225,False
bloomberg.com,cujo359.blogspot.com,21.0,3.091042,False
3.bp.blogspot.com,cujo359.blogspot.com,301.0,5.710427,False
corner.nationalreview.com,cujo359.blogspot.com,7.0,2.079442,False
commondreams.org,cujo359.blogspot.com,3.0,1.386294,False
blogs.wsj.com,cujo359.blogspot.com,3.0,1.386294,False
blog.wired.com,cujo359.blogspot.com,5.0,1.791759,False
4.bp.blogspot.com,cujo359.blogspot.com,153.0,5.036953,False
blogger.com,cujo359.blogspot.com,1762.0,7.474772,False
arstechnica.com,cujo359.blogspot.com,2.0,1.098612,False
abcnews.go.com,cujo359.blogspot.com,4.0,1.609438,False
apple.com,cujo359.blogspot.com,2.0,1.098612,False
1.bp.blogspot.com,cujo359.blogspot.com,207.0,5.337538,False
chicagotribune.com,cujo359.blogspot.com,13.0,2.639057,False
crooksandliars.com,d-day.blogspot.com,51.0,3.951244,False
chron.com,d-day.blogspot.com,19.0,2.995732,False
chicagotribune.com,d-day.blogspot.com,16.0,2.833213,False
businessweek.com,d-day.blogspot.com,3.0,1.386294,False
bloomberg.com,d-day.blogspot.com,64.0,4.174387,False
blogs.abcnews.com,d-day.blogspot.com,75.0,4.330733,False
boston.com,d-day.blogspot.com,66.0,4.204693,False
blogs.wsj.com,d-day.blogspot.com,22.0,3.135494,False
alternet.org,d-day.blogspot.com,27.0,3.332205,False
blog.wired.com,d-day.blogspot.com,22.0,3.135494,False
cbc.ca,d-day.blogspot.com,4.0,1.609438,False
breitbart.com,d-day.blogspot.com,10.0,2.397895,False
commondreams.org,d-day.blogspot.com,14.0,2.70805,False
cbsnews.com,d-day.blogspot.com,70.0,4.26268,False
cnn.com,d-day.blogspot.com,175.0,5.170484,False
conservapedia.com,d-day.blogspot.com,3.0,1.386294,False
amazon.com,d-day.blogspot.com,22.0,3.135494,False
corner.nationalreview.com,d-day.blogspot.com,17.0,2.890372,False
abcnews.go.com,d-day.blogspot.com,99.0,4.60517,False
classicalvalues.com,dailykos.com,20.0,3.044522,False
babbazeesbrain.blogspot.com,dailykos.com,2.0,1.098612,False
capitalfax.blogspot.com,dailykos.com,37.0,3.637586,False
althouse.blogspot.com,dailykos.com,10.0,2.397895,False
cujo359.blogspot.com,dailykos.com,9.0,2.302585,False
concurringopinions.com,dailykos.com,2.0,1.098612,False
angrybear.blogspot.com,dailykos.com,8.0,2.197225,False
d-day.blogspot.com,dailykos.com,396.0,5.983936,False
alterdestiny.blogspot.com,dailykos.com,45.0,3.828641,False
buckmire.blogspot.com,dailykos.com,107.0,4.682131,False
atlasshrugs2000.typepad.com,dailykos.com,14.0,2.70805,False
cinie.wordpress.com,dailykos.com,17.0,2.890372,False
blog.badtux.net,dailykos.com,19.0,2.995732,False
crooksandliars.com,dailykos.com,5.0,1.791759,False
cajunboyinthecity.blogspot.com,dailykos.com,2.0,1.098612,False
commondreams.org,dailykos.com,3.0,1.386294,False
cdc.gov,dailykos.com,15.0,2.772589,False
abcnews.go.com,dailykos.com,6.0,1.94591,False
chron.com,dailykos.com,2.0,1.098612,False
corner.nationalreview.com,dailykos.com,2.0,1.098612,False
amazon.com,dailykos.com,15.0,2.772589,False
cbsnews.com,dailykos.com,5.0,1.791759,False
cnn.com,dailykos.com,17.0,2.890372,False
boston.com,dailykos.com,2.0,1.098612,False
cajunboyinthecity.blogspot.com,dailymail.co.uk,8.0,2.197225,False
blog.wired.com,dailymail.co.uk,3.0,1.386294,False
concurringopinions.com,dailymail.co.uk,3.0,1.386294,False
atlasshrugs2000.typepad.com,dailymail.co.uk,23.0,3.178054,False
babbazeesbrain.blogspot.com,dailymail.co.uk,58.0,4.077537,False
d-day.blogspot.com,dailymail.co.uk,2.0,1.098612,False
bbc.co.uk,dailymail.co.uk,6.0,1.94591,False
crooksandliars.com,dailymail.co.uk,2.0,1.098612,False
dailykos.com,dailymail.co.uk,2.0,1.098612,False
circleof13.blogspot.com,dailymail.co.uk,15.0,2.772589,False
chacha.com,dailymail.co.uk,17.0,2.890372,False
conservapedia.com,dailymail.co.uk,5.0,1.791759,False
alternet.org,dailymail.co.uk,3.0,1.386294,False
althouse.blogspot.com,dailymail.co.uk,7.0,2.079442,False
classicalvalues.com,dailymail.co.uk,14.0,2.70805,False
cujo359.blogspot.com,dailymail.co.uk,2.0,1.098612,False
1.bp.blogspot.com,danceswithanxiety.blogspot.com,141.0,4.955827,False
corner.nationalreview.com,danceswithanxiety.blogspot.com,4.0,1.609438,False
boston.com,danceswithanxiety.blogspot.com,6.0,1.94591,False
4.bp.blogspot.com,danceswithanxiety.blogspot.com,160.0,5.081404,False
alternet.org,danceswithanxiety.blogspot.com,2.0,1.098612,False
dailykos.com,danceswithanxiety.blogspot.com,23.0,3.178054,False
chicagotribune.com,danceswithanxiety.blogspot.com,6.0,1.94591,False
cbsnews.com,danceswithanxiety.blogspot.com,8.0,2.197225,False
apple.com,danceswithanxiety.blogspot.com,3.0,1.386294,False
bbc.co.uk,danceswithanxiety.blogspot.com,3.0,1.386294,False
conservapedia.com,danceswithanxiety.blogspot.com,6.0,1.94591,False
chron.com,danceswithanxiety.blogspot.com,2.0,1.098612,False
businessweek.com,danceswithanxiety.blogspot.com,2.0,1.098612,False
amazon.com,danceswithanxiety.blogspot.com,76.0,4.343805,False
breitbart.com,danceswithanxiety.blogspot.com,3.0,1.386294,False
2.bp.blogspot.com,danceswithanxiety.blogspot.com,157.0,5.062595,False
crooksandliars.com,danceswithanxiety.blogspot.com,17.0,2.890372,False
cnn.com,danceswithanxiety.blogspot.com,151.0,5.023881,False
blogger.com,danceswithanxiety.blogspot.com,5351.0,8.585226,False
blog.wired.com,danceswithanxiety.blogspot.com,11.0,2.484907,False
bloomberg.com,danceswithanxiety.blogspot.com,7.0,2.079442,False
3.bp.blogspot.com,danceswithanxiety.blogspot.com,161.0,5.087596,False
dailymail.co.uk,danceswithanxiety.blogspot.com,5.0,1.791759,False
blogs.abcnews.com,danceswithanxiety.blogspot.com,4.0,1.609438,False
abcnews.go.com,danceswithanxiety.blogspot.com,17.0,2.890372,False
cajunboyinthecity.blogspot.com,deadspin.com,78.0,4.369448,False
blogs.wsj.com,deadspin.com,2.0,1.098612,False
cnn.com,deadspin.com,16.0,2.833213,False
boston.com,deadspin.com,27.0,3.332205,False
chicagotribune.com,deadspin.com,18.0,2.944439,False
bloomberg.com,deadspin.com,4.0,1.609438,False
1.bp.blogspot.com,deadspin.com,14.0,2.70805,False
abcnews.go.com,deadspin.com,2.0,1.098612,False
cbsnews.com,deadspin.com,3.0,1.386294,False
amazon.com,deadspin.com,25.0,3.258097,False
chron.com,deadspin.com,6.0,1.94591,False
capitalfax.blogspot.com,del.icio.us,10.0,2.397895,False
concurringopinions.com,digg.com,4.0,1.609438,False
capitalfax.blogspot.com,digg.com,18.0,2.944439,False
buckmire.blogspot.com,digg.com,4.0,1.609438,False
blog.wired.com,digg.com,3.0,1.386294,False
chacha.com,digg.com,18.0,2.944439,False
cbsnews.com,digitalspy.co.uk,13.0,2.639057,False
bloomberg.com,digitalspy.co.uk,6.0,1.94591,False
bbc.co.uk,digitalspy.co.uk,1327.0,7.191429,False
chicagotribune.com,digitalspy.co.uk,3.0,1.386294,False
alternet.org,digitalspy.co.uk,4.0,1.609438,False
cnn.com,digitalspy.co.uk,6.0,1.94591,False
3.bp.blogspot.com,digitalspy.co.uk,14.0,2.70805,False
apple.com,digitalspy.co.uk,108.0,4.691348,False
1.bp.blogspot.com,digitalspy.co.uk,39.0,3.688879,False
deadspin.com,digitalspy.co.uk,4.0,1.609438,False
dailymail.co.uk,digitalspy.co.uk,1265.0,7.143618,False
breitbart.com,digitalspy.co.uk,5.0,1.791759,False
4.bp.blogspot.com,digitalspy.co.uk,66.0,4.204693,False
amazon.com,digitalspy.co.uk,30.0,3.433987,False
businessweek.com,digitalspy.co.uk,8.0,2.197225,False
arstechnica.com,digitalspy.co.uk,18.0,2.944439,False
boston.com,digitalspy.co.uk,6.0,1.94591,False
2.bp.blogspot.com,digitalspy.co.uk,171.0,5.147494,False
blogs.zdnet.com,digitalspy.co.uk,2.0,1.098612,False
2.bp.blogspot.com,djtechnocrat.blogspot.com,5.0,1.791759,False
blogger.com,djtechnocrat.blogspot.com,9243.0,9.13173,False
dailymail.co.uk,djtechnocrat.blogspot.com,15.0,2.772589,False
alternet.org,djtechnocrat.blogspot.com,2.0,1.098612,False
arstechnica.com,djtechnocrat.blogspot.com,69.0,4.248495,False
cbc.ca,djtechnocrat.blogspot.com,11.0,2.484907,False
boston.com,djtechnocrat.blogspot.com,13.0,2.639057,False
blogs.abcnews.com,djtechnocrat.blogspot.com,7.0,2.079442,False
4.bp.blogspot.com,djtechnocrat.blogspot.com,11.0,2.484907,False
chron.com,djtechnocrat.blogspot.com,16.0,2.833213,False
breitbart.com,djtechnocrat.blogspot.com,7.0,2.079442,False
abcnews.go.com,djtechnocrat.blogspot.com,29.0,3.401197,False
apple.com,djtechnocrat.blogspot.com,26.0,3.295837,False
digg.com,djtechnocrat.blogspot.com,6.0,1.94591,False
bloomberg.com,djtechnocrat.blogspot.com,26.0,3.295837,False
3.bp.blogspot.com,djtechnocrat.blogspot.com,8.0,2.197225,False
blog.wired.com,djtechnocrat.blogspot.com,188.0,5.241747,False
chicagotribune.com,djtechnocrat.blogspot.com,6.0,1.94591,False
bbc.co.uk,djtechnocrat.blogspot.com,6.0,1.94591,False
1.bp.blogspot.com,djtechnocrat.blogspot.com,6.0,1.94591,False
amazon.com,djtechnocrat.blogspot.com,15.0,2.772589,False
cnn.com,djtechnocrat.blogspot.com,19.0,2.995732,False
blogs.zdnet.com,djtechnocrat.blogspot.com,88.0,4.488636,False
cdc.gov,djtechnocrat.blogspot.com,12.0,2.564949,False
cbsnews.com,djtechnocrat.blogspot.com,17.0,2.890372,False
businessweek.com,djtechnocrat.blogspot.com,14.0,2.70805,False
d-day.blogspot.com,downwithtyranny.blogspot.com,32.0,3.496508,False
capitalfax.blogspot.com,downwithtyranny.blogspot.com,2.0,1.098612,False
crooksandliars.com,downwithtyranny.blogspot.com,134.0,4.905275,False
cujo359.blogspot.com,downwithtyranny.blogspot.com,8.0,2.197225,False
commondreams.org,downwithtyranny.blogspot.com,7.0,2.079442,False
bloomberg.com,downwithtyranny.blogspot.com,41.0,3.73767,False
dailykos.com,downwithtyranny.blogspot.com,142.0,4.962845,False
amazon.com,downwithtyranny.blogspot.com,37.0,3.637586,False
chron.com,downwithtyranny.blogspot.com,21.0,3.091042,False
blog.wired.com,downwithtyranny.blogspot.com,6.0,1.94591,False
businessweek.com,downwithtyranny.blogspot.com,3.0,1.386294,False
blogs.wsj.com,downwithtyranny.blogspot.com,15.0,2.772589,False
2.bp.blogspot.com,downwithtyranny.blogspot.com,7.0,2.079442,False
3.bp.blogspot.com,downwithtyranny.blogspot.com,2.0,1.098612,False
corner.nationalreview.com,downwithtyranny.blogspot.com,22.0,3.135494,False
blogs.abcnews.com,downwithtyranny.blogspot.com,32.0,3.496508,False
cbsnews.com,downwithtyranny.blogspot.com,55.0,4.025352,False
4.bp.blogspot.com,downwithtyranny.blogspot.com,3.0,1.386294,False
1.bp.blogspot.com,downwithtyranny.blogspot.com,6.0,1.94591,False
alternet.org,downwithtyranny.blogspot.com,34.0,3.555348,False
arstechnica.com,downwithtyranny.blogspot.com,2.0,1.098612,False
abcnews.go.com,downwithtyranny.blogspot.com,69.0,4.248495,False
chicagotribune.com,downwithtyranny.blogspot.com,20.0,3.044522,False
cnn.com,downwithtyranny.blogspot.com,133.0,4.89784,False
boston.com,downwithtyranny.blogspot.com,60.0,4.110874,False
apple.com,downwithtyranny.blogspot.com,3.0,1.386294,False
blogger.com,downwithtyranny.blogspot.com,11.0,2.484907,False
breitbart.com,downwithtyranny.blogspot.com,12.0,2.564949,False
crooksandliars.com,dumpbachmann.blogspot.com,14.0,2.70805,False
dailykos.com,dumpbachmann.blogspot.com,43.0,3.78419,False
conservapedia.com,dumpbachmann.blogspot.com,5.0,1.791759,False
commondreams.org,dumpbachmann.blogspot.com,3.0,1.386294,False
4.bp.blogspot.com,dumpbachmann.blogspot.com,52.0,3.970292,False
businessweek.com,dumpbachmann.blogspot.com,2.0,1.098612,False
3.bp.blogspot.com,dumpbachmann.blogspot.com,55.0,4.025352,False
1.bp.blogspot.com,dumpbachmann.blogspot.com,49.0,3.912023,False
atlasshrugs2000.typepad.com,dumpbachmann.blogspot.com,2.0,1.098612,False
alternet.org,dumpbachmann.blogspot.com,5.0,1.791759,False
cbsnews.com,dumpbachmann.blogspot.com,10.0,2.397895,False
abcnews.go.com,dumpbachmann.blogspot.com,8.0,2.197225,False
downwithtyranny.blogspot.com,dumpbachmann.blogspot.com,7.0,2.079442,False
2.bp.blogspot.com,dumpbachmann.blogspot.com,38.0,3.663562,False
blogger.com,dumpbachmann.blogspot.com,13910.0,9.540435,False
chicagotribune.com,dumpbachmann.blogspot.com,2.0,1.098612,False
chron.com,dumpbachmann.blogspot.com,2.0,1.098612,False
blogs.abcnews.com,dumpbachmann.blogspot.com,2.0,1.098612,False
bloomberg.com,dumpbachmann.blogspot.com,3.0,1.386294,False
cnn.com,dumpbachmann.blogspot.com,12.0,2.564949,False
amazon.com,dumpbachmann.blogspot.com,6.0,1.94591,False
dailykos.com,economist.com,2.0,1.098612,False
classicalvalues.com,economist.com,3.0,1.386294,False
bbc.co.uk,economist.com,2.0,1.098612,False
corner.nationalreview.com,economist.com,3.0,1.386294,False
downwithtyranny.blogspot.com,economist.com,5.0,1.791759,False
concurringopinions.com,economist.com,47.0,3.871201,False
circleof13.blogspot.com,economist.com,6.0,1.94591,False
capitalfax.blogspot.com,economist.com,5.0,1.791759,False
alterdestiny.blogspot.com,economist.com,3.0,1.386294,False
angrybear.blogspot.com,economist.com,28.0,3.367296,False
babbazeesbrain.blogspot.com,economist.com,14.0,2.70805,False
blog.openitstrategies.com,economist.com,3.0,1.386294,False
cajunboyinthecity.blogspot.com,economist.com,5.0,1.791759,False
djtechnocrat.blogspot.com,economist.com,3.0,1.386294,False
boston.com,economist.com,5.0,1.791759,False
althouse.blogspot.com,economist.com,2.0,1.098612,False
d-day.blogspot.com,economist.com,2.0,1.098612,False
businessweek.com,economist.com,2.0,1.098612,False
blogs.zdnet.com,economist.com,2.0,1.098612,False
cujo359.blogspot.com,economist.com,2.0,1.098612,False
amazon.com,economist.com,8.0,2.197225,False
cnn.com,economist.com,2.0,1.098612,False
bloomberg.com,economist.com,4.0,1.609438,False
blogs.wsj.com,economist.com,2.0,1.098612,False
d-day.blogspot.com,edition.cnn.com,10.0,2.397895,False
djtechnocrat.blogspot.com,edition.cnn.com,7.0,2.079442,False
capitalfax.blogspot.com,edition.cnn.com,5.0,1.791759,False
cnn.com,edition.cnn.com,1797.0,7.49443,False
babbazeesbrain.blogspot.com,edition.cnn.com,79.0,4.382027,False
conservapedia.com,edition.cnn.com,8.0,2.197225,False
danceswithanxiety.blogspot.com,edition.cnn.com,4.0,1.609438,False
alterdestiny.blogspot.com,edition.cnn.com,5.0,1.791759,False
althouse.blogspot.com,edition.cnn.com,4.0,1.609438,False
digitalspy.co.uk,edition.cnn.com,19.0,2.995732,False
cinie.wordpress.com,edition.cnn.com,12.0,2.564949,False
circleof13.blogspot.com,edition.cnn.com,4.0,1.609438,False
concurringopinions.com,edition.cnn.com,2.0,1.098612,False
cujo359.blogspot.com,edition.cnn.com,2.0,1.098612,False
blog.badtux.net,edition.cnn.com,8.0,2.197225,False
classicalvalues.com,edition.cnn.com,8.0,2.197225,False
angrybear.blogspot.com,edition.cnn.com,6.0,1.94591,False
downwithtyranny.blogspot.com,edition.cnn.com,5.0,1.791759,False
atlasshrugs2000.typepad.com,edition.cnn.com,4.0,1.609438,False
buckmire.blogspot.com,edition.cnn.com,5.0,1.791759,False
chacha.com,edition.cnn.com,11.0,2.484907,False
cdc.gov,edition.cnn.com,10.0,2.397895,False
amazon.com,edition.cnn.com,8.0,2.197225,False
conservapedia.com,en.wikipedia.org,614.0,6.421622,False
deadspin.com,en.wikipedia.org,25.0,3.258097,False
danceswithanxiety.blogspot.com,en.wikipedia.org,913.0,6.817831,False
bloomberg.com,en.wikipedia.org,8.0,2.197225,False
cbc.ca,en.wikipedia.org,14.0,2.70805,False
circleof13.blogspot.com,en.wikipedia.org,291.0,5.676754,False
digg.com,en.wikipedia.org,27.0,3.332205,False
chacha.com,en.wikipedia.org,578.0,6.361302,False
blogs.zdnet.com,en.wikipedia.org,104.0,4.65396,False
angrybear.blogspot.com,en.wikipedia.org,168.0,5.129899,False
cujo359.blogspot.com,en.wikipedia.org,413.0,6.025866,False
dailymail.co.uk,en.wikipedia.org,12.0,2.564949,False
cinie.wordpress.com,en.wikipedia.org,417.0,6.035481,False
arstechnica.com,en.wikipedia.org,11.0,2.484907,False
cnn.com,en.wikipedia.org,2.0,1.098612,False
atlasshrugs2000.typepad.com,en.wikipedia.org,169.0,5.135798,False
bbc.co.uk,en.wikipedia.org,59.0,4.094345,False
corner.nationalreview.com,en.wikipedia.org,10.0,2.397895,False
blogs.wsj.com,en.wikipedia.org,5.0,1.791759,False
alterdestiny.blogspot.com,en.wikipedia.org,158.0,5.068904,False
blog.badtux.net,en.wikipedia.org,216.0,5.379897,False
althouse.blogspot.com,en.wikipedia.org,122.0,4.812184,False
dailykos.com,en.wikipedia.org,54.0,4.007333,False
alternet.org,en.wikipedia.org,36.0,3.610918,False
boston.com,en.wikipedia.org,7.0,2.079442,False
crooksandliars.com,en.wikipedia.org,82.0,4.418841,False
economist.com,en.wikipedia.org,7.0,2.079442,False
blog.openitstrategies.com,en.wikipedia.org,233.0,5.455321,False
downwithtyranny.blogspot.com,en.wikipedia.org,99.0,4.60517,False
cajunboyinthecity.blogspot.com,en.wikipedia.org,122.0,4.812184,False
chron.com,en.wikipedia.org,5.0,1.791759,False
cbsnews.com,en.wikipedia.org,11.0,2.484907,False
businessweek.com,en.wikipedia.org,25.0,3.258097,False
amazon.com,en.wikipedia.org,1947.0,7.574558,False
capitalfax.blogspot.com,en.wikipedia.org,129.0,4.867534,False
d-day.blogspot.com,en.wikipedia.org,85.0,4.454347,False
digitalspy.co.uk,en.wikipedia.org,1135.0,7.035269,False
djtechnocrat.blogspot.com,en.wikipedia.org,794.0,6.678342,False
commondreams.org,en.wikipedia.org,11.0,2.484907,False
blog.wired.com,en.wikipedia.org,749.0,6.620073,False
babbazeesbrain.blogspot.com,en.wikipedia.org,738.0,6.605298,False
buckmire.blogspot.com,en.wikipedia.org,210.0,5.351858,False
dumpbachmann.blogspot.com,en.wikipedia.org,86.0,4.465908,False
concurringopinions.com,en.wikipedia.org,521.0,6.257668,False
classicalvalues.com,en.wikipedia.org,481.0,6.177944,False
djtechnocrat.blogspot.com,engadget.com,65.0,4.189655,False
chacha.com,engadget.com,5.0,1.791759,False
digitalspy.co.uk,engadget.com,2.0,1.098612,False
blog.wired.com,engadget.com,7.0,2.079442,False
blog.badtux.net,engadget.com,2.0,1.098612,False
blog.openitstrategies.com,engadget.com,29.0,3.401197,False
amazon.com,engadget.com,28.0,3.367296,False
arstechnica.com,engadget.com,4.0,1.609438,False
blogs.zdnet.com,engadget.com,4.0,1.609438,False
en.wikipedia.org,engadget.com,2.0,1.098612,False
chacha.com,eonline.com,20.0,3.044522,False
chicagotribune.com,eonline.com,4.0,1.609438,False
digitalspy.co.uk,eonline.com,6.0,1.94591,False
classicalvalues.com,eonline.com,2.0,1.098612,False
blog.wired.com,eonline.com,4.0,1.609438,False
blog.badtux.net,eonline.com,2.0,1.098612,False
buckmire.blogspot.com,eonline.com,5.0,1.791759,False
abcnews.go.com,eonline.com,3.0,1.386294,False
commondreams.org,evolvehappy.com,12.0,2.564949,False
businessweek.com,evolvehappy.com,4.0,1.609438,False
2.bp.blogspot.com,evolvehappy.com,39.0,3.688879,False
boston.com,evolvehappy.com,20.0,3.044522,False
dailymail.co.uk,evolvehappy.com,19.0,2.995732,False
economist.com,evolvehappy.com,8.0,2.197225,False
cbsnews.com,evolvehappy.com,14.0,2.70805,False
engadget.com,evolvehappy.com,4.0,1.609438,False
3.bp.blogspot.com,evolvehappy.com,44.0,3.806662,False
blog.wired.com,evolvehappy.com,31.0,3.465736,False
4.bp.blogspot.com,evolvehappy.com,99.0,4.60517,False
abcnews.go.com,evolvehappy.com,10.0,2.397895,False
en.wikipedia.org,evolvehappy.com,928.0,6.834109,False
chicagotribune.com,evolvehappy.com,8.0,2.197225,False
edition.cnn.com,evolvehappy.com,15.0,2.772589,False
cnn.com,evolvehappy.com,24.0,3.218876,False
amazon.com,evolvehappy.com,106.0,4.672829,False
breitbart.com,evolvehappy.com,5.0,1.791759,False
alternet.org,evolvehappy.com,16.0,2.833213,False
bbc.co.uk,evolvehappy.com,39.0,3.688879,False
apple.com,evolvehappy.com,9.0,2.302585,False
blogger.com,evolvehappy.com,9736.0,9.183688,False
1.bp.blogspot.com,evolvehappy.com,50.0,3.931826,False
crooksandliars.com,evolvehappy.com,5.0,1.791759,False
capitalfax.blogspot.com,examiner.com,8.0,2.197225,False
circleof13.blogspot.com,examiner.com,21.0,3.091042,False
deadspin.com,examiner.com,11.0,2.484907,False
downwithtyranny.blogspot.com,examiner.com,8.0,2.197225,False
chacha.com,examiner.com,4.0,1.609438,False
arstechnica.com,examiner.com,2.0,1.098612,False
digitalspy.co.uk,examiner.com,22.0,3.135494,False
alterdestiny.blogspot.com,examiner.com,2.0,1.098612,False
classicalvalues.com,examiner.com,18.0,2.944439,False
cinie.wordpress.com,examiner.com,16.0,2.833213,False
atlasshrugs2000.typepad.com,examiner.com,6.0,1.94591,False
buckmire.blogspot.com,examiner.com,2.0,1.098612,False
d-day.blogspot.com,examiner.com,4.0,1.609438,False
angrybear.blogspot.com,examiner.com,3.0,1.386294,False
concurringopinions.com,examiner.com,2.0,1.098612,False
dumpbachmann.blogspot.com,examiner.com,3.0,1.386294,False
babbazeesbrain.blogspot.com,examiner.com,28.0,3.367296,False
blog.wired.com,examiner.com,3.0,1.386294,False
cdc.gov,examiner.com,11.0,2.484907,False
dailymail.co.uk,examiner.com,2.0,1.098612,False
cnn.com,examiner.com,9.0,2.302585,False
en.wikipedia.org,examiner.com,195.0,5.278115,False
abcnews.go.com,examiner.com,3.0,1.386294,False
cbsnews.com,examiner.com,5.0,1.791759,False
chicagotribune.com,examiner.com,8.0,2.197225,False
cbc.ca,examiner.com,2.0,1.098612,False
businessweek.com,examiner.com,2.0,1.098612,False
boston.com,examiner.com,3.0,1.386294,False
amazon.com,examiner.com,86.0,4.465908,False
bloomberg.com,examiner.com,2.0,1.098612,False
corner.nationalreview.com,examiner.com,3.0,1.386294,False
economist.com,examiner.com,3.0,1.386294,False
apple.com,examiner.com,8.0,2.197225,False
commondreams.org,examiner.com,3.0,1.386294,False
blogs.abcnews.com,examiner.com,2.0,1.098612,False
alterdestiny.blogspot.com,facebook.com,3.0,1.386294,False
boston.com,facebook.com,6.0,1.94591,False
d-day.blogspot.com,facebook.com,5.0,1.791759,False
bbc.co.uk,facebook.com,10.0,2.397895,False
deadspin.com,facebook.com,13.0,2.639057,False
blog.openitstrategies.com,facebook.com,10.0,2.397895,False
edition.cnn.com,facebook.com,13.0,2.639057,False
businessweek.com,facebook.com,9.0,2.302585,False
blogs.zdnet.com,facebook.com,12.0,2.564949,False
danceswithanxiety.blogspot.com,facebook.com,6.0,1.94591,False
chacha.com,facebook.com,38.0,3.663562,False
dumpbachmann.blogspot.com,facebook.com,7.0,2.079442,False
cnn.com,facebook.com,35.0,3.583519,False
cbsnews.com,facebook.com,6.0,1.94591,False
cajunboyinthecity.blogspot.com,facebook.com,28.0,3.367296,False
digitalspy.co.uk,facebook.com,132.0,4.890349,False
downwithtyranny.blogspot.com,facebook.com,2.0,1.098612,False
djtechnocrat.blogspot.com,facebook.com,13.0,2.639057,False
examiner.com,facebook.com,7.0,2.079442,False
circleof13.blogspot.com,facebook.com,6.0,1.94591,False
evolvehappy.com,facebook.com,4.0,1.609438,False
capitalfax.blogspot.com,facebook.com,10.0,2.397895,False
concurringopinions.com,facebook.com,2.0,1.098612,False
althouse.blogspot.com,facebook.com,2.0,1.098612,False
cinie.wordpress.com,facebook.com,5.0,1.791759,False
buckmire.blogspot.com,facebook.com,5.0,1.791759,False
breitbart.com,facebook.com,3.0,1.386294,False
angrybear.blogspot.com,feedproxy.google.com,5.0,1.791759,False
babbazeesbrain.blogspot.com,feedproxy.google.com,2.0,1.098612,False
d-day.blogspot.com,feedproxy.google.com,64.0,4.174387,False
blog.openitstrategies.com,feedproxy.google.com,2.0,1.098612,False
blogger.com,feedproxy.google.com,1031.0,6.939254,False
arstechnica.com,feedproxy.google.com,2.0,1.098612,False
businessweek.com,feedproxy.google.com,3.0,1.386294,False
blog.wired.com,feedproxy.google.com,2.0,1.098612,False
bbc.co.uk,feedproxy.google.com,3.0,1.386294,False
facebook.com,feedproxy.google.com,29.0,3.401197,False
en.wikipedia.org,feedproxy.google.com,111.0,4.718499,False
del.icio.us,feedproxy.google.com,37.0,3.637586,False
3.bp.blogspot.com,feedproxy.google.com,79.0,4.382027,False
amazon.com,feedproxy.google.com,463.0,6.139885,False
4.bp.blogspot.com,feedproxy.google.com,99.0,4.60517,False
examiner.com,feedproxy.google.com,3.0,1.386294,False
apple.com,feedproxy.google.com,7.0,2.079442,False
abcnews.go.com,feedproxy.google.com,3.0,1.386294,False
blogs.zdnet.com,feedproxy.google.com,6.0,1.94591,False
boston.com,feedproxy.google.com,8.0,2.197225,False
2.bp.blogspot.com,feedproxy.google.com,102.0,4.634729,False
chron.com,feedproxy.google.com,2.0,1.098612,False
1.bp.blogspot.com,feedproxy.google.com,92.0,4.532599,False
alternet.org,feedproxy.google.com,3.0,1.386294,False
economist.com,feedproxy.google.com,2.0,1.098612,False
digg.com,feedproxy.google.com,33.0,3.526361,False
cbsnews.com,feedproxy.google.com,3.0,1.386294,False
eonline.com,feeds.gawker.com,22.0,3.135494,False
edition.cnn.com,feeds.gawker.com,2.0,1.098612,False
breitbart.com,feeds.gawker.com,9.0,2.302585,False
deadspin.com,feeds.gawker.com,36.0,3.610918,False
dailymail.co.uk,feeds.gawker.com,59.0,4.094345,False
blogs.zdnet.com,feeds.gawker.com,3.0,1.386294,False
economist.com,feeds.gawker.com,2.0,1.098612,False
blog.wired.com,feeds.gawker.com,11.0,2.484907,False
boston.com,feeds.gawker.com,9.0,2.302585,False
businessweek.com,feeds.gawker.com,3.0,1.386294,False
abcnews.go.com,feeds.gawker.com,7.0,2.079442,False
amazon.com,feeds.gawker.com,25.0,3.258097,False
corner.nationalreview.com,feeds.gawker.com,2.0,1.098612,False
en.wikipedia.org,feeds.gawker.com,53.0,3.988984,False
blogs.abcnews.com,feeds.gawker.com,3.0,1.386294,False
chron.com,feeds.gawker.com,2.0,1.098612,False
blogs.wsj.com,feeds.gawker.com,4.0,1.609438,False
engadget.com,feeds.gawker.com,20.0,3.044522,False
chicagotribune.com,feeds.gawker.com,3.0,1.386294,False
cnn.com,feeds.gawker.com,28.0,3.367296,False
apple.com,feeds.gawker.com,2.0,1.098612,False
arstechnica.com,feeds.gawker.com,15.0,2.772589,False
cbsnews.com,feeds.gawker.com,3.0,1.386294,False
facebook.com,feeds.gawker.com,8.0,2.197225,False
deadspin.com,feeds.gothamistllc.com,11.0,2.484907,False
en.wikipedia.org,feeds.gothamistllc.com,402.0,5.998937,False
economist.com,feeds.gothamistllc.com,2.0,1.098612,False
amazon.com,feeds.gothamistllc.com,193.0,5.267858,False
arstechnica.com,feeds.gothamistllc.com,3.0,1.386294,False
bbc.co.uk,feeds.gothamistllc.com,12.0,2.564949,False
cdc.gov,feeds.gothamistllc.com,31.0,3.465736,False
cnn.com,feeds.gothamistllc.com,36.0,3.610918,False
blogs.wsj.com,feeds.gothamistllc.com,7.0,2.079442,False
chron.com,feeds.gothamistllc.com,51.0,3.951244,False
chicagotribune.com,feeds.gothamistllc.com,161.0,5.087596,False
4.bp.blogspot.com,feeds.gothamistllc.com,3.0,1.386294,False
cbc.ca,feeds.gothamistllc.com,9.0,2.302585,False
abcnews.go.com,feeds.gothamistllc.com,25.0,3.258097,False
del.icio.us,feeds.gothamistllc.com,2633.0,7.876259,False
blog.wired.com,feeds.gothamistllc.com,82.0,4.418841,False
1.bp.blogspot.com,feeds.gothamistllc.com,2.0,1.098612,False
dailymail.co.uk,feeds.gothamistllc.com,12.0,2.564949,False
eonline.com,feeds.gothamistllc.com,5.0,1.791759,False
bloomberg.com,feeds.gothamistllc.com,33.0,3.526361,False
dailykos.com,feeds.gothamistllc.com,2.0,1.098612,False
businessweek.com,feeds.gothamistllc.com,2.0,1.098612,False
edition.cnn.com,feeds.gothamistllc.com,4.0,1.609438,False
cbsnews.com,feeds.gothamistllc.com,10.0,2.397895,False
digg.com,feeds.gothamistllc.com,3168.0,8.061171,False
engadget.com,feeds.gothamistllc.com,2.0,1.098612,False
examiner.com,feeds.gothamistllc.com,4.0,1.609438,False
facebook.com,feeds.gothamistllc.com,3235.0,8.082093,False
boston.com,feeds.gothamistllc.com,152.0,5.030438,False
blogs.abcnews.com,feeds.gothamistllc.com,2.0,1.098612,False
concurringopinions.com,finance.yahoo.com,3.0,1.386294,False
chacha.com,finance.yahoo.com,21.0,3.091042,False
cinie.wordpress.com,finance.yahoo.com,7.0,2.079442,False
djtechnocrat.blogspot.com,finance.yahoo.com,2.0,1.098612,False
blog.openitstrategies.com,finance.yahoo.com,46.0,3.850148,False
danceswithanxiety.blogspot.com,finance.yahoo.com,2.0,1.098612,False
arstechnica.com,finance.yahoo.com,2.0,1.098612,False
feedproxy.google.com,finance.yahoo.com,11.0,2.484907,False
blog.wired.com,finance.yahoo.com,3.0,1.386294,False
angrybear.blogspot.com,finance.yahoo.com,18.0,2.944439,False
cbsnews.com,finance.yahoo.com,2.0,1.098612,False
blogs.zdnet.com,finance.yahoo.com,62.0,4.143135,False
feeds.gawker.com,finance.yahoo.com,4.0,1.609438,False
d-day.blogspot.com,finance.yahoo.com,6.0,1.94591,False
breitbart.com,finance.yahoo.com,4.0,1.609438,False
businessweek.com,finance.yahoo.com,9.0,2.302585,False
buckmire.blogspot.com,finance.yahoo.com,2.0,1.098612,False
crooksandliars.com,firstread.msnbc.msn.com,2.0,1.098612,False
classicalvalues.com,firstread.msnbc.msn.com,5.0,1.791759,False
cinie.wordpress.com,firstread.msnbc.msn.com,76.0,4.343805,False
blogs.wsj.com,firstread.msnbc.msn.com,5.0,1.791759,False
d-day.blogspot.com,firstread.msnbc.msn.com,42.0,3.7612,False
capitalfax.blogspot.com,firstread.msnbc.msn.com,10.0,2.397895,False
danceswithanxiety.blogspot.com,firstread.msnbc.msn.com,4.0,1.609438,False
cujo359.blogspot.com,firstread.msnbc.msn.com,3.0,1.386294,False
downwithtyranny.blogspot.com,firstread.msnbc.msn.com,11.0,2.484907,False
babbazeesbrain.blogspot.com,firstread.msnbc.msn.com,11.0,2.484907,False
blog.badtux.net,firstread.msnbc.msn.com,3.0,1.386294,False
dumpbachmann.blogspot.com,firstread.msnbc.msn.com,2.0,1.098612,False
buckmire.blogspot.com,firstread.msnbc.msn.com,3.0,1.386294,False
blogs.abcnews.com,firstread.msnbc.msn.com,9.0,2.302585,False
examiner.com,firstread.msnbc.msn.com,3.0,1.386294,False
amazon.com,firstread.msnbc.msn.com,3.0,1.386294,False
chron.com,firstread.msnbc.msn.com,6.0,1.94591,False
corner.nationalreview.com,firstread.msnbc.msn.com,3.0,1.386294,False
boston.com,firstread.msnbc.msn.com,296.0,5.693732,False
breitbart.com,firstread.msnbc.msn.com,4.0,1.609438,False
bloomberg.com,firstread.msnbc.msn.com,38.0,3.663562,False
chicagotribune.com,firstread.msnbc.msn.com,16.0,2.833213,False
abcnews.go.com,firstread.msnbc.msn.com,4.0,1.609438,False
dailykos.com,firstread.msnbc.msn.com,9.0,2.302585,False
cbsnews.com,firstread.msnbc.msn.com,8.0,2.197225,False
cnn.com,firstread.msnbc.msn.com,6.0,1.94591,False
buckmire.blogspot.com,fivethirtyeight.com,11.0,2.484907,False
cajunboyinthecity.blogspot.com,fivethirtyeight.com,4.0,1.609438,False
d-day.blogspot.com,fivethirtyeight.com,41.0,3.73767,False
chron.com,fivethirtyeight.com,4.0,1.609438,False
danceswithanxiety.blogspot.com,fivethirtyeight.com,9.0,2.302585,False
capitalfax.blogspot.com,fivethirtyeight.com,3.0,1.386294,False
alterdestiny.blogspot.com,fivethirtyeight.com,5.0,1.791759,False
cujo359.blogspot.com,fivethirtyeight.com,5.0,1.791759,False
concurringopinions.com,fivethirtyeight.com,2.0,1.098612,False
angrybear.blogspot.com,fivethirtyeight.com,2.0,1.098612,False
downwithtyranny.blogspot.com,fivethirtyeight.com,8.0,2.197225,False
alternet.org,fivethirtyeight.com,10.0,2.397895,False
crooksandliars.com,fivethirtyeight.com,6.0,1.94591,False
en.wikipedia.org,fivethirtyeight.com,847.0,6.742881,False
firstread.msnbc.msn.com,fivethirtyeight.com,22.0,3.135494,False
economist.com,fivethirtyeight.com,2.0,1.098612,False
cnn.com,fivethirtyeight.com,73.0,4.304065,False
cbsnews.com,fivethirtyeight.com,31.0,3.465736,False
edition.cnn.com,fivethirtyeight.com,4.0,1.609438,False
boston.com,fivethirtyeight.com,3.0,1.386294,False
dailykos.com,fivethirtyeight.com,140.0,4.94876,False
blogger.com,fivethirtyeight.com,81.0,4.406719,False
cdc.gov,fivethirtyeight.com,6.0,1.94591,False
blogs.abcnews.com,fivethirtyeight.com,20.0,3.044522,False
breitbart.com,fivethirtyeight.com,8.0,2.197225,False
corner.nationalreview.com,fivethirtyeight.com,8.0,2.197225,False
blogs.wsj.com,fivethirtyeight.com,18.0,2.944439,False
abcnews.go.com,fivethirtyeight.com,26.0,3.295837,False
bloomberg.com,fivethirtyeight.com,11.0,2.484907,False
chicagotribune.com,fivethirtyeight.com,4.0,1.609438,False
amazon.com,fivethirtyeight.com,31.0,3.465736,False
blog.openitstrategies.com,flickr.com,9.0,2.302585,False
djtechnocrat.blogspot.com,flickr.com,13.0,2.639057,False
cajunboyinthecity.blogspot.com,flickr.com,6.0,1.94591,False
feeds.gothamistllc.com,flickr.com,1920.0,7.560601,False
boston.com,flickr.com,13.0,2.639057,False
eonline.com,flickr.com,3.0,1.386294,False
dailymail.co.uk,flickr.com,4.0,1.609438,False
althouse.blogspot.com,flickr.com,20.0,3.044522,False
evolvehappy.com,flickr.com,555.0,6.320768,False
feedproxy.google.com,flickr.com,65.0,4.189655,False
cbc.ca,flickr.com,3.0,1.386294,False
classicalvalues.com,flickr.com,4.0,1.609438,False
digitalspy.co.uk,flickr.com,285.0,5.655992,False
examiner.com,flickr.com,6.0,1.94591,False
feeds.gawker.com,flickr.com,69.0,4.248495,False
babbazeesbrain.blogspot.com,flickr.com,3.0,1.386294,False
circleof13.blogspot.com,flickr.com,6.0,1.94591,False
engadget.com,flickr.com,3.0,1.386294,False
bbc.co.uk,flickr.com,6.0,1.94591,False
dumpbachmann.blogspot.com,flickr.com,1029.0,6.937314,False
atlasshrugs2000.typepad.com,flickr.com,3.0,1.386294,False
alterdestiny.blogspot.com,flickr.com,2.0,1.098612,False
cujo359.blogspot.com,flickr.com,15.0,2.772589,False
concurringopinions.com,flickr.com,13.0,2.639057,False
capitalfax.blogspot.com,flickr.com,5.0,1.791759,False
buckmire.blogspot.com,flickr.com,6.0,1.94591,False
blog.wired.com,flickr.com,118.0,4.779123,False
danceswithanxiety.blogspot.com,flickr.com,2.0,1.098612,False
chacha.com,flickr.com,3.0,1.386294,False
amazon.com,flickr.com,64.0,4.174387,False
d-day.blogspot.com,flickr.com,2.0,1.098612,False
blog.badtux.net,flickr.com,6.0,1.94591,False
en.wikipedia.org,flickr.com,7.0,2.079442,False
facebook.com,flickr.com,11.0,2.484907,False
blogs.abcnews.com,forbes.com,4.0,1.609438,False
digitalspy.co.uk,forbes.com,2.0,1.098612,False
chicagotribune.com,forbes.com,2.0,1.098612,False
blog.openitstrategies.com,forbes.com,110.0,4.70953,False
blog.badtux.net,forbes.com,13.0,2.639057,False
feeds.gothamistllc.com,forbes.com,10.0,2.397895,False
bloomberg.com,forbes.com,3.0,1.386294,False
downwithtyranny.blogspot.com,forbes.com,7.0,2.079442,False
boston.com,forbes.com,4.0,1.609438,False
babbazeesbrain.blogspot.com,forbes.com,132.0,4.890349,False
d-day.blogspot.com,forbes.com,18.0,2.944439,False
djtechnocrat.blogspot.com,forbes.com,12.0,2.564949,False
evolvehappy.com,forbes.com,63.0,4.158883,False
angrybear.blogspot.com,forbes.com,19.0,2.995732,False
feeds.gawker.com,forbes.com,5.0,1.791759,False
classicalvalues.com,forbes.com,6.0,1.94591,False
cinie.wordpress.com,forbes.com,9.0,2.302585,False
commondreams.org,forbes.com,3.0,1.386294,False
dailykos.com,forbes.com,3.0,1.386294,False
blogs.zdnet.com,forbes.com,7.0,2.079442,False
capitalfax.blogspot.com,forbes.com,12.0,2.564949,False
cujo359.blogspot.com,forbes.com,8.0,2.197225,False
buckmire.blogspot.com,forbes.com,5.0,1.791759,False
firstread.msnbc.msn.com,forbes.com,2.0,1.098612,False
atlasshrugs2000.typepad.com,forbes.com,3.0,1.386294,False
edition.cnn.com,forbes.com,4.0,1.609438,False
blogs.wsj.com,forbes.com,4.0,1.609438,False
cbc.ca,forbes.com,2.0,1.098612,False
blog.wired.com,forbes.com,3.0,1.386294,False
circleof13.blogspot.com,forbes.com,4.0,1.609438,False
concurringopinions.com,forbes.com,7.0,2.079442,False
chron.com,forbes.com,2.0,1.098612,False
althouse.blogspot.com,forbes.com,6.0,1.94591,False
chacha.com,forbes.com,38.0,3.663562,False
cbsnews.com,forbes.com,3.0,1.386294,False
facebook.com,forbes.com,3.0,1.386294,False
amazon.com,forbes.com,12.0,2.564949,False
arstechnica.com,forbes.com,3.0,1.386294,False
en.wikipedia.org,forbes.com,9.0,2.302585,False
bloomberg.com,forum.dvdtalk.com,7.0,2.079442,False
blogs.zdnet.com,forum.dvdtalk.com,5.0,1.791759,False
boston.com,forum.dvdtalk.com,14.0,2.70805,False
dailymail.co.uk,forum.dvdtalk.com,47.0,3.871201,False
flickr.com,forum.dvdtalk.com,34.0,3.555348,False
atlasshrugs2000.typepad.com,forum.dvdtalk.com,2.0,1.098612,False
amazon.com,forum.dvdtalk.com,4956.0,8.508556,False
blogs.abcnews.com,forum.dvdtalk.com,6.0,1.94591,False
chicagotribune.com,forum.dvdtalk.com,3.0,1.386294,False
en.wikipedia.org,forum.dvdtalk.com,376.0,5.932245,False
commondreams.org,forum.dvdtalk.com,8.0,2.197225,False
eonline.com,forum.dvdtalk.com,10.0,2.397895,False
blog.wired.com,forum.dvdtalk.com,23.0,3.178054,False
apple.com,forum.dvdtalk.com,29.0,3.401197,False
forbes.com,forum.dvdtalk.com,10.0,2.397895,False
cnn.com,forum.dvdtalk.com,63.0,4.158883,False
cdc.gov,forum.dvdtalk.com,4.0,1.609438,False
breitbart.com,forum.dvdtalk.com,10.0,2.397895,False
edition.cnn.com,forum.dvdtalk.com,8.0,2.197225,False
cbsnews.com,forum.dvdtalk.com,18.0,2.944439,False
finance.yahoo.com,forum.dvdtalk.com,19.0,2.995732,False
arstechnica.com,forum.dvdtalk.com,22.0,3.135494,False
abcnews.go.com,forum.dvdtalk.com,31.0,3.465736,False
facebook.com,forum.dvdtalk.com,3.0,1.386294,False
engadget.com,forum.dvdtalk.com,6.0,1.94591,False
cbc.ca,forum.dvdtalk.com,2.0,1.098612,False
chron.com,forum.dvdtalk.com,10.0,2.397895,False
danceswithanxiety.blogspot.com,foxnews.com,9.0,2.302585,False
fivethirtyeight.com,foxnews.com,31.0,3.465736,False
feeds.gawker.com,foxnews.com,11.0,2.484907,False
downwithtyranny.blogspot.com,foxnews.com,32.0,3.496508,False
deadspin.com,foxnews.com,3.0,1.386294,False
blog.badtux.net,foxnews.com,4.0,1.609438,False
forbes.com,foxnews.com,2.0,1.098612,False
blogs.abcnews.com,foxnews.com,3.0,1.386294,False
dumpbachmann.blogspot.com,foxnews.com,19.0,2.995732,False
alterdestiny.blogspot.com,foxnews.com,3.0,1.386294,False
examiner.com,foxnews.com,7.0,2.079442,False
angrybear.blogspot.com,foxnews.com,16.0,2.833213,False
atlasshrugs2000.typepad.com,foxnews.com,23.0,3.178054,False
babbazeesbrain.blogspot.com,foxnews.com,233.0,5.455321,False
cinie.wordpress.com,foxnews.com,123.0,4.820282,False
blog.wired.com,foxnews.com,2.0,1.098612,False
digitalspy.co.uk,foxnews.com,9.0,2.302585,False
blogs.wsj.com,foxnews.com,2.0,1.098612,False
boston.com,foxnews.com,3.0,1.386294,False
commondreams.org,foxnews.com,4.0,1.609438,False
cbsnews.com,foxnews.com,7.0,2.079442,False
firstread.msnbc.msn.com,foxnews.com,4.0,1.609438,False
cujo359.blogspot.com,foxnews.com,4.0,1.609438,False
d-day.blogspot.com,foxnews.com,21.0,3.091042,False
althouse.blogspot.com,foxnews.com,11.0,2.484907,False
crooksandliars.com,foxnews.com,2.0,1.098612,False
capitalfax.blogspot.com,foxnews.com,68.0,4.234107,False
buckmire.blogspot.com,foxnews.com,2.0,1.098612,False
eonline.com,foxnews.com,28.0,3.367296,False
blog.openitstrategies.com,foxnews.com,3.0,1.386294,False
concurringopinions.com,foxnews.com,20.0,3.044522,False
chacha.com,foxnews.com,27.0,3.332205,False
forum.dvdtalk.com,foxnews.com,21.0,3.091042,False
conservapedia.com,foxnews.com,235.0,5.463832,False
cajunboyinthecity.blogspot.com,foxnews.com,7.0,2.079442,False
classicalvalues.com,foxnews.com,46.0,3.850148,False
dailykos.com,foxnews.com,5.0,1.791759,False
alternet.org,foxnews.com,7.0,2.079442,False
corner.nationalreview.com,foxnews.com,2.0,1.098612,False
djtechnocrat.blogspot.com,foxnews.com,49.0,3.912023,False
feeds.gothamistllc.com,foxnews.com,9.0,2.302585,False
circleof13.blogspot.com,foxnews.com,3.0,1.386294,False
cdc.gov,foxnews.com,2.0,1.098612,False
en.wikipedia.org,foxnews.com,2.0,1.098612,False
conservapedia.com,freerepublic.com,12.0,2.564949,False
alterdestiny.blogspot.com,freerepublic.com,2.0,1.098612,False
angrybear.blogspot.com,freerepublic.com,2.0,1.098612,False
downwithtyranny.blogspot.com,freerepublic.com,3.0,1.386294,False
chacha.com,freerepublic.com,6.0,1.94591,False
atlasshrugs2000.typepad.com,freerepublic.com,13.0,2.639057,False
cinie.wordpress.com,freerepublic.com,8.0,2.197225,False
capitalfax.blogspot.com,freerepublic.com,8.0,2.197225,False
blog.wired.com,freerepublic.com,3.0,1.386294,False
d-day.blogspot.com,freerepublic.com,5.0,1.791759,False
babbazeesbrain.blogspot.com,freerepublic.com,4.0,1.609438,False
blog.badtux.net,freerepublic.com,6.0,1.94591,False
dumpbachmann.blogspot.com,freerepublic.com,4.0,1.609438,False
classicalvalues.com,freerepublic.com,25.0,3.258097,False
feedproxy.google.com,freerepublic.com,2.0,1.098612,False
forbes.com,freerepublic.com,2.0,1.098612,False
abcnews.go.com,freerepublic.com,11.0,2.484907,False
blogs.abcnews.com,freerepublic.com,5.0,1.791759,False
chicagotribune.com,freerepublic.com,2.0,1.098612,False
businessweek.com,freerepublic.com,2.0,1.098612,False
bloomberg.com,freerepublic.com,7.0,2.079442,False
examiner.com,freerepublic.com,3.0,1.386294,False
amazon.com,freerepublic.com,16.0,2.833213,False
en.wikipedia.org,freerepublic.com,61.0,4.127134,False
cnn.com,freerepublic.com,9.0,2.302585,False
foxnews.com,freerepublic.com,30.0,3.433987,False
boston.com,freerepublic.com,2.0,1.098612,False
dailymail.co.uk,freerepublic.com,4.0,1.609438,False
corner.nationalreview.com,freerepublic.com,6.0,1.94591,False
cbsnews.com,freerepublic.com,4.0,1.609438,False
facebook.com,freerepublic.com,2.0,1.098612,False
breitbart.com,freerepublic.com,6.0,1.94591,False
finance.yahoo.com,freerepublic.com,2.0,1.098612,False
dailykos.com,freerepublic.com,2.0,1.098612,False
flickr.com,freerepublic.com,4.0,1.609438,False
cbc.ca,freerepublic.com,2.0,1.098612,False
cdc.gov,freerepublic.com,7.0,2.079442,False
blog.openitstrategies.com,ft.com,29.0,3.401197,False
circleof13.blogspot.com,ft.com,10.0,2.397895,False
businessweek.com,ft.com,11.0,2.484907,False
alterdestiny.blogspot.com,ft.com,3.0,1.386294,False
djtechnocrat.blogspot.com,ft.com,5.0,1.791759,False
capitalfax.blogspot.com,ft.com,3.0,1.386294,False
blogs.wsj.com,ft.com,22.0,3.135494,False
concurringopinions.com,ft.com,11.0,2.484907,False
atlasshrugs2000.typepad.com,ft.com,5.0,1.791759,False
feedproxy.google.com,ft.com,2.0,1.098612,False
alternet.org,ft.com,5.0,1.791759,False
babbazeesbrain.blogspot.com,ft.com,85.0,4.454347,False
classicalvalues.com,ft.com,7.0,2.079442,False
commondreams.org,ft.com,6.0,1.94591,False
evolvehappy.com,ft.com,7.0,2.079442,False
economist.com,ft.com,15.0,2.772589,False
d-day.blogspot.com,ft.com,11.0,2.484907,False
feeds.gothamistllc.com,ft.com,3.0,1.386294,False
digitalspy.co.uk,ft.com,38.0,3.663562,False
downwithtyranny.blogspot.com,ft.com,6.0,1.94591,False
cajunboyinthecity.blogspot.com,ft.com,6.0,1.94591,False
bbc.co.uk,ft.com,3.0,1.386294,False
firstread.msnbc.msn.com,ft.com,14.0,2.70805,False
feeds.gawker.com,ft.com,2.0,1.098612,False
angrybear.blogspot.com,ft.com,7.0,2.079442,False
atlasshrugs2000.typepad.com,gatesofvienna.blogspot.com,27.0,3.332205,False
classicalvalues.com,gatesofvienna.blogspot.com,4.0,1.609438,False
babbazeesbrain.blogspot.com,gatesofvienna.blogspot.com,4.0,1.609438,False
chron.com,gatesofvienna.blogspot.com,3.0,1.386294,False
ft.com,gatesofvienna.blogspot.com,2.0,1.098612,False
cbsnews.com,gatesofvienna.blogspot.com,3.0,1.386294,False
breitbart.com,gatesofvienna.blogspot.com,10.0,2.397895,False
foxnews.com,gatesofvienna.blogspot.com,25.0,3.258097,False
abcnews.go.com,gatesofvienna.blogspot.com,9.0,2.302585,False
edition.cnn.com,gatesofvienna.blogspot.com,2.0,1.098612,False
en.wikipedia.org,gatesofvienna.blogspot.com,215.0,5.375278,False
bloomberg.com,gatesofvienna.blogspot.com,5.0,1.791759,False
corner.nationalreview.com,gatesofvienna.blogspot.com,3.0,1.386294,False
blogger.com,gatesofvienna.blogspot.com,7.0,2.079442,False
chicagotribune.com,gatesofvienna.blogspot.com,2.0,1.098612,False
amazon.com,gatesofvienna.blogspot.com,149.0,5.010635,False
cnn.com,gatesofvienna.blogspot.com,12.0,2.564949,False
dailymail.co.uk,gatesofvienna.blogspot.com,32.0,3.496508,False
examiner.com,gatesofvienna.blogspot.com,2.0,1.098612,False
bbc.co.uk,gatesofvienna.blogspot.com,4.0,1.609438,False
freerepublic.com,gatesofvienna.blogspot.com,5.0,1.791759,False
boston.com,gatesofvienna.blogspot.com,4.0,1.609438,False
buckmire.blogspot.com,gawker.com,2.0,1.098612,False
crooksandliars.com,gawker.com,2.0,1.098612,False
cinie.wordpress.com,gawker.com,7.0,2.079442,False
d-day.blogspot.com,gawker.com,2.0,1.098612,False
circleof13.blogspot.com,gawker.com,2.0,1.098612,False
evolvehappy.com,gawker.com,2.0,1.098612,False
boston.com,gawker.com,59.0,4.094345,False
blog.badtux.net,gawker.com,4.0,1.609438,False
feeds.gawker.com,gawker.com,889.0,6.791221,False
deadspin.com,gawker.com,6.0,1.94591,False
blogs.wsj.com,gawker.com,11.0,2.484907,False
downwithtyranny.blogspot.com,gawker.com,2.0,1.098612,False
althouse.blogspot.com,gawker.com,8.0,2.197225,False
chacha.com,gawker.com,3.0,1.386294,False
feeds.gothamistllc.com,gawker.com,42.0,3.7612,False
cajunboyinthecity.blogspot.com,gawker.com,230.0,5.442418,False
forum.dvdtalk.com,gawker.com,7.0,2.079442,False
blogger.com,gawker.com,3.0,1.386294,False
chicagotribune.com,gawker.com,8.0,2.197225,False
firstread.msnbc.msn.com,gawker.com,6.0,1.94591,False
blogs.abcnews.com,gawker.com,17.0,2.890372,False
businessweek.com,gawker.com,24.0,3.218876,False
cbsnews.com,gawker.com,14.0,2.70805,False
ft.com,gawker.com,3.0,1.386294,False
bloomberg.com,gawker.com,16.0,2.833213,False
abcnews.go.com,gawker.com,61.0,4.127134,False
fivethirtyeight.com,gawker.com,7.0,2.079442,False
amazon.com,gawker.com,32.0,3.496508,False
cnn.com,gawker.com,22.0,3.135494,False
3.bp.blogspot.com,gawker.com,2.0,1.098612,False
forbes.com,gawker.com,26.0,3.295837,False
foxnews.com,gawker.com,44.0,3.806662,False
dailykos.com,gawker.com,5.0,1.791759,False
breitbart.com,gawker.com,36.0,3.610918,False
edition.cnn.com,gawker.com,13.0,2.639057,False
alternet.org,gawker.com,3.0,1.386294,False
en.wikipedia.org,gawker.com,161.0,5.087596,False
concurringopinions.com,gawker.com,4.0,1.609438,False
flickr.com,gawker.com,343.0,5.840642,False
arstechnica.com,gawker.com,6.0,1.94591,False
apple.com,gawker.com,4.0,1.609438,False
finance.yahoo.com,gawker.com,14.0,2.70805,False
corner.nationalreview.com,gawker.com,13.0,2.639057,False
eonline.com,gawker.com,27.0,3.332205,False
blog.wired.com,gawker.com,9.0,2.302585,False
blogs.zdnet.com,gawker.com,6.0,1.94591,False
dailymail.co.uk,gawker.com,62.0,4.143135,False
facebook.com,gawker.com,28.0,3.367296,False
djtechnocrat.blogspot.com,gizmodo.com,40.0,3.713572,False
evolvehappy.com,gizmodo.com,11.0,2.484907,False
gawker.com,gizmodo.com,12.0,2.564949,False
forum.dvdtalk.com,gizmodo.com,6.0,1.94591,False
feeds.gawker.com,gizmodo.com,326.0,5.78996,False
blog.wired.com,gizmodo.com,9.0,2.302585,False
feedproxy.google.com,gizmodo.com,3.0,1.386294,False
blog.openitstrategies.com,gizmodo.com,16.0,2.833213,False
concurringopinions.com,gizmodo.com,5.0,1.791759,False
freerepublic.com,gizmodo.com,2.0,1.098612,False
feeds.gothamistllc.com,gizmodo.com,6.0,1.94591,False
en.wikipedia.org,gizmodo.com,15.0,2.772589,False
arstechnica.com,gizmodo.com,10.0,2.397895,False
flickr.com,gizmodo.com,24.0,3.218876,False
blogs.zdnet.com,gizmodo.com,4.0,1.609438,False
businessweek.com,gizmodo.com,8.0,2.197225,False
engadget.com,gizmodo.com,33.0,3.526361,False
amazon.com,gizmodo.com,37.0,3.637586,False
dailymail.co.uk,gizmodo.com,3.0,1.386294,False
apple.com,gizmodo.com,5.0,1.791759,False
dumpbachmann.blogspot.com,google.com,31.0,3.465736,False
commondreams.org,google.com,7.0,2.079442,False
evolvehappy.com,google.com,10.0,2.397895,False
digitalspy.co.uk,google.com,191.0,5.257495,False
alternet.org,google.com,5.0,1.791759,False
economist.com,google.com,5.0,1.791759,False
gizmodo.com,google.com,2.0,1.098612,False
angrybear.blogspot.com,google.com,9.0,2.302585,False
blog.openitstrategies.com,google.com,63.0,4.158883,False
abcnews.go.com,google.com,5.0,1.791759,False
blog.badtux.net,google.com,11.0,2.484907,False
blog.wired.com,google.com,79.0,4.382027,False
chacha.com,google.com,440.0,6.089045,False
buckmire.blogspot.com,google.com,11.0,2.484907,False
danceswithanxiety.blogspot.com,google.com,40.0,3.713572,False
cbsnews.com,google.com,3.0,1.386294,False
crooksandliars.com,google.com,3.0,1.386294,False
chicagotribune.com,google.com,33.0,3.526361,False
arstechnica.com,google.com,8.0,2.197225,False
gatesofvienna.blogspot.com,google.com,19.0,2.995732,False
capitalfax.blogspot.com,google.com,55.0,4.025352,False
dailykos.com,google.com,3.0,1.386294,False
deadspin.com,google.com,45.0,3.828641,False
bbc.co.uk,google.com,7.0,2.079442,False
d-day.blogspot.com,google.com,39.0,3.688879,False
djtechnocrat.blogspot.com,google.com,69.0,4.248495,False
feedproxy.google.com,google.com,49.0,3.912023,False
forum.dvdtalk.com,google.com,91.0,4.521789,False
cnn.com,google.com,102.0,4.634729,False
examiner.com,google.com,24.0,3.218876,False
circleof13.blogspot.com,google.com,32.0,3.496508,False
edition.cnn.com,google.com,58.0,4.077537,False
concurringopinions.com,google.com,32.0,3.496508,False
classicalvalues.com,google.com,111.0,4.718499,False
atlasshrugs2000.typepad.com,google.com,78.0,4.369448,False
feeds.gothamistllc.com,google.com,94.0,4.553877,False
conservapedia.com,google.com,130.0,4.875197,False
corner.nationalreview.com,google.com,3.0,1.386294,False
businessweek.com,google.com,3.0,1.386294,False
fivethirtyeight.com,google.com,28.0,3.367296,False
bloomberg.com,google.com,114.0,4.744932,False
eonline.com,google.com,31.0,3.465736,False
cajunboyinthecity.blogspot.com,google.com,53.0,3.988984,False
cinie.wordpress.com,google.com,97.0,4.584967,False
alterdestiny.blogspot.com,google.com,11.0,2.484907,False
boston.com,google.com,39.0,3.688879,False
blogs.zdnet.com,google.com,22.0,3.135494,False
blogs.wsj.com,google.com,17.0,2.890372,False
foxnews.com,google.com,2.0,1.098612,False
downwithtyranny.blogspot.com,google.com,24.0,3.218876,False
feeds.gawker.com,google.com,21.0,3.091042,False
freerepublic.com,google.com,28.0,3.367296,False
flickr.com,google.com,3.0,1.386294,False
cujo359.blogspot.com,google.com,13.0,2.639057,False
althouse.blogspot.com,google.com,29.0,3.401197,False
babbazeesbrain.blogspot.com,google.com,1372.0,7.224753,False
amazon.com,google.com,132.0,4.890349,False
blogs.abcnews.com,google.com,9.0,2.302585,False
gawker.com,google.com,91.0,4.521789,False
firstread.msnbc.msn.com,google.com,26.0,3.295837,False
cbc.ca,google.com,2.0,1.098612,False
cdc.gov,google.com,2.0,1.098612,False
2.bp.blogspot.com,greenwichroundup.blogspot.com,1411.0,7.252762,False
edition.cnn.com,greenwichroundup.blogspot.com,3.0,1.386294,False
finance.yahoo.com,greenwichroundup.blogspot.com,2.0,1.098612,False
blogger.com,greenwichroundup.blogspot.com,14860.0,9.606496,False
chron.com,greenwichroundup.blogspot.com,16.0,2.833213,False
digg.com,greenwichroundup.blogspot.com,3.0,1.386294,False
blog.wired.com,greenwichroundup.blogspot.com,2.0,1.098612,False
freerepublic.com,greenwichroundup.blogspot.com,16.0,2.833213,False
forbes.com,greenwichroundup.blogspot.com,172.0,5.153292,False
3.bp.blogspot.com,greenwichroundup.blogspot.com,967.0,6.875232,False
facebook.com,greenwichroundup.blogspot.com,12.0,2.564949,False
abcnews.go.com,greenwichroundup.blogspot.com,33.0,3.526361,False
foxnews.com,greenwichroundup.blogspot.com,6.0,1.94591,False
en.wikipedia.org,greenwichroundup.blogspot.com,1438.0,7.271704,False
dailykos.com,greenwichroundup.blogspot.com,8.0,2.197225,False
bloomberg.com,greenwichroundup.blogspot.com,621.0,6.43294,False
blogs.wsj.com,greenwichroundup.blogspot.com,10.0,2.397895,False
alternet.org,greenwichroundup.blogspot.com,4.0,1.609438,False
1.bp.blogspot.com,greenwichroundup.blogspot.com,1026.0,6.934397,False
cbsnews.com,greenwichroundup.blogspot.com,10.0,2.397895,False
cnn.com,greenwichroundup.blogspot.com,3.0,1.386294,False
google.com,greenwichroundup.blogspot.com,1115.0,7.017506,False
gawker.com,greenwichroundup.blogspot.com,9.0,2.302585,False
businessweek.com,greenwichroundup.blogspot.com,12.0,2.564949,False
chicagotribune.com,greenwichroundup.blogspot.com,997.0,6.905753,False
feedproxy.google.com,greenwichroundup.blogspot.com,973.0,6.881411,False
dailymail.co.uk,greenwichroundup.blogspot.com,2.0,1.098612,False
4.bp.blogspot.com,greenwichroundup.blogspot.com,1809.0,7.501082,False
economist.com,greenwichroundup.blogspot.com,6.0,1.94591,False
boston.com,greenwichroundup.blogspot.com,45.0,3.828641,False
examiner.com,greenwichroundup.blogspot.com,3.0,1.386294,False
ft.com,greenwichroundup.blogspot.com,8.0,2.197225,False
amazon.com,greenwichroundup.blogspot.com,269.0,5.598422,False
flickr.com,greenwichroundup.blogspot.com,4.0,1.609438,False
gizmodo.com,guardian.co.uk,2.0,1.098612,False
crooksandliars.com,guardian.co.uk,9.0,2.302585,False
blog.wired.com,guardian.co.uk,29.0,3.401197,False
cbc.ca,guardian.co.uk,4.0,1.609438,False
gawker.com,guardian.co.uk,21.0,3.091042,False
classicalvalues.com,guardian.co.uk,26.0,3.295837,False
forum.dvdtalk.com,guardian.co.uk,23.0,3.178054,False
digg.com,guardian.co.uk,4.0,1.609438,False
commondreams.org,guardian.co.uk,77.0,4.356709,False
businessweek.com,guardian.co.uk,6.0,1.94591,False
djtechnocrat.blogspot.com,guardian.co.uk,49.0,3.912023,False
deadspin.com,guardian.co.uk,2.0,1.098612,False
cbsnews.com,guardian.co.uk,11.0,2.484907,False
bloomberg.com,guardian.co.uk,17.0,2.890372,False
atlasshrugs2000.typepad.com,guardian.co.uk,28.0,3.367296,False
dumpbachmann.blogspot.com,guardian.co.uk,11.0,2.484907,False
freerepublic.com,guardian.co.uk,10.0,2.397895,False
cajunboyinthecity.blogspot.com,guardian.co.uk,8.0,2.197225,False
capitalfax.blogspot.com,guardian.co.uk,4.0,1.609438,False
blog.badtux.net,guardian.co.uk,29.0,3.401197,False
forbes.com,guardian.co.uk,16.0,2.833213,False
blogs.wsj.com,guardian.co.uk,18.0,2.944439,False
chron.com,guardian.co.uk,2.0,1.098612,False
downwithtyranny.blogspot.com,guardian.co.uk,36.0,3.610918,False
angrybear.blogspot.com,guardian.co.uk,13.0,2.639057,False
bbc.co.uk,guardian.co.uk,89.0,4.49981,False
conservapedia.com,guardian.co.uk,33.0,3.526361,False
d-day.blogspot.com,guardian.co.uk,112.0,4.727388,False
alterdestiny.blogspot.com,guardian.co.uk,145.0,4.983607,False
circleof13.blogspot.com,guardian.co.uk,108.0,4.691348,False
boston.com,guardian.co.uk,10.0,2.397895,False
economist.com,guardian.co.uk,9.0,2.302585,False
concurringopinions.com,guardian.co.uk,16.0,2.833213,False
althouse.blogspot.com,guardian.co.uk,11.0,2.484907,False
feeds.gawker.com,guardian.co.uk,25.0,3.258097,False
examiner.com,guardian.co.uk,3.0,1.386294,False
blog.openitstrategies.com,guardian.co.uk,6.0,1.94591,False
cinie.wordpress.com,guardian.co.uk,15.0,2.772589,False
firstread.msnbc.msn.com,guardian.co.uk,4.0,1.609438,False
feedproxy.google.com,guardian.co.uk,14.0,2.70805,False
gatesofvienna.blogspot.com,guardian.co.uk,21.0,3.091042,False
alternet.org,guardian.co.uk,40.0,3.713572,False
evolvehappy.com,guardian.co.uk,48.0,3.89182,False
amazon.com,guardian.co.uk,515.0,6.246107,False
dailykos.com,guardian.co.uk,3.0,1.386294,False
babbazeesbrain.blogspot.com,guardian.co.uk,256.0,5.549076,False
cujo359.blogspot.com,guardian.co.uk,5.0,1.791759,False
chacha.com,guardian.co.uk,16.0,2.833213,False
buckmire.blogspot.com,guardian.co.uk,4.0,1.609438,False
feeds.gothamistllc.com,guardian.co.uk,109.0,4.70048,False
danceswithanxiety.blogspot.com,guardian.co.uk,42.0,3.7612,False
digitalspy.co.uk,guardian.co.uk,600.0,6.398595,False
arstechnica.com,guardian.co.uk,3.0,1.386294,False
dailymail.co.uk,guardian.co.uk,32.0,3.496508,False
apple.com,guardian.co.uk,4.0,1.609438,False
fivethirtyeight.com,guardian.co.uk,5.0,1.791759,False
blogs.zdnet.com,guardian.co.uk,4.0,1.609438,False
abcnews.go.com,guardian.co.uk,4.0,1.609438,False
cnn.com,guardian.co.uk,10.0,2.397895,False
blogs.abcnews.com,guardian.co.uk,2.0,1.098612,False
google.com,guardian.co.uk,48.0,3.89182,False
facebook.com,guardian.co.uk,19.0,2.995732,False
foxnews.com,guardian.co.uk,8.0,2.197225,False
cdc.gov,guardian.co.uk,4.0,1.609438,False
1.bp.blogspot.com,guardian.co.uk,2.0,1.098612,False
edition.cnn.com,guardian.co.uk,3.0,1.386294,False
en.wikipedia.org,guardian.co.uk,635.0,6.455199,False
corner.nationalreview.com,guardian.co.uk,2.0,1.098612,False
ft.com,guardian.co.uk,40.0,3.713572,False
flickr.com,guardian.co.uk,21.0,3.091042,False
freerepublic.com,haaretz.com,3.0,1.386294,False
classicalvalues.com,haaretz.com,10.0,2.397895,False
boston.com,haaretz.com,9.0,2.302585,False
downwithtyranny.blogspot.com,haaretz.com,7.0,2.079442,False
blog.badtux.net,haaretz.com,4.0,1.609438,False
cbsnews.com,haaretz.com,2.0,1.098612,False
conservapedia.com,haaretz.com,19.0,2.995732,False
gawker.com,haaretz.com,2.0,1.098612,False
djtechnocrat.blogspot.com,haaretz.com,7.0,2.079442,False
digitalspy.co.uk,haaretz.com,8.0,2.197225,False
gatesofvienna.blogspot.com,haaretz.com,6.0,1.94591,False
babbazeesbrain.blogspot.com,haaretz.com,162.0,5.09375,False
blogs.abcnews.com,haaretz.com,3.0,1.386294,False
d-day.blogspot.com,haaretz.com,12.0,2.564949,False
feedproxy.google.com,haaretz.com,24.0,3.218876,False
guardian.co.uk,haaretz.com,18.0,2.944439,False
circleof13.blogspot.com,haaretz.com,14.0,2.70805,False
atlasshrugs2000.typepad.com,haaretz.com,23.0,3.178054,False
alternet.org,haaretz.com,4.0,1.609438,False
freerepublic.com,holycoast.blogspot.com,5.0,1.791759,False
breitbart.com,holycoast.blogspot.com,244.0,5.501258,False
google.com,holycoast.blogspot.com,12.0,2.564949,False
en.wikipedia.org,holycoast.blogspot.com,21.0,3.091042,False
guardian.co.uk,holycoast.blogspot.com,21.0,3.091042,False
chron.com,holycoast.blogspot.com,17.0,2.890372,False
blogger.com,holycoast.blogspot.com,2.0,1.098612,False
corner.nationalreview.com,holycoast.blogspot.com,172.0,5.153292,False
haaretz.com,holycoast.blogspot.com,3.0,1.386294,False
althouse.blogspot.com,holycoast.blogspot.com,2.0,1.098612,False
edition.cnn.com,holycoast.blogspot.com,2.0,1.098612,False
blogs.abcnews.com,holycoast.blogspot.com,62.0,4.143135,False
ft.com,holycoast.blogspot.com,19.0,2.995732,False
chicagotribune.com,holycoast.blogspot.com,9.0,2.302585,False
cbsnews.com,holycoast.blogspot.com,17.0,2.890372,False
feedproxy.google.com,holycoast.blogspot.com,9.0,2.302585,False
2.bp.blogspot.com,holycoast.blogspot.com,5.0,1.791759,False
firstread.msnbc.msn.com,holycoast.blogspot.com,9.0,2.302585,False
facebook.com,holycoast.blogspot.com,9.0,2.302585,False
abcnews.go.com,holycoast.blogspot.com,73.0,4.304065,False
dailykos.com,holycoast.blogspot.com,15.0,2.772589,False
blogs.wsj.com,holycoast.blogspot.com,4.0,1.609438,False
examiner.com,holycoast.blogspot.com,24.0,3.218876,False
bloomberg.com,holycoast.blogspot.com,28.0,3.367296,False
boston.com,holycoast.blogspot.com,32.0,3.496508,False
amazon.com,holycoast.blogspot.com,15.0,2.772589,False
foxnews.com,holycoast.blogspot.com,788.0,6.670766,False
dailymail.co.uk,holycoast.blogspot.com,33.0,3.526361,False
finance.yahoo.com,holycoast.blogspot.com,3.0,1.386294,False
gawker.com,holycoast.blogspot.com,2.0,1.098612,False
cnn.com,holycoast.blogspot.com,38.0,3.663562,False
downwithtyranny.blogspot.com,hotair.com,7.0,2.079442,False
cinie.wordpress.com,hotair.com,5.0,1.791759,False
holycoast.blogspot.com,hotair.com,20.0,3.044522,False
dumpbachmann.blogspot.com,hotair.com,3.0,1.386294,False
babbazeesbrain.blogspot.com,hotair.com,4.0,1.609438,False
althouse.blogspot.com,hotair.com,6.0,1.94591,False
economist.com,hotair.com,2.0,1.098612,False
classicalvalues.com,hotair.com,18.0,2.944439,False
cujo359.blogspot.com,hotair.com,5.0,1.791759,False
gatesofvienna.blogspot.com,hotair.com,3.0,1.386294,False
gawker.com,hotair.com,2.0,1.098612,False
atlasshrugs2000.typepad.com,hotair.com,10.0,2.397895,False
cajunboyinthecity.blogspot.com,hotair.com,2.0,1.098612,False
freerepublic.com,hotair.com,10.0,2.397895,False
fivethirtyeight.com,hotair.com,3.0,1.386294,False
google.com,hotair.com,3.0,1.386294,False
dailymail.co.uk,hotair.com,12.0,2.564949,False
bloomberg.com,hotair.com,5.0,1.791759,False
cnn.com,hotair.com,11.0,2.484907,False
amazon.com,hotair.com,13.0,2.639057,False
blog.wired.com,hotair.com,4.0,1.609438,False
firstread.msnbc.msn.com,hotair.com,3.0,1.386294,False
abcnews.go.com,hotair.com,3.0,1.386294,False
corner.nationalreview.com,hotair.com,9.0,2.302585,False
blogs.abcnews.com,hotair.com,24.0,3.218876,False
foxnews.com,hotair.com,33.0,3.526361,False
cbsnews.com,hotair.com,9.0,2.302585,False
edition.cnn.com,hotair.com,2.0,1.098612,False
guardian.co.uk,hotair.com,3.0,1.386294,False
chicagotribune.com,hotair.com,2.0,1.098612,False
en.wikipedia.org,hotair.com,20.0,3.044522,False
boston.com,hotair.com,2.0,1.098612,False
economist.com,huffingtonpost.com,6.0,1.94591,False
commondreams.org,huffingtonpost.com,16.0,2.833213,False
greenwichroundup.blogspot.com,huffingtonpost.com,23.0,3.178054,False
cajunboyinthecity.blogspot.com,huffingtonpost.com,94.0,4.553877,False
boston.com,huffingtonpost.com,12.0,2.564949,False
evolvehappy.com,huffingtonpost.com,11.0,2.484907,False
crooksandliars.com,huffingtonpost.com,14.0,2.70805,False
holycoast.blogspot.com,huffingtonpost.com,23.0,3.178054,False
blog.openitstrategies.com,huffingtonpost.com,2.0,1.098612,False
alternet.org,huffingtonpost.com,66.0,4.204693,False
althouse.blogspot.com,huffingtonpost.com,17.0,2.890372,False
danceswithanxiety.blogspot.com,huffingtonpost.com,27.0,3.332205,False
cujo359.blogspot.com,huffingtonpost.com,75.0,4.330733,False
downwithtyranny.blogspot.com,huffingtonpost.com,192.0,5.26269,False
alterdestiny.blogspot.com,huffingtonpost.com,21.0,3.091042,False
blogs.abcnews.com,huffingtonpost.com,11.0,2.484907,False
digitalspy.co.uk,huffingtonpost.com,47.0,3.871201,False
hotair.com,huffingtonpost.com,5.0,1.791759,False
corner.nationalreview.com,huffingtonpost.com,3.0,1.386294,False
angrybear.blogspot.com,huffingtonpost.com,9.0,2.302585,False
examiner.com,huffingtonpost.com,11.0,2.484907,False
blog.badtux.net,huffingtonpost.com,17.0,2.890372,False
classicalvalues.com,huffingtonpost.com,16.0,2.833213,False
concurringopinions.com,huffingtonpost.com,31.0,3.465736,False
babbazeesbrain.blogspot.com,huffingtonpost.com,10.0,2.397895,False
eonline.com,huffingtonpost.com,27.0,3.332205,False
capitalfax.blogspot.com,huffingtonpost.com,17.0,2.890372,False
buckmire.blogspot.com,huffingtonpost.com,30.0,3.433987,False
dailykos.com,huffingtonpost.com,14.0,2.70805,False
forum.dvdtalk.com,huffingtonpost.com,9.0,2.302585,False
feedproxy.google.com,huffingtonpost.com,12.0,2.564949,False
cbsnews.com,huffingtonpost.com,21.0,3.091042,False
blogs.zdnet.com,huffingtonpost.com,2.0,1.098612,False
deadspin.com,huffingtonpost.com,4.0,1.609438,False
guardian.co.uk,huffingtonpost.com,26.0,3.295837,False
blogs.wsj.com,huffingtonpost.com,5.0,1.791759,False
gawker.com,huffingtonpost.com,76.0,4.343805,False
conservapedia.com,huffingtonpost.com,26.0,3.295837,False
chacha.com,huffingtonpost.com,16.0,2.833213,False
d-day.blogspot.com,huffingtonpost.com,267.0,5.590987,False
forbes.com,huffingtonpost.com,8.0,2.197225,False
feeds.gothamistllc.com,huffingtonpost.com,26.0,3.295837,False
fivethirtyeight.com,huffingtonpost.com,51.0,3.951244,False
cnn.com,huffingtonpost.com,29.0,3.401197,False
dumpbachmann.blogspot.com,huffingtonpost.com,292.0,5.680173,False
feeds.gawker.com,huffingtonpost.com,9.0,2.302585,False
firstread.msnbc.msn.com,huffingtonpost.com,29.0,3.401197,False
circleof13.blogspot.com,huffingtonpost.com,33.0,3.526361,False
bbc.co.uk,huffingtonpost.com,5.0,1.791759,False
freerepublic.com,huffingtonpost.com,6.0,1.94591,False
cinie.wordpress.com,huffingtonpost.com,222.0,5.407172,False
atlasshrugs2000.typepad.com,huffingtonpost.com,21.0,3.091042,False
blog.wired.com,huffingtonpost.com,8.0,2.197225,False
edition.cnn.com,huffingtonpost.com,7.0,2.079442,False
abcnews.go.com,huffingtonpost.com,12.0,2.564949,False
en.wikipedia.org,huffingtonpost.com,116.0,4.762174,False
ft.com,huffingtonpost.com,4.0,1.609438,False
businessweek.com,huffingtonpost.com,5.0,1.791759,False
cbc.ca,huffingtonpost.com,2.0,1.098612,False
amazon.com,huffingtonpost.com,84.0,4.442651,False
foxnews.com,huffingtonpost.com,22.0,3.135494,False
chicagotribune.com,huffingtonpost.com,9.0,2.302585,False
finance.yahoo.com,huffingtonpost.com,3.0,1.386294,False
facebook.com,huffingtonpost.com,6.0,1.94591,False
bloomberg.com,huffingtonpost.com,25.0,3.258097,False
dailymail.co.uk,huffingtonpost.com,2.0,1.098612,False
flickr.com,huffingtonpost.com,2.0,1.098612,False
google.com,huffingtonpost.com,39.0,3.688879,False
arstechnica.com,huffingtonpost.com,2.0,1.098612,False
chron.com,huffingtonpost.com,3.0,1.386294,False
haaretz.com,huffingtonpost.com,6.0,1.94591,False
cdc.gov,huffingtonpost.com,9.0,2.302585,False
feeds.gawker.com,i.gizmodo.com,211.0,5.356586,False
blogs.zdnet.com,i.gizmodo.com,14.0,2.70805,False
feeds.gothamistllc.com,i.gizmodo.com,6.0,1.94591,False
gizmodo.com,i.gizmodo.com,4306.0,8.367997,False
babbazeesbrain.blogspot.com,i.gizmodo.com,2.0,1.098612,False
forum.dvdtalk.com,i.gizmodo.com,11.0,2.484907,False
feedproxy.google.com,i.gizmodo.com,3.0,1.386294,False
blog.wired.com,i.gizmodo.com,85.0,4.454347,False
cajunboyinthecity.blogspot.com,i.gizmodo.com,4.0,1.609438,False
chron.com,i.gizmodo.com,2.0,1.098612,False
gawker.com,i.gizmodo.com,34.0,3.555348,False
amazon.com,i.gizmodo.com,453.0,6.118097,False
djtechnocrat.blogspot.com,i.gizmodo.com,3.0,1.386294,False
cnn.com,i.gizmodo.com,4.0,1.609438,False
boston.com,i.gizmodo.com,11.0,2.484907,False
apple.com,i.gizmodo.com,19.0,2.995732,False
dailymail.co.uk,i.gizmodo.com,11.0,2.484907,False
economist.com,i.gizmodo.com,6.0,1.94591,False
businessweek.com,i.gizmodo.com,8.0,2.197225,False
guardian.co.uk,i.gizmodo.com,3.0,1.386294,False
examiner.com,i.gizmodo.com,2.0,1.098612,False
digg.com,i.gizmodo.com,9.0,2.302585,False
en.wikipedia.org,i.gizmodo.com,124.0,4.828314,False
bloomberg.com,i.gizmodo.com,18.0,2.944439,False
cbsnews.com,i.gizmodo.com,2.0,1.098612,False
finance.yahoo.com,i.gizmodo.com,3.0,1.386294,False
google.com,i.gizmodo.com,23.0,3.178054,False
flickr.com,i.gizmodo.com,142.0,4.962845,False
engadget.com,i.gizmodo.com,114.0,4.744932,False
arstechnica.com,i.gizmodo.com,27.0,3.332205,False
atlasshrugs2000.typepad.com,ibloga.blogspot.com,48.0,3.89182,False
babbazeesbrain.blogspot.com,ibloga.blogspot.com,22.0,3.135494,False
gatesofvienna.blogspot.com,ibloga.blogspot.com,23.0,3.178054,False
en.wikipedia.org,ibloga.blogspot.com,191.0,5.257495,False
amazon.com,ibloga.blogspot.com,74.0,4.317488,False
blogger.com,ibloga.blogspot.com,17.0,2.890372,False
chicagotribune.com,ibloga.blogspot.com,3.0,1.386294,False
huffingtonpost.com,ibloga.blogspot.com,6.0,1.94591,False
dailykos.com,ibloga.blogspot.com,4.0,1.609438,False
examiner.com,ibloga.blogspot.com,3.0,1.386294,False
boston.com,ibloga.blogspot.com,3.0,1.386294,False
foxnews.com,ibloga.blogspot.com,34.0,3.555348,False
blogs.abcnews.com,ibloga.blogspot.com,8.0,2.197225,False
abcnews.go.com,ibloga.blogspot.com,12.0,2.564949,False
guardian.co.uk,ibloga.blogspot.com,30.0,3.433987,False
3.bp.blogspot.com,ibloga.blogspot.com,4.0,1.609438,False
breitbart.com,ibloga.blogspot.com,9.0,2.302585,False
bloomberg.com,ibloga.blogspot.com,11.0,2.484907,False
edition.cnn.com,ibloga.blogspot.com,3.0,1.386294,False
ft.com,ibloga.blogspot.com,3.0,1.386294,False
haaretz.com,ibloga.blogspot.com,22.0,3.135494,False
flickr.com,ibloga.blogspot.com,3.0,1.386294,False
4.bp.blogspot.com,ibloga.blogspot.com,2.0,1.098612,False
cbsnews.com,ibloga.blogspot.com,6.0,1.94591,False
google.com,ibloga.blogspot.com,33.0,3.526361,False
hotair.com,ibloga.blogspot.com,20.0,3.044522,False
cbc.ca,ibloga.blogspot.com,5.0,1.791759,False
cnn.com,ibloga.blogspot.com,19.0,2.995732,False
corner.nationalreview.com,ibloga.blogspot.com,7.0,2.079442,False
chron.com,ibloga.blogspot.com,3.0,1.386294,False
forbes.com,ibloga.blogspot.com,3.0,1.386294,False
freerepublic.com,ibloga.blogspot.com,3.0,1.386294,False
dailymail.co.uk,ibloga.blogspot.com,23.0,3.178054,False
blog.wired.com,ibloga.blogspot.com,3.0,1.386294,False
bbc.co.uk,ibloga.blogspot.com,3.0,1.386294,False
facebook.com,ibloga.blogspot.com,2.0,1.098612,False
crooksandliars.com,icestationtango.blogspot.com,290.0,5.673323,False
huffingtonpost.com,icestationtango.blogspot.com,333.0,5.811141,False
flickr.com,icestationtango.blogspot.com,16.0,2.833213,False
gawker.com,icestationtango.blogspot.com,5.0,1.791759,False
4.bp.blogspot.com,icestationtango.blogspot.com,94.0,4.553877,False
chicagotribune.com,icestationtango.blogspot.com,5.0,1.791759,False
eonline.com,icestationtango.blogspot.com,8.0,2.197225,False
3.bp.blogspot.com,icestationtango.blogspot.com,101.0,4.624973,False
cnn.com,icestationtango.blogspot.com,76.0,4.343805,False
breitbart.com,icestationtango.blogspot.com,7.0,2.079442,False
haaretz.com,icestationtango.blogspot.com,2.0,1.098612,False
economist.com,icestationtango.blogspot.com,2.0,1.098612,False
1.bp.blogspot.com,icestationtango.blogspot.com,87.0,4.477337,False
bloomberg.com,icestationtango.blogspot.com,12.0,2.564949,False
firstread.msnbc.msn.com,icestationtango.blogspot.com,7.0,2.079442,False
boston.com,icestationtango.blogspot.com,24.0,3.218876,False
digitalspy.co.uk,icestationtango.blogspot.com,2.0,1.098612,False
bbc.co.uk,icestationtango.blogspot.com,12.0,2.564949,False
dailymail.co.uk,icestationtango.blogspot.com,9.0,2.302585,False
cbc.ca,icestationtango.blogspot.com,15.0,2.772589,False
digg.com,icestationtango.blogspot.com,3.0,1.386294,False
cbsnews.com,icestationtango.blogspot.com,35.0,3.583519,False
blogger.com,icestationtango.blogspot.com,7687.0,8.947416,False
amazon.com,icestationtango.blogspot.com,22.0,3.135494,False
google.com,icestationtango.blogspot.com,59.0,4.094345,False
feedproxy.google.com,icestationtango.blogspot.com,2.0,1.098612,False
en.wikipedia.org,icestationtango.blogspot.com,277.0,5.627621,False
businessweek.com,icestationtango.blogspot.com,2.0,1.098612,False
edition.cnn.com,icestationtango.blogspot.com,6.0,1.94591,False
arstechnica.com,icestationtango.blogspot.com,6.0,1.94591,False
blog.wired.com,icestationtango.blogspot.com,56.0,4.043051,False
gizmodo.com,icestationtango.blogspot.com,2.0,1.098612,False
foxnews.com,icestationtango.blogspot.com,10.0,2.397895,False
examiner.com,icestationtango.blogspot.com,4.0,1.609438,False
blogs.wsj.com,icestationtango.blogspot.com,3.0,1.386294,False
2.bp.blogspot.com,icestationtango.blogspot.com,53.0,3.988984,False
guardian.co.uk,icestationtango.blogspot.com,40.0,3.713572,False
abcnews.go.com,icestationtango.blogspot.com,42.0,3.7612,False
fivethirtyeight.com,icestationtango.blogspot.com,15.0,2.772589,False
alternet.org,icestationtango.blogspot.com,26.0,3.295837,False
dailykos.com,icestationtango.blogspot.com,54.0,4.007333,False
blogs.abcnews.com,icestationtango.blogspot.com,14.0,2.70805,False
hotair.com,icestationtango.blogspot.com,2.0,1.098612,False
commondreams.org,icestationtango.blogspot.com,57.0,4.060443,False
chron.com,icestationtango.blogspot.com,15.0,2.772589,False
freerepublic.com,icestationtango.blogspot.com,8.0,2.197225,False
d-day.blogspot.com,iht.com,31.0,3.465736,False
alterdestiny.blogspot.com,iht.com,22.0,3.135494,False
holycoast.blogspot.com,iht.com,14.0,2.70805,False
cujo359.blogspot.com,iht.com,8.0,2.197225,False
blogs.abcnews.com,iht.com,2.0,1.098612,False
cajunboyinthecity.blogspot.com,iht.com,4.0,1.609438,False
cinie.wordpress.com,iht.com,8.0,2.197225,False
althouse.blogspot.com,iht.com,5.0,1.791759,False
classicalvalues.com,iht.com,7.0,2.079442,False
blog.openitstrategies.com,iht.com,16.0,2.833213,False
atlasshrugs2000.typepad.com,iht.com,10.0,2.397895,False
danceswithanxiety.blogspot.com,iht.com,2.0,1.098612,False
chacha.com,iht.com,4.0,1.609438,False
djtechnocrat.blogspot.com,iht.com,26.0,3.295837,False
downwithtyranny.blogspot.com,iht.com,11.0,2.484907,False
blog.badtux.net,iht.com,19.0,2.995732,False
concurringopinions.com,iht.com,29.0,3.401197,False
capitalfax.blogspot.com,iht.com,4.0,1.609438,False
ibloga.blogspot.com,iht.com,11.0,2.484907,False
dumpbachmann.blogspot.com,iht.com,2.0,1.098612,False
greenwichroundup.blogspot.com,iht.com,29.0,3.401197,False
buckmire.blogspot.com,iht.com,4.0,1.609438,False
icestationtango.blogspot.com,iht.com,19.0,2.995732,False
gatesofvienna.blogspot.com,iht.com,13.0,2.639057,False
circleof13.blogspot.com,iht.com,14.0,2.70805,False
babbazeesbrain.blogspot.com,iht.com,212.0,5.361292,False
evolvehappy.com,iht.com,12.0,2.564949,False
angrybear.blogspot.com,iht.com,5.0,1.791759,False
fivethirtyeight.com,iht.com,2.0,1.098612,False
firstread.msnbc.msn.com,iht.com,4.0,1.609438,False
cbc.ca,imdb.com,11.0,2.484907,False
boston.com,imdb.com,27.0,3.332205,False
cajunboyinthecity.blogspot.com,imdb.com,6.0,1.94591,False
blog.badtux.net,imdb.com,3.0,1.386294,False
fivethirtyeight.com,imdb.com,8.0,2.197225,False
classicalvalues.com,imdb.com,46.0,3.850148,False
cujo359.blogspot.com,imdb.com,203.0,5.31812,False
icestationtango.blogspot.com,imdb.com,22.0,3.135494,False
feeds.gothamistllc.com,imdb.com,214.0,5.370638,False
atlasshrugs2000.typepad.com,imdb.com,2.0,1.098612,False
forum.dvdtalk.com,imdb.com,660.0,6.493754,False
concurringopinions.com,imdb.com,161.0,5.087596,False
buckmire.blogspot.com,imdb.com,143.0,4.969813,False
digitalspy.co.uk,imdb.com,288.0,5.666427,False
guardian.co.uk,imdb.com,51.0,3.951244,False
capitalfax.blogspot.com,imdb.com,8.0,2.197225,False
djtechnocrat.blogspot.com,imdb.com,11.0,2.484907,False
hotair.com,imdb.com,2.0,1.098612,False
chacha.com,imdb.com,2359.0,7.766417,False
feeds.gawker.com,imdb.com,5.0,1.791759,False
babbazeesbrain.blogspot.com,imdb.com,26.0,3.295837,False
crooksandliars.com,imdb.com,2.0,1.098612,False
examiner.com,imdb.com,38.0,3.663562,False
alterdestiny.blogspot.com,imdb.com,100.0,4.615121,False
feedproxy.google.com,imdb.com,6.0,1.94591,False
freerepublic.com,imdb.com,2.0,1.098612,False
danceswithanxiety.blogspot.com,imdb.com,102.0,4.634729,False
angrybear.blogspot.com,imdb.com,5.0,1.791759,False
gawker.com,imdb.com,25.0,3.258097,False
bloomberg.com,imdb.com,6.0,1.94591,False
gatesofvienna.blogspot.com,imdb.com,4.0,1.609438,False
corner.nationalreview.com,imdb.com,2.0,1.098612,False
althouse.blogspot.com,imdb.com,56.0,4.043051,False
deadspin.com,imdb.com,5.0,1.791759,False
gizmodo.com,imdb.com,5.0,1.791759,False
circleof13.blogspot.com,imdb.com,4.0,1.609438,False
evolvehappy.com,imdb.com,87.0,4.477337,False
blog.wired.com,imdb.com,65.0,4.189655,False
d-day.blogspot.com,imdb.com,15.0,2.772589,False
blog.openitstrategies.com,imdb.com,27.0,3.332205,False
holycoast.blogspot.com,imdb.com,4.0,1.609438,False
bbc.co.uk,imdb.com,3.0,1.386294,False
huffingtonpost.com,imdb.com,8.0,2.197225,False
ibloga.blogspot.com,imdb.com,7.0,2.079442,False
feeds.gothamistllc.com,independent.co.uk,29.0,3.401197,False
classicalvalues.com,independent.co.uk,3.0,1.386294,False
evolvehappy.com,independent.co.uk,4.0,1.609438,False
concurringopinions.com,independent.co.uk,4.0,1.609438,False
commondreams.org,independent.co.uk,13.0,2.639057,False
dailykos.com,independent.co.uk,2.0,1.098612,False
forum.dvdtalk.com,independent.co.uk,6.0,1.94591,False
bbc.co.uk,independent.co.uk,3.0,1.386294,False
digitalspy.co.uk,independent.co.uk,124.0,4.828314,False
holycoast.blogspot.com,independent.co.uk,2.0,1.098612,False
guardian.co.uk,independent.co.uk,59.0,4.094345,False
boston.com,independent.co.uk,10.0,2.397895,False
babbazeesbrain.blogspot.com,independent.co.uk,81.0,4.406719,False
gatesofvienna.blogspot.com,independent.co.uk,4.0,1.609438,False
alterdestiny.blogspot.com,independent.co.uk,3.0,1.386294,False
d-day.blogspot.com,independent.co.uk,9.0,2.302585,False
danceswithanxiety.blogspot.com,independent.co.uk,8.0,2.197225,False
cbc.ca,independent.co.uk,3.0,1.386294,False
icestationtango.blogspot.com,independent.co.uk,3.0,1.386294,False
chacha.com,independent.co.uk,4.0,1.609438,False
capitalfax.blogspot.com,independent.co.uk,2.0,1.098612,False
hotair.com,independent.co.uk,2.0,1.098612,False
blog.badtux.net,independent.co.uk,3.0,1.386294,False
cajunboyinthecity.blogspot.com,independent.co.uk,5.0,1.791759,False
ibloga.blogspot.com,independent.co.uk,6.0,1.94591,False
circleof13.blogspot.com,independent.co.uk,25.0,3.258097,False
djtechnocrat.blogspot.com,independent.co.uk,3.0,1.386294,False
blog.wired.com,independent.co.uk,2.0,1.098612,False
huffingtonpost.com,independent.co.uk,6.0,1.94591,False
feeds.gawker.com,independent.co.uk,4.0,1.609438,False
gawker.com,independent.co.uk,2.0,1.098612,False
i.gizmodo.com,independent.co.uk,5.0,1.791759,False
blog.wired.com,informationweek.com,9.0,2.302585,False
babbazeesbrain.blogspot.com,informationweek.com,6.0,1.94591,False
djtechnocrat.blogspot.com,informationweek.com,61.0,4.127134,False
blog.openitstrategies.com,informationweek.com,45.0,3.828641,False
breitbart.com,informationweek.com,4.0,1.609438,False
blogs.zdnet.com,informationweek.com,28.0,3.367296,False
guardian.co.uk,informationweek.com,3.0,1.386294,False
gizmodo.com,informationweek.com,9.0,2.302585,False
concurringopinions.com,informationweek.com,2.0,1.098612,False
evolvehappy.com,informationweek.com,7.0,2.079442,False
gawker.com,informationweek.com,7.0,2.079442,False
engadget.com,informationweek.com,25.0,3.258097,False
chacha.com,informationweek.com,9.0,2.302585,False
dailymail.co.uk,informationweek.com,9.0,2.302585,False
en.wikipedia.org,informationweek.com,77.0,4.356709,False
finance.yahoo.com,informationweek.com,9.0,2.302585,False
forbes.com,informationweek.com,4.0,1.609438,False
apple.com,informationweek.com,29.0,3.401197,False
cnn.com,informationweek.com,9.0,2.302585,False
i.gizmodo.com,informationweek.com,4.0,1.609438,False
bloomberg.com,informationweek.com,4.0,1.609438,False
google.com,informationweek.com,59.0,4.094345,False
foxnews.com,informationweek.com,18.0,2.944439,False
eonline.com,informationweek.com,2.0,1.098612,False
arstechnica.com,informationweek.com,19.0,2.995732,False
businessweek.com,informationweek.com,6.0,1.94591,False
blogs.wsj.com,informationweek.com,6.0,1.94591,False
huffingtonpost.com,informationweek.com,9.0,2.302585,False
feeds.gothamistllc.com,ionarts.blogspot.com,9.0,2.302585,False
blogger.com,ionarts.blogspot.com,4872.0,8.491465,False
abcnews.go.com,ionarts.blogspot.com,5.0,1.791759,False
examiner.com,ionarts.blogspot.com,2.0,1.098612,False
huffingtonpost.com,ionarts.blogspot.com,5.0,1.791759,False
iht.com,ionarts.blogspot.com,160.0,5.081404,False
2.bp.blogspot.com,ionarts.blogspot.com,617.0,6.426488,False
bloomberg.com,ionarts.blogspot.com,63.0,4.158883,False
haaretz.com,ionarts.blogspot.com,3.0,1.386294,False
independent.co.uk,ionarts.blogspot.com,18.0,2.944439,False
4.bp.blogspot.com,ionarts.blogspot.com,403.0,6.001415,False
amazon.com,ionarts.blogspot.com,5442.0,8.602086,False
chicagotribune.com,ionarts.blogspot.com,90.0,4.51086,False
bbc.co.uk,ionarts.blogspot.com,62.0,4.143135,False
en.wikipedia.org,ionarts.blogspot.com,220.0,5.398163,False
google.com,ionarts.blogspot.com,12.0,2.564949,False
flickr.com,ionarts.blogspot.com,576.0,6.357842,False
cbsnews.com,ionarts.blogspot.com,5.0,1.791759,False
boston.com,ionarts.blogspot.com,43.0,3.78419,False
chron.com,ionarts.blogspot.com,2.0,1.098612,False
apple.com,ionarts.blogspot.com,3.0,1.386294,False
ft.com,ionarts.blogspot.com,55.0,4.025352,False
imdb.com,ionarts.blogspot.com,309.0,5.736572,False
1.bp.blogspot.com,ionarts.blogspot.com,852.0,6.74876,False
economist.com,ionarts.blogspot.com,8.0,2.197225,False
guardian.co.uk,ionarts.blogspot.com,151.0,5.023881,False
edition.cnn.com,ionarts.blogspot.com,2.0,1.098612,False
forbes.com,ionarts.blogspot.com,10.0,2.397895,False
foxnews.com,ionarts.blogspot.com,4.0,1.609438,False
3.bp.blogspot.com,ionarts.blogspot.com,514.0,6.244167,False
cbc.ca,ionarts.blogspot.com,8.0,2.197225,False
cnn.com,ionarts.blogspot.com,90.0,4.51086,False
concurringopinions.com,jezebel.com,4.0,1.609438,False
danceswithanxiety.blogspot.com,jezebel.com,3.0,1.386294,False
huffingtonpost.com,jezebel.com,67.0,4.219508,False
feeds.gothamistllc.com,jezebel.com,5.0,1.791759,False
eonline.com,jezebel.com,98.0,4.59512,False
cnn.com,jezebel.com,48.0,3.89182,False
guardian.co.uk,jezebel.com,80.0,4.394449,False
cajunboyinthecity.blogspot.com,jezebel.com,12.0,2.564949,False
feeds.gawker.com,jezebel.com,770.0,6.647688,False
deadspin.com,jezebel.com,10.0,2.397895,False
gawker.com,jezebel.com,39.0,3.688879,False
alterdestiny.blogspot.com,jezebel.com,4.0,1.609438,False
althouse.blogspot.com,jezebel.com,2.0,1.098612,False
cbc.ca,jezebel.com,2.0,1.098612,False
breitbart.com,jezebel.com,28.0,3.367296,False
dailykos.com,jezebel.com,4.0,1.609438,False
dailymail.co.uk,jezebel.com,146.0,4.990433,False
chron.com,jezebel.com,13.0,2.639057,False
ft.com,jezebel.com,10.0,2.397895,False
blogs.abcnews.com,jezebel.com,7.0,2.079442,False
independent.co.uk,jezebel.com,22.0,3.135494,False
flickr.com,jezebel.com,10.0,2.397895,False
google.com,jezebel.com,12.0,2.564949,False
examiner.com,jezebel.com,3.0,1.386294,False
haaretz.com,jezebel.com,2.0,1.098612,False
en.wikipedia.org,jezebel.com,45.0,3.828641,False
economist.com,jezebel.com,3.0,1.386294,False
abcnews.go.com,jezebel.com,27.0,3.332205,False
boston.com,jezebel.com,18.0,2.944439,False
blog.wired.com,jezebel.com,5.0,1.791759,False
amazon.com,jezebel.com,60.0,4.110874,False
chicagotribune.com,jezebel.com,6.0,1.94591,False
facebook.com,jezebel.com,12.0,2.564949,False
blogs.wsj.com,jezebel.com,2.0,1.098612,False
iht.com,jezebel.com,2.0,1.098612,False
cbsnews.com,jezebel.com,39.0,3.688879,False
foxnews.com,jezebel.com,12.0,2.564949,False
atlasshrugs2000.typepad.com,jihadwatch.org,112.0,4.727388,False
djtechnocrat.blogspot.com,jihadwatch.org,4.0,1.609438,False
babbazeesbrain.blogspot.com,jihadwatch.org,56.0,4.043051,False
freerepublic.com,jihadwatch.org,7.0,2.079442,False
boston.com,jihadwatch.org,54.0,4.007333,False
gatesofvienna.blogspot.com,jihadwatch.org,161.0,5.087596,False
ibloga.blogspot.com,jihadwatch.org,72.0,4.290459,False
conservapedia.com,jihadwatch.org,13.0,2.639057,False
forum.dvdtalk.com,jihadwatch.org,5.0,1.791759,False
classicalvalues.com,jihadwatch.org,4.0,1.609438,False
bbc.co.uk,jihadwatch.org,3.0,1.386294,False
forbes.com,jihadwatch.org,14.0,2.70805,False
iht.com,jihadwatch.org,65.0,4.189655,False
chron.com,jihadwatch.org,24.0,3.218876,False
guardian.co.uk,jihadwatch.org,178.0,5.187386,False
cbc.ca,jihadwatch.org,21.0,3.091042,False
ft.com,jihadwatch.org,16.0,2.833213,False
cbsnews.com,jihadwatch.org,32.0,3.496508,False
google.com,jihadwatch.org,94.0,4.553877,False
commondreams.org,jihadwatch.org,2.0,1.098612,False
edition.cnn.com,jihadwatch.org,39.0,3.688879,False
blogs.abcnews.com,jihadwatch.org,22.0,3.135494,False
independent.co.uk,jihadwatch.org,25.0,3.258097,False
foxnews.com,jihadwatch.org,290.0,5.673323,False
haaretz.com,jihadwatch.org,96.0,4.574711,False
abcnews.go.com,jihadwatch.org,62.0,4.143135,False
en.wikipedia.org,jihadwatch.org,46.0,3.850148,False
corner.nationalreview.com,jihadwatch.org,14.0,2.70805,False
examiner.com,jihadwatch.org,4.0,1.609438,False
bloomberg.com,jihadwatch.org,28.0,3.367296,False
breitbart.com,jihadwatch.org,54.0,4.007333,False
hotair.com,jihadwatch.org,42.0,3.7612,False
dailymail.co.uk,jihadwatch.org,184.0,5.220356,False
chicagotribune.com,jihadwatch.org,44.0,3.806662,False
economist.com,jihadwatch.org,8.0,2.197225,False
cnn.com,jihadwatch.org,245.0,5.505332,False
blog.wired.com,jihadwatch.org,2.0,1.098612,False
amazon.com,jihadwatch.org,232.0,5.451038,False
huffingtonpost.com,jihadwatch.org,7.0,2.079442,False
corner.nationalreview.com,joshingpolitics.blogspot.com,4.0,1.609438,False
boston.com,joshingpolitics.blogspot.com,27.0,3.332205,False
blogs.abcnews.com,joshingpolitics.blogspot.com,36.0,3.610918,False
amazon.com,joshingpolitics.blogspot.com,12.0,2.564949,False
dumpbachmann.blogspot.com,joshingpolitics.blogspot.com,2.0,1.098612,False
huffingtonpost.com,joshingpolitics.blogspot.com,377.0,5.934894,False
freerepublic.com,joshingpolitics.blogspot.com,2.0,1.098612,False
forbes.com,joshingpolitics.blogspot.com,11.0,2.484907,False
facebook.com,joshingpolitics.blogspot.com,3.0,1.386294,False
2.bp.blogspot.com,joshingpolitics.blogspot.com,25.0,3.258097,False
1.bp.blogspot.com,joshingpolitics.blogspot.com,30.0,3.433987,False
commondreams.org,joshingpolitics.blogspot.com,11.0,2.484907,False
blogger.com,joshingpolitics.blogspot.com,13708.0,9.525808,False
independent.co.uk,joshingpolitics.blogspot.com,5.0,1.791759,False
blog.wired.com,joshingpolitics.blogspot.com,7.0,2.079442,False
flickr.com,joshingpolitics.blogspot.com,7.0,2.079442,False
cnn.com,joshingpolitics.blogspot.com,80.0,4.394449,False
4.bp.blogspot.com,joshingpolitics.blogspot.com,45.0,3.828641,False
breitbart.com,joshingpolitics.blogspot.com,2.0,1.098612,False
dailykos.com,joshingpolitics.blogspot.com,198.0,5.293305,False
alternet.org,joshingpolitics.blogspot.com,13.0,2.639057,False
cbc.ca,joshingpolitics.blogspot.com,2.0,1.098612,False
foxnews.com,joshingpolitics.blogspot.com,19.0,2.995732,False
dailymail.co.uk,joshingpolitics.blogspot.com,5.0,1.791759,False
digg.com,joshingpolitics.blogspot.com,15.0,2.772589,False
3.bp.blogspot.com,joshingpolitics.blogspot.com,25.0,3.258097,False
ft.com,joshingpolitics.blogspot.com,3.0,1.386294,False
downwithtyranny.blogspot.com,joshingpolitics.blogspot.com,9.0,2.302585,False
cbsnews.com,joshingpolitics.blogspot.com,52.0,3.970292,False
crooksandliars.com,joshingpolitics.blogspot.com,203.0,5.31812,False
firstread.msnbc.msn.com,joshingpolitics.blogspot.com,10.0,2.397895,False
hotair.com,joshingpolitics.blogspot.com,2.0,1.098612,False
haaretz.com,joshingpolitics.blogspot.com,3.0,1.386294,False
guardian.co.uk,joshingpolitics.blogspot.com,45.0,3.828641,False
imdb.com,joshingpolitics.blogspot.com,7.0,2.079442,False
google.com,joshingpolitics.blogspot.com,729.0,6.593045,False
edition.cnn.com,joshingpolitics.blogspot.com,3.0,1.386294,False
iht.com,joshingpolitics.blogspot.com,13.0,2.639057,False
arstechnica.com,joshingpolitics.blogspot.com,4.0,1.609438,False
abcnews.go.com,joshingpolitics.blogspot.com,44.0,3.806662,False
gawker.com,joshingpolitics.blogspot.com,5.0,1.791759,False
blogs.wsj.com,joshingpolitics.blogspot.com,13.0,2.639057,False
examiner.com,joshingpolitics.blogspot.com,29.0,3.401197,False
fivethirtyeight.com,joshingpolitics.blogspot.com,9.0,2.302585,False
chron.com,joshingpolitics.blogspot.com,16.0,2.833213,False
en.wikipedia.org,joshingpolitics.blogspot.com,141.0,4.955827,False
businessweek.com,joshingpolitics.blogspot.com,7.0,2.079442,False
chicagotribune.com,joshingpolitics.blogspot.com,14.0,2.70805,False
bloomberg.com,joshingpolitics.blogspot.com,25.0,3.258097,False
alternet.org,kennysideshow.blogspot.com,52.0,3.970292,False
bbc.co.uk,kennysideshow.blogspot.com,5.0,1.791759,False
blog.wired.com,kennysideshow.blogspot.com,25.0,3.258097,False
iht.com,kennysideshow.blogspot.com,16.0,2.833213,False
blogs.abcnews.com,kennysideshow.blogspot.com,5.0,1.791759,False
forbes.com,kennysideshow.blogspot.com,4.0,1.609438,False
commondreams.org,kennysideshow.blogspot.com,38.0,3.663562,False
bloomberg.com,kennysideshow.blogspot.com,28.0,3.367296,False
facebook.com,kennysideshow.blogspot.com,2.0,1.098612,False
freerepublic.com,kennysideshow.blogspot.com,8.0,2.197225,False
4.bp.blogspot.com,kennysideshow.blogspot.com,104.0,4.65396,False
boston.com,kennysideshow.blogspot.com,23.0,3.178054,False
crooksandliars.com,kennysideshow.blogspot.com,8.0,2.197225,False
google.com,kennysideshow.blogspot.com,54.0,4.007333,False
foxnews.com,kennysideshow.blogspot.com,25.0,3.258097,False
2.bp.blogspot.com,kennysideshow.blogspot.com,84.0,4.442651,False
cnn.com,kennysideshow.blogspot.com,32.0,3.496508,False
1.bp.blogspot.com,kennysideshow.blogspot.com,93.0,4.543295,False
digg.com,kennysideshow.blogspot.com,6.0,1.94591,False
dailymail.co.uk,kennysideshow.blogspot.com,15.0,2.772589,False
independent.co.uk,kennysideshow.blogspot.com,26.0,3.295837,False
examiner.com,kennysideshow.blogspot.com,37.0,3.637586,False
cbsnews.com,kennysideshow.blogspot.com,23.0,3.178054,False
arstechnica.com,kennysideshow.blogspot.com,4.0,1.609438,False
huffingtonpost.com,kennysideshow.blogspot.com,37.0,3.637586,False
edition.cnn.com,kennysideshow.blogspot.com,16.0,2.833213,False
dailykos.com,kennysideshow.blogspot.com,5.0,1.791759,False
en.wikipedia.org,kennysideshow.blogspot.com,331.0,5.805135,False
chron.com,kennysideshow.blogspot.com,5.0,1.791759,False
guardian.co.uk,kennysideshow.blogspot.com,115.0,4.75359,False
blogger.com,kennysideshow.blogspot.com,2368.0,7.770223,False
haaretz.com,kennysideshow.blogspot.com,54.0,4.007333,False
chicagotribune.com,kennysideshow.blogspot.com,11.0,2.484907,False
flickr.com,kennysideshow.blogspot.com,31.0,3.465736,False
economist.com,kennysideshow.blogspot.com,8.0,2.197225,False
finance.yahoo.com,kennysideshow.blogspot.com,2.0,1.098612,False
cbc.ca,kennysideshow.blogspot.com,6.0,1.94591,False
breitbart.com,kennysideshow.blogspot.com,11.0,2.484907,False
amazon.com,kennysideshow.blogspot.com,123.0,4.820282,False
businessweek.com,kennysideshow.blogspot.com,3.0,1.386294,False
blogs.wsj.com,kennysideshow.blogspot.com,5.0,1.791759,False
ft.com,kennysideshow.blogspot.com,11.0,2.484907,False
3.bp.blogspot.com,kennysideshow.blogspot.com,99.0,4.60517,False
corner.nationalreview.com,kennysideshow.blogspot.com,2.0,1.098612,False
imdb.com,kennysideshow.blogspot.com,7.0,2.079442,False
abcnews.go.com,kennysideshow.blogspot.com,50.0,3.931826,False
gizmodo.com,kotaku.com,55.0,4.025352,False
businessweek.com,kotaku.com,6.0,1.94591,False
feeds.gawker.com,kotaku.com,2272.0,7.728856,False
digitalspy.co.uk,kotaku.com,32.0,3.496508,False
deadspin.com,kotaku.com,11.0,2.484907,False
evolvehappy.com,kotaku.com,2.0,1.098612,False
blog.badtux.net,kotaku.com,2.0,1.098612,False
chacha.com,kotaku.com,3.0,1.386294,False
i.gizmodo.com,kotaku.com,131.0,4.882802,False
guardian.co.uk,kotaku.com,3.0,1.386294,False
blog.wired.com,kotaku.com,11.0,2.484907,False
forum.dvdtalk.com,kotaku.com,74.0,4.317488,False
amazon.com,kotaku.com,23.0,3.178054,False
imdb.com,kotaku.com,13.0,2.639057,False
arstechnica.com,kotaku.com,22.0,3.135494,False
ft.com,kotaku.com,4.0,1.609438,False
bloomberg.com,kotaku.com,3.0,1.386294,False
facebook.com,kotaku.com,8.0,2.197225,False
flickr.com,kotaku.com,23.0,3.178054,False
google.com,kotaku.com,18.0,2.944439,False
cnn.com,kotaku.com,5.0,1.791759,False
cbc.ca,kotaku.com,5.0,1.791759,False
foxnews.com,kotaku.com,3.0,1.386294,False
engadget.com,kotaku.com,5.0,1.791759,False
en.wikipedia.org,kotaku.com,142.0,4.962845,False
finance.yahoo.com,kotaku.com,6.0,1.94591,False
apple.com,kotaku.com,2.0,1.098612,False
dumpbachmann.blogspot.com,latimes.com,11.0,2.484907,False
blog.wired.com,latimes.com,12.0,2.564949,False
cinie.wordpress.com,latimes.com,135.0,4.912655,False
icestationtango.blogspot.com,latimes.com,27.0,3.332205,False
ibloga.blogspot.com,latimes.com,9.0,2.302585,False
deadspin.com,latimes.com,16.0,2.833213,False
guardian.co.uk,latimes.com,33.0,3.526361,False
i.gizmodo.com,latimes.com,4.0,1.609438,False
feedproxy.google.com,latimes.com,2.0,1.098612,False
gawker.com,latimes.com,80.0,4.394449,False
kennysideshow.blogspot.com,latimes.com,25.0,3.258097,False
joshingpolitics.blogspot.com,latimes.com,40.0,3.713572,False
jezebel.com,latimes.com,70.0,4.26268,False
blog.openitstrategies.com,latimes.com,31.0,3.465736,False
freerepublic.com,latimes.com,9.0,2.302585,False
huffingtonpost.com,latimes.com,27.0,3.332205,False
examiner.com,latimes.com,4.0,1.609438,False
blogs.abcnews.com,latimes.com,262.0,5.572154,False
corner.nationalreview.com,latimes.com,3.0,1.386294,False
angrybear.blogspot.com,latimes.com,47.0,3.871201,False
forum.dvdtalk.com,latimes.com,28.0,3.367296,False
hotair.com,latimes.com,8.0,2.197225,False
feeds.gawker.com,latimes.com,10.0,2.397895,False
greenwichroundup.blogspot.com,latimes.com,9.0,2.302585,False
jihadwatch.org,latimes.com,80.0,4.394449,False
ionarts.blogspot.com,latimes.com,18.0,2.944439,False
circleof13.blogspot.com,latimes.com,10.0,2.397895,False
downwithtyranny.blogspot.com,latimes.com,103.0,4.644391,False
concurringopinions.com,latimes.com,34.0,3.555348,False
digitalspy.co.uk,latimes.com,4.0,1.609438,False
dailykos.com,latimes.com,6.0,1.94591,False
alternet.org,latimes.com,18.0,2.944439,False
gatesofvienna.blogspot.com,latimes.com,5.0,1.791759,False
feeds.gothamistllc.com,latimes.com,111.0,4.718499,False
cbsnews.com,latimes.com,8.0,2.197225,False
firstread.msnbc.msn.com,latimes.com,96.0,4.574711,False
althouse.blogspot.com,latimes.com,34.0,3.555348,False
cujo359.blogspot.com,latimes.com,25.0,3.258097,False
blogs.wsj.com,latimes.com,25.0,3.258097,False
capitalfax.blogspot.com,latimes.com,86.0,4.465908,False
cajunboyinthecity.blogspot.com,latimes.com,22.0,3.135494,False
danceswithanxiety.blogspot.com,latimes.com,15.0,2.772589,False
conservapedia.com,latimes.com,107.0,4.682131,False
atlasshrugs2000.typepad.com,latimes.com,12.0,2.564949,False
evolvehappy.com,latimes.com,188.0,5.241747,False
amazon.com,latimes.com,344.0,5.843544,False
classicalvalues.com,latimes.com,24.0,3.218876,False
babbazeesbrain.blogspot.com,latimes.com,128.0,4.859812,False
crooksandliars.com,latimes.com,4.0,1.609438,False
blog.badtux.net,latimes.com,20.0,3.044522,False
buckmire.blogspot.com,latimes.com,280.0,5.638355,False
djtechnocrat.blogspot.com,latimes.com,21.0,3.091042,False
commondreams.org,latimes.com,10.0,2.397895,False
chicagotribune.com,latimes.com,6.0,1.94591,False
chacha.com,latimes.com,13.0,2.639057,False
boston.com,latimes.com,9.0,2.302585,False
holycoast.blogspot.com,latimes.com,129.0,4.867534,False
d-day.blogspot.com,latimes.com,626.0,6.440947,False
fivethirtyeight.com,latimes.com,21.0,3.091042,False
alterdestiny.blogspot.com,latimes.com,16.0,2.833213,False
en.wikipedia.org,latimes.com,68.0,4.234107,False
forbes.com,latimes.com,7.0,2.079442,False
bloomberg.com,latimes.com,2.0,1.098612,False
google.com,latimes.com,6.0,1.94591,False
imdb.com,latimes.com,11.0,2.484907,False
cdc.gov,latimes.com,3.0,1.386294,False
foxnews.com,latimes.com,4.0,1.609438,False
huffingtonpost.com,latimesblogs.latimes.com,6.0,1.94591,False
boston.com,latimesblogs.latimes.com,3.0,1.386294,False
joshingpolitics.blogspot.com,latimesblogs.latimes.com,12.0,2.564949,False
latimes.com,latimesblogs.latimes.com,32.0,3.496508,False
examiner.com,latimesblogs.latimes.com,4.0,1.609438,False
eonline.com,latimesblogs.latimes.com,2.0,1.098612,False
cujo359.blogspot.com,latimesblogs.latimes.com,3.0,1.386294,False
hotair.com,latimesblogs.latimes.com,9.0,2.302585,False
fivethirtyeight.com,latimesblogs.latimes.com,25.0,3.258097,False
cajunboyinthecity.blogspot.com,latimesblogs.latimes.com,5.0,1.791759,False
classicalvalues.com,latimesblogs.latimes.com,3.0,1.386294,False
jezebel.com,latimesblogs.latimes.com,16.0,2.833213,False
forum.dvdtalk.com,latimesblogs.latimes.com,28.0,3.367296,False
holycoast.blogspot.com,latimesblogs.latimes.com,17.0,2.890372,False
informationweek.com,latimesblogs.latimes.com,3.0,1.386294,False
blog.openitstrategies.com,latimesblogs.latimes.com,12.0,2.564949,False
economist.com,latimesblogs.latimes.com,2.0,1.098612,False
babbazeesbrain.blogspot.com,latimesblogs.latimes.com,33.0,3.526361,False
kennysideshow.blogspot.com,latimesblogs.latimes.com,2.0,1.098612,False
ionarts.blogspot.com,latimesblogs.latimes.com,12.0,2.564949,False
feeds.gawker.com,latimesblogs.latimes.com,11.0,2.484907,False
guardian.co.uk,latimesblogs.latimes.com,3.0,1.386294,False
chicagotribune.com,latimesblogs.latimes.com,8.0,2.197225,False
firstread.msnbc.msn.com,latimesblogs.latimes.com,4.0,1.609438,False
kotaku.com,latimesblogs.latimes.com,7.0,2.079442,False
jihadwatch.org,latimesblogs.latimes.com,3.0,1.386294,False
icestationtango.blogspot.com,latimesblogs.latimes.com,2.0,1.098612,False
chacha.com,latimesblogs.latimes.com,6.0,1.94591,False
buckmire.blogspot.com,latimesblogs.latimes.com,9.0,2.302585,False
blogs.abcnews.com,latimesblogs.latimes.com,2.0,1.098612,False
althouse.blogspot.com,latimesblogs.latimes.com,2.0,1.098612,False
circleof13.blogspot.com,latimesblogs.latimes.com,2.0,1.098612,False
cinie.wordpress.com,latimesblogs.latimes.com,94.0,4.553877,False
feedproxy.google.com,latimesblogs.latimes.com,4.0,1.609438,False
blog.badtux.net,latimesblogs.latimes.com,2.0,1.098612,False
djtechnocrat.blogspot.com,latimesblogs.latimes.com,2.0,1.098612,False
capitalfax.blogspot.com,latimesblogs.latimes.com,27.0,3.332205,False
freerepublic.com,latimesblogs.latimes.com,3.0,1.386294,False
downwithtyranny.blogspot.com,latimesblogs.latimes.com,18.0,2.944439,False
concurringopinions.com,latimesblogs.latimes.com,3.0,1.386294,False
feeds.gothamistllc.com,latimesblogs.latimes.com,55.0,4.025352,False
danceswithanxiety.blogspot.com,latimesblogs.latimes.com,6.0,1.94591,False
deadspin.com,latimesblogs.latimes.com,20.0,3.044522,False
evolvehappy.com,latimesblogs.latimes.com,4.0,1.609438,False
digitalspy.co.uk,latimesblogs.latimes.com,63.0,4.158883,False
gawker.com,latimesblogs.latimes.com,39.0,3.688879,False
greenwichroundup.blogspot.com,latimesblogs.latimes.com,4.0,1.609438,False
d-day.blogspot.com,latimesblogs.latimes.com,33.0,3.526361,False
blogs.wsj.com,latimesblogs.latimes.com,2.0,1.098612,False
classicalvalues.com,lefarkins.blogspot.com,2.0,1.098612,False
alterdestiny.blogspot.com,lefarkins.blogspot.com,355.0,5.874931,False
downwithtyranny.blogspot.com,lefarkins.blogspot.com,3.0,1.386294,False
d-day.blogspot.com,lefarkins.blogspot.com,39.0,3.688879,False
angrybear.blogspot.com,lefarkins.blogspot.com,5.0,1.791759,False
commondreams.org,lefarkins.blogspot.com,6.0,1.94591,False
boston.com,lefarkins.blogspot.com,26.0,3.295837,False
blogs.abcnews.com,lefarkins.blogspot.com,12.0,2.564949,False
dailykos.com,lefarkins.blogspot.com,102.0,4.634729,False
1.bp.blogspot.com,lefarkins.blogspot.com,151.0,5.023881,False
google.com,lefarkins.blogspot.com,125.0,4.836282,False
businessweek.com,lefarkins.blogspot.com,2.0,1.098612,False
jezebel.com,lefarkins.blogspot.com,29.0,3.401197,False
examiner.com,lefarkins.blogspot.com,3.0,1.386294,False
huffingtonpost.com,lefarkins.blogspot.com,53.0,3.988984,False
hotair.com,lefarkins.blogspot.com,76.0,4.343805,False
flickr.com,lefarkins.blogspot.com,40.0,3.713572,False
feedproxy.google.com,lefarkins.blogspot.com,2.0,1.098612,False
cdc.gov,lefarkins.blogspot.com,5.0,1.791759,False
arstechnica.com,lefarkins.blogspot.com,7.0,2.079442,False
blog.wired.com,lefarkins.blogspot.com,47.0,3.871201,False
deadspin.com,lefarkins.blogspot.com,6.0,1.94591,False
3.bp.blogspot.com,lefarkins.blogspot.com,208.0,5.342334,False
edition.cnn.com,lefarkins.blogspot.com,2.0,1.098612,False
freerepublic.com,lefarkins.blogspot.com,6.0,1.94591,False
gawker.com,lefarkins.blogspot.com,9.0,2.302585,False
concurringopinions.com,lefarkins.blogspot.com,3.0,1.386294,False
alternet.org,lefarkins.blogspot.com,20.0,3.044522,False
firstread.msnbc.msn.com,lefarkins.blogspot.com,2.0,1.098612,False
en.wikipedia.org,lefarkins.blogspot.com,396.0,5.983936,False
2.bp.blogspot.com,lefarkins.blogspot.com,149.0,5.010635,False
forbes.com,lefarkins.blogspot.com,5.0,1.791759,False
amazon.com,lefarkins.blogspot.com,580.0,6.364751,False
dailymail.co.uk,lefarkins.blogspot.com,2.0,1.098612,False
cnn.com,lefarkins.blogspot.com,121.0,4.804021,False
cbsnews.com,lefarkins.blogspot.com,19.0,2.995732,False
4.bp.blogspot.com,lefarkins.blogspot.com,251.0,5.529429,False
latimes.com,lefarkins.blogspot.com,224.0,5.4161,False
economist.com,lefarkins.blogspot.com,4.0,1.609438,False
abcnews.go.com,lefarkins.blogspot.com,21.0,3.091042,False
fivethirtyeight.com,lefarkins.blogspot.com,24.0,3.218876,False
ft.com,lefarkins.blogspot.com,3.0,1.386294,False
haaretz.com,lefarkins.blogspot.com,11.0,2.484907,False
breitbart.com,lefarkins.blogspot.com,2.0,1.098612,False
chron.com,lefarkins.blogspot.com,6.0,1.94591,False
atlasshrugs2000.typepad.com,lefarkins.blogspot.com,86.0,4.465908,False
bbc.co.uk,lefarkins.blogspot.com,3.0,1.386294,False
blogger.com,lefarkins.blogspot.com,21939.0,9.996067,False
crooksandliars.com,lefarkins.blogspot.com,28.0,3.367296,False
corner.nationalreview.com,lefarkins.blogspot.com,196.0,5.283204,False
conservapedia.com,lefarkins.blogspot.com,12.0,2.564949,False
cbc.ca,lefarkins.blogspot.com,9.0,2.302585,False
iht.com,lefarkins.blogspot.com,9.0,2.302585,False
guardian.co.uk,lefarkins.blogspot.com,39.0,3.688879,False
chicagotribune.com,lefarkins.blogspot.com,13.0,2.639057,False
apple.com,lefarkins.blogspot.com,3.0,1.386294,False
althouse.blogspot.com,lefarkins.blogspot.com,113.0,4.736198,False
imdb.com,lefarkins.blogspot.com,188.0,5.241747,False
foxnews.com,lefarkins.blogspot.com,43.0,3.78419,False
latimesblogs.latimes.com,lefarkins.blogspot.com,4.0,1.609438,False
bloomberg.com,lefarkins.blogspot.com,10.0,2.397895,False
finance.yahoo.com,lefarkins.blogspot.com,2.0,1.098612,False
independent.co.uk,leftword.blogdig.net,11.0,2.484907,False
crooksandliars.com,leftword.blogdig.net,79.0,4.382027,False
guardian.co.uk,leftword.blogdig.net,30.0,3.433987,False
blogger.com,leftword.blogdig.net,4.0,1.609438,False
bloomberg.com,leftword.blogdig.net,24.0,3.218876,False
gawker.com,leftword.blogdig.net,6.0,1.94591,False
latimesblogs.latimes.com,leftword.blogdig.net,12.0,2.564949,False
digg.com,leftword.blogdig.net,2.0,1.098612,False
abcnews.go.com,leftword.blogdig.net,26.0,3.295837,False
breitbart.com,leftword.blogdig.net,3.0,1.386294,False
chron.com,leftword.blogdig.net,10.0,2.397895,False
downwithtyranny.blogspot.com,leftword.blogdig.net,44.0,3.806662,False
blog.wired.com,leftword.blogdig.net,5.0,1.791759,False
en.wikipedia.org,leftword.blogdig.net,147.0,4.997212,False
facebook.com,leftword.blogdig.net,2.0,1.098612,False
ft.com,leftword.blogdig.net,4.0,1.609438,False
hotair.com,leftword.blogdig.net,2.0,1.098612,False
fivethirtyeight.com,leftword.blogdig.net,24.0,3.218876,False
commondreams.org,leftword.blogdig.net,2.0,1.098612,False
cnn.com,leftword.blogdig.net,34.0,3.555348,False
forbes.com,leftword.blogdig.net,4.0,1.609438,False
corner.nationalreview.com,leftword.blogdig.net,5.0,1.791759,False
edition.cnn.com,leftword.blogdig.net,2.0,1.098612,False
foxnews.com,leftword.blogdig.net,30.0,3.433987,False
cdc.gov,leftword.blogdig.net,9.0,2.302585,False
latimes.com,leftword.blogdig.net,27.0,3.332205,False
huffingtonpost.com,leftword.blogdig.net,73.0,4.304065,False
chicagotribune.com,leftword.blogdig.net,8.0,2.197225,False
firstread.msnbc.msn.com,leftword.blogdig.net,2.0,1.098612,False
boston.com,leftword.blogdig.net,11.0,2.484907,False
finance.yahoo.com,leftword.blogdig.net,4.0,1.609438,False
examiner.com,leftword.blogdig.net,2.0,1.098612,False
amazon.com,leftword.blogdig.net,40.0,3.713572,False
economist.com,leftword.blogdig.net,7.0,2.079442,False
haaretz.com,leftword.blogdig.net,6.0,1.94591,False
freerepublic.com,leftword.blogdig.net,2.0,1.098612,False
blogs.abcnews.com,leftword.blogdig.net,12.0,2.564949,False
google.com,leftword.blogdig.net,39.0,3.688879,False
imdb.com,leftword.blogdig.net,5.0,1.791759,False
d-day.blogspot.com,leftword.blogdig.net,2.0,1.098612,False
cbsnews.com,leftword.blogdig.net,23.0,3.178054,False
blogs.wsj.com,leftword.blogdig.net,9.0,2.302585,False
dailykos.com,leftword.blogdig.net,136.0,4.919981,False
djtechnocrat.blogspot.com,mahalo.com,2.0,1.098612,False
gawker.com,mahalo.com,53.0,3.988984,False
chacha.com,mahalo.com,24.0,3.218876,False
concurringopinions.com,mahalo.com,2.0,1.098612,False
businessweek.com,mahalo.com,67.0,4.219508,False
babbazeesbrain.blogspot.com,mahalo.com,2.0,1.098612,False
flickr.com,mahalo.com,2945.0,7.988204,False
haaretz.com,mahalo.com,13.0,2.639057,False
hotair.com,mahalo.com,9.0,2.302585,False
forbes.com,mahalo.com,99.0,4.60517,False
bbc.co.uk,mahalo.com,398.0,5.988961,False
iht.com,mahalo.com,124.0,4.828314,False
dailymail.co.uk,mahalo.com,108.0,4.691348,False
alternet.org,mahalo.com,11.0,2.484907,False
guardian.co.uk,mahalo.com,235.0,5.463832,False
gizmodo.com,mahalo.com,126.0,4.844187,False
arstechnica.com,mahalo.com,45.0,3.828641,False
del.icio.us,mahalo.com,254.0,5.541264,False
informationweek.com,mahalo.com,19.0,2.995732,False
cbsnews.com,mahalo.com,193.0,5.267858,False
chicagotribune.com,mahalo.com,112.0,4.727388,False
1.bp.blogspot.com,mahalo.com,6.0,1.94591,False
breitbart.com,mahalo.com,17.0,2.890372,False
huffingtonpost.com,mahalo.com,174.0,5.164786,False
amazon.com,mahalo.com,4705.0,8.456594,False
ft.com,mahalo.com,18.0,2.944439,False
eonline.com,mahalo.com,99.0,4.60517,False
edition.cnn.com,mahalo.com,82.0,4.418841,False
2.bp.blogspot.com,mahalo.com,11.0,2.484907,False
chron.com,mahalo.com,124.0,4.828314,False
commondreams.org,mahalo.com,10.0,2.397895,False
google.com,mahalo.com,2390.0,7.779467,False
engadget.com,mahalo.com,157.0,5.062595,False
facebook.com,mahalo.com,45.0,3.828641,False
kotaku.com,mahalo.com,145.0,4.983607,False
blogs.abcnews.com,mahalo.com,16.0,2.833213,False
blogs.wsj.com,mahalo.com,21.0,3.091042,False
foxnews.com,mahalo.com,554.0,6.318968,False
corner.nationalreview.com,mahalo.com,2.0,1.098612,False
deadspin.com,mahalo.com,105.0,4.663439,False
en.wikipedia.org,mahalo.com,16629.0,9.718964,False
cbc.ca,mahalo.com,130.0,4.875197,False
cdc.gov,mahalo.com,181.0,5.204007,False
blog.wired.com,mahalo.com,77.0,4.356709,False
4.bp.blogspot.com,mahalo.com,19.0,2.995732,False
digitalspy.co.uk,mahalo.com,5.0,1.791759,False
examiner.com,mahalo.com,42.0,3.7612,False
economist.com,mahalo.com,19.0,2.995732,False
finance.yahoo.com,mahalo.com,135.0,4.912655,False
crooksandliars.com,mahalo.com,13.0,2.639057,False
apple.com,mahalo.com,133.0,4.89784,False
3.bp.blogspot.com,mahalo.com,10.0,2.397895,False
dailykos.com,mahalo.com,11.0,2.484907,False
jezebel.com,mahalo.com,5.0,1.791759,False
firstread.msnbc.msn.com,mahalo.com,5.0,1.791759,False
freerepublic.com,mahalo.com,8.0,2.197225,False
bloomberg.com,mahalo.com,125.0,4.836282,False
abcnews.go.com,mahalo.com,274.0,5.616771,False
independent.co.uk,mahalo.com,41.0,3.73767,False
blogger.com,mahalo.com,4.0,1.609438,False
i.gizmodo.com,mahalo.com,6.0,1.94591,False
imdb.com,mahalo.com,4515.0,8.415382,False
digg.com,mahalo.com,263.0,5.575949,False
latimesblogs.latimes.com,mahalo.com,108.0,4.691348,False
cnn.com,mahalo.com,456.0,6.124683,False
boston.com,mahalo.com,248.0,5.517453,False
latimes.com,mahalo.com,273.0,5.613128,False
blogs.zdnet.com,mahalo.com,29.0,3.401197,False
chacha.com,maps.google.com,870.0,6.769642,False
greenwichroundup.blogspot.com,maps.google.com,27.0,3.332205,False
feeds.gothamistllc.com,maps.google.com,344.0,5.843544,False
evolvehappy.com,maps.google.com,5.0,1.791759,False
fivethirtyeight.com,maps.google.com,5.0,1.791759,False
ionarts.blogspot.com,maps.google.com,3.0,1.386294,False
concurringopinions.com,maps.google.com,2.0,1.098612,False
gawker.com,maps.google.com,18.0,2.944439,False
bloomberg.com,maps.google.com,7.0,2.079442,False
joshingpolitics.blogspot.com,maps.google.com,5.0,1.791759,False
edition.cnn.com,maps.google.com,2.0,1.098612,False
boston.com,maps.google.com,2.0,1.098612,False
alterdestiny.blogspot.com,maps.google.com,2.0,1.098612,False
buckmire.blogspot.com,maps.google.com,2.0,1.098612,False
cnn.com,maps.google.com,9.0,2.302585,False
classicalvalues.com,maps.google.com,2.0,1.098612,False
freerepublic.com,maps.google.com,3.0,1.386294,False
forum.dvdtalk.com,maps.google.com,22.0,3.135494,False
guardian.co.uk,maps.google.com,3.0,1.386294,False
althouse.blogspot.com,maps.google.com,2.0,1.098612,False
blog.openitstrategies.com,maps.google.com,3.0,1.386294,False
blog.badtux.net,maps.google.com,6.0,1.94591,False
examiner.com,maps.google.com,8.0,2.197225,False
blog.wired.com,maps.google.com,18.0,2.944439,False
feedproxy.google.com,maps.google.com,6.0,1.94591,False
dailymail.co.uk,maps.google.com,23.0,3.178054,False
djtechnocrat.blogspot.com,maps.google.com,6.0,1.94591,False
feeds.gawker.com,maps.google.com,8.0,2.197225,False
gizmodo.com,maps.google.com,21.0,3.091042,False
i.gizmodo.com,maps.google.com,13.0,2.639057,False
blogs.wsj.com,maps.google.com,2.0,1.098612,False
mahalo.com,maps.google.com,1773.0,7.480992,False
atlasshrugs2000.typepad.com,marketwatch.com,2.0,1.098612,False
blog.badtux.net,marketwatch.com,2.0,1.098612,False
guardian.co.uk,marketwatch.com,2.0,1.098612,False
conservapedia.com,marketwatch.com,2.0,1.098612,False
freerepublic.com,marketwatch.com,2.0,1.098612,False
icestationtango.blogspot.com,marketwatch.com,2.0,1.098612,False
blog.wired.com,marketwatch.com,2.0,1.098612,False
babbazeesbrain.blogspot.com,marketwatch.com,171.0,5.147494,False
kennysideshow.blogspot.com,marketwatch.com,4.0,1.609438,False
blogs.zdnet.com,marketwatch.com,5.0,1.791759,False
greenwichroundup.blogspot.com,marketwatch.com,113.0,4.736198,False
i.gizmodo.com,marketwatch.com,2.0,1.098612,False
blog.openitstrategies.com,marketwatch.com,51.0,3.951244,False
mahalo.com,marketwatch.com,71.0,4.276666,False
joshingpolitics.blogspot.com,marketwatch.com,5.0,1.791759,False
d-day.blogspot.com,marketwatch.com,10.0,2.397895,False
circleof13.blogspot.com,marketwatch.com,10.0,2.397895,False
digitalspy.co.uk,marketwatch.com,34.0,3.555348,False
capitalfax.blogspot.com,marketwatch.com,8.0,2.197225,False
jihadwatch.org,marketwatch.com,4.0,1.609438,False
huffingtonpost.com,marketwatch.com,2.0,1.098612,False
downwithtyranny.blogspot.com,marketwatch.com,2.0,1.098612,False
kotaku.com,marketwatch.com,3.0,1.386294,False
feeds.gothamistllc.com,marketwatch.com,6.0,1.94591,False
ibloga.blogspot.com,marketwatch.com,3.0,1.386294,False
cujo359.blogspot.com,marketwatch.com,4.0,1.609438,False
leftword.blogdig.net,marketwatch.com,4.0,1.609438,False
djtechnocrat.blogspot.com,marketwatch.com,3.0,1.386294,False
chacha.com,marketwatch.com,3.0,1.386294,False
cinie.wordpress.com,marketwatch.com,19.0,2.995732,False
fivethirtyeight.com,marketwatch.com,9.0,2.302585,False
gatesofvienna.blogspot.com,marketwatch.com,3.0,1.386294,False
concurringopinions.com,marketwatch.com,8.0,2.197225,False
angrybear.blogspot.com,marketwatch.com,15.0,2.772589,False
ft.com,marketwatch.com,12.0,2.564949,False
amazon.com,marketwatch.com,2.0,1.098612,False
google.com,marketwatch.com,9.0,2.302585,False
forbes.com,marketwatch.com,2.0,1.098612,False
danceswithanxiety.blogspot.com,mediamatters.org,25.0,3.258097,False
commondreams.org,mediamatters.org,3.0,1.386294,False
huffingtonpost.com,mediamatters.org,55.0,4.025352,False
gawker.com,mediamatters.org,51.0,3.951244,False
mahalo.com,mediamatters.org,19.0,2.995732,False
leftword.blogdig.net,mediamatters.org,51.0,3.951244,False
althouse.blogspot.com,mediamatters.org,2.0,1.098612,False
guardian.co.uk,mediamatters.org,4.0,1.609438,False
d-day.blogspot.com,mediamatters.org,111.0,4.718499,False
angrybear.blogspot.com,mediamatters.org,10.0,2.397895,False
downwithtyranny.blogspot.com,mediamatters.org,120.0,4.795791,False
icestationtango.blogspot.com,mediamatters.org,64.0,4.174387,False
alternet.org,mediamatters.org,95.0,4.564348,False
lefarkins.blogspot.com,mediamatters.org,132.0,4.890349,False
ibloga.blogspot.com,mediamatters.org,2.0,1.098612,False
cinie.wordpress.com,mediamatters.org,21.0,3.091042,False
crooksandliars.com,mediamatters.org,45.0,3.828641,False
corner.nationalreview.com,mediamatters.org,2.0,1.098612,False
blog.badtux.net,mediamatters.org,7.0,2.079442,False
buckmire.blogspot.com,mediamatters.org,3.0,1.386294,False
cujo359.blogspot.com,mediamatters.org,18.0,2.944439,False
kennysideshow.blogspot.com,mediamatters.org,11.0,2.484907,False
fivethirtyeight.com,mediamatters.org,71.0,4.276666,False
chron.com,mediamatters.org,2.0,1.098612,False
dailykos.com,mediamatters.org,10.0,2.397895,False
alterdestiny.blogspot.com,mediamatters.org,6.0,1.94591,False
capitalfax.blogspot.com,mediamatters.org,2.0,1.098612,False
classicalvalues.com,mediamatters.org,16.0,2.833213,False
joshingpolitics.blogspot.com,mediamatters.org,127.0,4.85203,False
examiner.com,mediamatters.org,2.0,1.098612,False
greenwichroundup.blogspot.com,mediamatters.org,80.0,4.394449,False
dumpbachmann.blogspot.com,mediamatters.org,29.0,3.401197,False
commondreams.org,megite.com,9.0,2.302585,False
deadspin.com,megite.com,12.0,2.564949,False
ft.com,megite.com,58.0,4.077537,False
edition.cnn.com,megite.com,6.0,1.94591,False
gizmodo.com,megite.com,321.0,5.774552,False
finance.yahoo.com,megite.com,233.0,5.455321,False
bbc.co.uk,megite.com,19.0,2.995732,False
chicagotribune.com,megite.com,9.0,2.302585,False
cnn.com,megite.com,65.0,4.189655,False
digg.com,megite.com,1777.0,7.483244,False
blog.wired.com,megite.com,277.0,5.627621,False
apple.com,megite.com,85.0,4.454347,False
forbes.com,megite.com,24.0,3.218876,False
kotaku.com,megite.com,660.0,6.493754,False
latimes.com,megite.com,75.0,4.330733,False
engadget.com,megite.com,837.0,6.731018,False
businessweek.com,megite.com,207.0,5.337538,False
cbsnews.com,megite.com,14.0,2.70805,False
boston.com,megite.com,31.0,3.465736,False
latimesblogs.latimes.com,megite.com,40.0,3.713572,False
dailymail.co.uk,megite.com,10.0,2.397895,False
blogs.wsj.com,megite.com,28.0,3.367296,False
gawker.com,megite.com,300.0,5.70711,False
facebook.com,megite.com,4.0,1.609438,False
abcnews.go.com,megite.com,29.0,3.401197,False
blogs.zdnet.com,megite.com,36.0,3.610918,False
huffingtonpost.com,megite.com,45.0,3.828641,False
guardian.co.uk,megite.com,55.0,4.025352,False
i.gizmodo.com,megite.com,262.0,5.572154,False
google.com,megite.com,73.0,4.304065,False
arstechnica.com,megite.com,196.0,5.283204,False
feeds.gothamistllc.com,michellemalkin.com,2.0,1.098612,False
ibloga.blogspot.com,michellemalkin.com,22.0,3.135494,False
holycoast.blogspot.com,michellemalkin.com,31.0,3.465736,False
gawker.com,michellemalkin.com,4.0,1.609438,False
conservapedia.com,michellemalkin.com,5.0,1.791759,False
examiner.com,michellemalkin.com,3.0,1.386294,False
capitalfax.blogspot.com,michellemalkin.com,8.0,2.197225,False
classicalvalues.com,michellemalkin.com,29.0,3.401197,False
huffingtonpost.com,michellemalkin.com,7.0,2.079442,False
freerepublic.com,michellemalkin.com,3.0,1.386294,False
babbazeesbrain.blogspot.com,michellemalkin.com,9.0,2.302585,False
d-day.blogspot.com,michellemalkin.com,3.0,1.386294,False
lefarkins.blogspot.com,michellemalkin.com,20.0,3.044522,False
downwithtyranny.blogspot.com,michellemalkin.com,16.0,2.833213,False
cinie.wordpress.com,michellemalkin.com,39.0,3.688879,False
cujo359.blogspot.com,michellemalkin.com,3.0,1.386294,False
fivethirtyeight.com,michellemalkin.com,3.0,1.386294,False
leftword.blogdig.net,michellemalkin.com,5.0,1.791759,False
concurringopinions.com,michellemalkin.com,5.0,1.791759,False
cbsnews.com,michellemalkin.com,3.0,1.386294,False
hotair.com,michellemalkin.com,8.0,2.197225,False
economist.com,michellemalkin.com,3.0,1.386294,False
atlasshrugs2000.typepad.com,michellemalkin.com,23.0,3.178054,False
mahalo.com,michellemalkin.com,16.0,2.833213,False
jihadwatch.org,michellemalkin.com,7.0,2.079442,False
gatesofvienna.blogspot.com,michellemalkin.com,6.0,1.94591,False
althouse.blogspot.com,michellemalkin.com,4.0,1.609438,False
google.com,michellemalkin.com,4.0,1.609438,False
corner.nationalreview.com,michellemalkin.com,2.0,1.098612,False
foxnews.com,michellemalkin.com,5.0,1.791759,False
amazon.com,michellemalkin.com,2.0,1.098612,False
bloomberg.com,michellemalkin.com,2.0,1.098612,False
cnn.com,michellemalkin.com,4.0,1.609438,False
dailymail.co.uk,michellemalkin.com,2.0,1.098612,False
informationweek.com,microsoft.com,69.0,4.248495,False
djtechnocrat.blogspot.com,microsoft.com,189.0,5.247024,False
boston.com,microsoft.com,2.0,1.098612,False
blog.openitstrategies.com,microsoft.com,18.0,2.944439,False
guardian.co.uk,microsoft.com,2.0,1.098612,False
blogs.zdnet.com,microsoft.com,21.0,3.091042,False
i.gizmodo.com,microsoft.com,11.0,2.484907,False
freerepublic.com,microsoft.com,5.0,1.791759,False
forbes.com,microsoft.com,4.0,1.609438,False
digitalspy.co.uk,microsoft.com,55.0,4.025352,False
businessweek.com,microsoft.com,6.0,1.94591,False
cnn.com,microsoft.com,3.0,1.386294,False
feeds.gawker.com,microsoft.com,3.0,1.386294,False
bbc.co.uk,microsoft.com,3.0,1.386294,False
feedproxy.google.com,microsoft.com,4.0,1.609438,False
economist.com,microsoft.com,9.0,2.302585,False
forum.dvdtalk.com,microsoft.com,26.0,3.295837,False
chacha.com,microsoft.com,13.0,2.639057,False
megite.com,microsoft.com,122.0,4.812184,False
marketwatch.com,microsoft.com,2.0,1.098612,False
breitbart.com,microsoft.com,9.0,2.302585,False
mahalo.com,microsoft.com,34.0,3.555348,False
arstechnica.com,microsoft.com,8.0,2.197225,False
chron.com,microsoft.com,7.0,2.079442,False
cujo359.blogspot.com,microsoft.com,2.0,1.098612,False
cbsnews.com,microsoft.com,6.0,1.94591,False
jezebel.com,money.cnn.com,2.0,1.098612,False
dumpbachmann.blogspot.com,money.cnn.com,5.0,1.791759,False
blog.badtux.net,money.cnn.com,12.0,2.564949,False
kennysideshow.blogspot.com,money.cnn.com,17.0,2.890372,False
commondreams.org,money.cnn.com,2.0,1.098612,False
i.gizmodo.com,money.cnn.com,6.0,1.94591,False
feeds.gothamistllc.com,money.cnn.com,2.0,1.098612,False
blogs.abcnews.com,money.cnn.com,3.0,1.386294,False
edition.cnn.com,money.cnn.com,53.0,3.988984,False
feeds.gawker.com,money.cnn.com,3.0,1.386294,False
downwithtyranny.blogspot.com,money.cnn.com,10.0,2.397895,False
concurringopinions.com,money.cnn.com,25.0,3.258097,False
cnn.com,money.cnn.com,116.0,4.762174,False
capitalfax.blogspot.com,money.cnn.com,9.0,2.302585,False
angrybear.blogspot.com,money.cnn.com,78.0,4.369448,False
djtechnocrat.blogspot.com,money.cnn.com,5.0,1.791759,False
lefarkins.blogspot.com,money.cnn.com,3.0,1.386294,False
informationweek.com,money.cnn.com,11.0,2.484907,False
classicalvalues.com,money.cnn.com,3.0,1.386294,False
blog.openitstrategies.com,money.cnn.com,54.0,4.007333,False
evolvehappy.com,money.cnn.com,11.0,2.484907,False
gizmodo.com,money.cnn.com,2.0,1.098612,False
greenwichroundup.blogspot.com,money.cnn.com,325.0,5.786897,False
danceswithanxiety.blogspot.com,money.cnn.com,12.0,2.564949,False
huffingtonpost.com,money.cnn.com,5.0,1.791759,False
cinie.wordpress.com,money.cnn.com,38.0,3.663562,False
cujo359.blogspot.com,money.cnn.com,4.0,1.609438,False
finance.yahoo.com,money.cnn.com,6.0,1.94591,False
joshingpolitics.blogspot.com,money.cnn.com,10.0,2.397895,False
babbazeesbrain.blogspot.com,money.cnn.com,82.0,4.418841,False
alterdestiny.blogspot.com,money.cnn.com,2.0,1.098612,False
forum.dvdtalk.com,money.cnn.com,15.0,2.772589,False
blogs.zdnet.com,money.cnn.com,5.0,1.791759,False
firstread.msnbc.msn.com,money.cnn.com,3.0,1.386294,False
feedproxy.google.com,money.cnn.com,2.0,1.098612,False
icestationtango.blogspot.com,money.cnn.com,8.0,2.197225,False
fivethirtyeight.com,money.cnn.com,14.0,2.70805,False
chacha.com,money.cnn.com,37.0,3.637586,False
guardian.co.uk,money.cnn.com,3.0,1.386294,False
holycoast.blogspot.com,money.cnn.com,8.0,2.197225,False
leftword.blogdig.net,money.cnn.com,5.0,1.791759,False
businessweek.com,money.cnn.com,2.0,1.098612,False
mahalo.com,money.cnn.com,140.0,4.94876,False
gawker.com,money.cnn.com,18.0,2.944439,False
blog.wired.com,money.cnn.com,6.0,1.94591,False
d-day.blogspot.com,money.cnn.com,19.0,2.995732,False
microsoft.com,money.cnn.com,5.0,1.791759,False
engadget.com,money.cnn.com,2.0,1.098612,False
google.com,money.cnn.com,6.0,1.94591,False
arstechnica.com,money.cnn.com,2.0,1.098612,False
en.wikipedia.org,money.cnn.com,8.0,2.197225,False
gatesofvienna.blogspot.com,msnbc.msn.com,3.0,1.386294,False
downwithtyranny.blogspot.com,msnbc.msn.com,88.0,4.488636,False
examiner.com,msnbc.msn.com,9.0,2.302585,False
crooksandliars.com,msnbc.msn.com,13.0,2.639057,False
firstread.msnbc.msn.com,msnbc.msn.com,98.0,4.59512,False
icestationtango.blogspot.com,msnbc.msn.com,214.0,5.370638,False
kennysideshow.blogspot.com,msnbc.msn.com,48.0,3.89182,False
greenwichroundup.blogspot.com,msnbc.msn.com,17.0,2.890372,False
guardian.co.uk,msnbc.msn.com,5.0,1.791759,False
cujo359.blogspot.com,msnbc.msn.com,16.0,2.833213,False
bbc.co.uk,msnbc.msn.com,2.0,1.098612,False
classicalvalues.com,msnbc.msn.com,40.0,3.713572,False
gawker.com,msnbc.msn.com,33.0,3.526361,False
angrybear.blogspot.com,msnbc.msn.com,82.0,4.418841,False
freerepublic.com,msnbc.msn.com,7.0,2.079442,False
mahalo.com,msnbc.msn.com,457.0,6.126869,False
feedproxy.google.com,msnbc.msn.com,8.0,2.197225,False
blog.openitstrategies.com,msnbc.msn.com,13.0,2.639057,False
evolvehappy.com,msnbc.msn.com,29.0,3.401197,False
blogs.wsj.com,msnbc.msn.com,3.0,1.386294,False
babbazeesbrain.blogspot.com,msnbc.msn.com,44.0,3.806662,False
alternet.org,msnbc.msn.com,2.0,1.098612,False
blogs.abcnews.com,msnbc.msn.com,5.0,1.791759,False
deadspin.com,msnbc.msn.com,6.0,1.94591,False
chacha.com,msnbc.msn.com,140.0,4.94876,False
circleof13.blogspot.com,msnbc.msn.com,14.0,2.70805,False
buckmire.blogspot.com,msnbc.msn.com,28.0,3.367296,False
eonline.com,msnbc.msn.com,28.0,3.367296,False
conservapedia.com,msnbc.msn.com,3.0,1.386294,False
feeds.gothamistllc.com,msnbc.msn.com,57.0,4.060443,False
lefarkins.blogspot.com,msnbc.msn.com,46.0,3.850148,False
danceswithanxiety.blogspot.com,msnbc.msn.com,48.0,3.89182,False
blog.wired.com,msnbc.msn.com,8.0,2.197225,False
joshingpolitics.blogspot.com,msnbc.msn.com,53.0,3.988984,False
dailykos.com,msnbc.msn.com,11.0,2.484907,False
concurringopinions.com,msnbc.msn.com,62.0,4.143135,False
huffingtonpost.com,msnbc.msn.com,15.0,2.772589,False
i.gizmodo.com,msnbc.msn.com,13.0,2.639057,False
d-day.blogspot.com,msnbc.msn.com,218.0,5.389072,False
ibloga.blogspot.com,msnbc.msn.com,24.0,3.218876,False
djtechnocrat.blogspot.com,msnbc.msn.com,46.0,3.850148,False
cajunboyinthecity.blogspot.com,msnbc.msn.com,41.0,3.73767,False
forum.dvdtalk.com,msnbc.msn.com,44.0,3.806662,False
latimes.com,msnbc.msn.com,4.0,1.609438,False
hotair.com,msnbc.msn.com,13.0,2.639057,False
alterdestiny.blogspot.com,msnbc.msn.com,106.0,4.672829,False
economist.com,msnbc.msn.com,2.0,1.098612,False
blogs.zdnet.com,msnbc.msn.com,6.0,1.94591,False
jezebel.com,msnbc.msn.com,96.0,4.574711,False
feeds.gawker.com,msnbc.msn.com,30.0,3.433987,False
blog.badtux.net,msnbc.msn.com,44.0,3.806662,False
fivethirtyeight.com,msnbc.msn.com,19.0,2.995732,False
capitalfax.blogspot.com,msnbc.msn.com,23.0,3.178054,False
commondreams.org,msnbc.msn.com,10.0,2.397895,False
chron.com,msnbc.msn.com,4.0,1.609438,False
atlasshrugs2000.typepad.com,msnbc.msn.com,15.0,2.772589,False
ionarts.blogspot.com,msnbc.msn.com,4.0,1.609438,False
dumpbachmann.blogspot.com,msnbc.msn.com,795.0,6.679599,False
megite.com,msnbc.msn.com,5.0,1.791759,False
leftword.blogdig.net,msnbc.msn.com,48.0,3.89182,False
holycoast.blogspot.com,msnbc.msn.com,46.0,3.850148,False
cinie.wordpress.com,msnbc.msn.com,140.0,4.94876,False
jihadwatch.org,msnbc.msn.com,93.0,4.543295,False
digitalspy.co.uk,msnbc.msn.com,32.0,3.496508,False
bloomberg.com,msnbc.msn.com,4.0,1.609438,False
althouse.blogspot.com,msnbc.msn.com,51.0,3.951244,False
forbes.com,msnbc.msn.com,3.0,1.386294,False
amazon.com,msnbc.msn.com,3.0,1.386294,False
d-day.blogspot.com,myspace.com,2.0,1.098612,False
boston.com,myspace.com,16.0,2.833213,False
evolvehappy.com,myspace.com,581.0,6.36647,False
alterdestiny.blogspot.com,myspace.com,5.0,1.791759,False
feedproxy.google.com,myspace.com,13.0,2.639057,False
cnn.com,myspace.com,3.0,1.386294,False
i.gizmodo.com,myspace.com,14.0,2.70805,False
jihadwatch.org,myspace.com,2.0,1.098612,False
downwithtyranny.blogspot.com,myspace.com,10.0,2.397895,False
blog.wired.com,myspace.com,15.0,2.772589,False
guardian.co.uk,myspace.com,21.0,3.091042,False
icestationtango.blogspot.com,myspace.com,30.0,3.433987,False
bbc.co.uk,myspace.com,3.0,1.386294,False
ionarts.blogspot.com,myspace.com,3.0,1.386294,False
greenwichroundup.blogspot.com,myspace.com,4.0,1.609438,False
examiner.com,myspace.com,32.0,3.496508,False
feeds.gothamistllc.com,myspace.com,1086.0,6.991177,False
capitalfax.blogspot.com,myspace.com,4.0,1.609438,False
kotaku.com,myspace.com,7.0,2.079442,False
cajunboyinthecity.blogspot.com,myspace.com,33.0,3.526361,False
kennysideshow.blogspot.com,myspace.com,18.0,2.944439,False
classicalvalues.com,myspace.com,2.0,1.098612,False
money.cnn.com,myspace.com,6.0,1.94591,False
flickr.com,myspace.com,10.0,2.397895,False
gizmodo.com,myspace.com,2.0,1.098612,False
joshingpolitics.blogspot.com,myspace.com,2.0,1.098612,False
chacha.com,myspace.com,109.0,4.70048,False
circleof13.blogspot.com,myspace.com,24.0,3.218876,False
gawker.com,myspace.com,3.0,1.386294,False
edition.cnn.com,myspace.com,2.0,1.098612,False
cbc.ca,myspace.com,3.0,1.386294,False
cbsnews.com,myspace.com,5.0,1.791759,False
lefarkins.blogspot.com,myspace.com,4.0,1.609438,False
marketwatch.com,myspace.com,5.0,1.791759,False
digitalspy.co.uk,myspace.com,108.0,4.691348,False
mahalo.com,myspace.com,212.0,5.361292,False
huffingtonpost.com,myspace.com,2.0,1.098612,False
djtechnocrat.blogspot.com,myspace.com,14.0,2.70805,False
deadspin.com,myspace.com,4.0,1.609438,False
blog.openitstrategies.com,myspace.com,4.0,1.609438,False
feeds.gawker.com,myspace.com,6.0,1.94591,False
babbazeesbrain.blogspot.com,myspace.com,6.0,1.94591,False
forum.dvdtalk.com,myspace.com,73.0,4.304065,False
edition.cnn.com,nandigramunited.blogspot.com,14.0,2.70805,False
businessweek.com,nandigramunited.blogspot.com,2.0,1.098612,False
money.cnn.com,nandigramunited.blogspot.com,9.0,2.302585,False
feedproxy.google.com,nandigramunited.blogspot.com,34.0,3.555348,False
ft.com,nandigramunited.blogspot.com,21.0,3.091042,False
google.com,nandigramunited.blogspot.com,98.0,4.59512,False
cbc.ca,nandigramunited.blogspot.com,2.0,1.098612,False
1.bp.blogspot.com,nandigramunited.blogspot.com,6.0,1.94591,False
msnbc.msn.com,nandigramunited.blogspot.com,15.0,2.772589,False
informationweek.com,nandigramunited.blogspot.com,2.0,1.098612,False
en.wikipedia.org,nandigramunited.blogspot.com,10233.0,9.233471,False
amazon.com,nandigramunited.blogspot.com,21.0,3.091042,False
commondreams.org,nandigramunited.blogspot.com,7.0,2.079442,False
digg.com,nandigramunited.blogspot.com,17.0,2.890372,False
digitalspy.co.uk,nandigramunited.blogspot.com,10.0,2.397895,False
latimes.com,nandigramunited.blogspot.com,10.0,2.397895,False
4.bp.blogspot.com,nandigramunited.blogspot.com,14.0,2.70805,False
facebook.com,nandigramunited.blogspot.com,7.0,2.079442,False
boston.com,nandigramunited.blogspot.com,9.0,2.302585,False
haaretz.com,nandigramunited.blogspot.com,96.0,4.574711,False
guardian.co.uk,nandigramunited.blogspot.com,109.0,4.70048,False
blogger.com,nandigramunited.blogspot.com,1369.0,7.222566,False
2.bp.blogspot.com,nandigramunited.blogspot.com,6.0,1.94591,False
dailymail.co.uk,nandigramunited.blogspot.com,16.0,2.833213,False
3.bp.blogspot.com,nandigramunited.blogspot.com,6.0,1.94591,False
cnn.com,nandigramunited.blogspot.com,12.0,2.564949,False
del.icio.us,nandigramunited.blogspot.com,17.0,2.890372,False
microsoft.com,nandigramunited.blogspot.com,2.0,1.098612,False
marketwatch.com,nandigramunited.blogspot.com,6.0,1.94591,False
abcnews.go.com,nandigramunited.blogspot.com,22.0,3.135494,False
blog.wired.com,nandigramunited.blogspot.com,6.0,1.94591,False
flickr.com,nandigramunited.blogspot.com,2.0,1.098612,False
imdb.com,nandigramunited.blogspot.com,21.0,3.091042,False
economist.com,nandigramunited.blogspot.com,22.0,3.135494,False
bbc.co.uk,nandigramunited.blogspot.com,17.0,2.890372,False
latimesblogs.latimes.com,nandigramunited.blogspot.com,4.0,1.609438,False
bloomberg.com,nandigramunited.blogspot.com,33.0,3.526361,False
iht.com,nandigramunited.blogspot.com,6.0,1.94591,False
deadspin.com,nandigramunited.blogspot.com,2.0,1.098612,False
forbes.com,nandigramunited.blogspot.com,9.0,2.302585,False
huffingtonpost.com,nandigramunited.blogspot.com,76.0,4.343805,False
firstread.msnbc.msn.com,nandigramunited.blogspot.com,2.0,1.098612,False
chicagotribune.com,nandigramunited.blogspot.com,2.0,1.098612,False
independent.co.uk,nandigramunited.blogspot.com,29.0,3.401197,False
imdb.com,newportcity.blogspot.com,7.0,2.079442,False
guardian.co.uk,newportcity.blogspot.com,190.0,5.252273,False
apple.com,newportcity.blogspot.com,2.0,1.098612,False
blogger.com,newportcity.blogspot.com,4899.0,8.49699,False
edition.cnn.com,newportcity.blogspot.com,5.0,1.791759,False
bbc.co.uk,newportcity.blogspot.com,41.0,3.73767,False
amazon.com,newportcity.blogspot.com,7.0,2.079442,False
cbsnews.com,newportcity.blogspot.com,2.0,1.098612,False
4.bp.blogspot.com,newportcity.blogspot.com,1080.0,6.985642,False
ft.com,newportcity.blogspot.com,7.0,2.079442,False
breitbart.com,newportcity.blogspot.com,4.0,1.609438,False
gatesofvienna.blogspot.com,newportcity.blogspot.com,33.0,3.526361,False
cnn.com,newportcity.blogspot.com,12.0,2.564949,False
google.com,newportcity.blogspot.com,35.0,3.583519,False
flickr.com,newportcity.blogspot.com,2.0,1.098612,False
foxnews.com,newportcity.blogspot.com,24.0,3.218876,False
dailymail.co.uk,newportcity.blogspot.com,880.0,6.781058,False
2.bp.blogspot.com,newportcity.blogspot.com,913.0,6.817831,False
3.bp.blogspot.com,newportcity.blogspot.com,979.0,6.887553,False
huffingtonpost.com,newportcity.blogspot.com,2.0,1.098612,False
boston.com,newportcity.blogspot.com,4.0,1.609438,False
chron.com,newportcity.blogspot.com,3.0,1.386294,False
bloomberg.com,newportcity.blogspot.com,3.0,1.386294,False
ibloga.blogspot.com,newportcity.blogspot.com,9.0,2.302585,False
jihadwatch.org,newportcity.blogspot.com,47.0,3.871201,False
iht.com,newportcity.blogspot.com,13.0,2.639057,False
1.bp.blogspot.com,newportcity.blogspot.com,1024.0,6.932448,False
hotair.com,newportcity.blogspot.com,8.0,2.197225,False
facebook.com,newportcity.blogspot.com,19.0,2.995732,False
freerepublic.com,newportcity.blogspot.com,4.0,1.609438,False
abcnews.go.com,newportcity.blogspot.com,8.0,2.197225,False
msnbc.msn.com,newportcity.blogspot.com,7.0,2.079442,False
chicagotribune.com,newportcity.blogspot.com,7.0,2.079442,False
en.wikipedia.org,newportcity.blogspot.com,341.0,5.834811,False
cbc.ca,newportcity.blogspot.com,2.0,1.098612,False
independent.co.uk,newportcity.blogspot.com,36.0,3.610918,False
atlasshrugs2000.typepad.com,newportcity.blogspot.com,20.0,3.044522,False
blogs.abcnews.com,newportcity.blogspot.com,4.0,1.609438,False
arstechnica.com,news.bbc.co.uk,2.0,1.098612,False
cujo359.blogspot.com,news.bbc.co.uk,23.0,3.178054,False
blogs.wsj.com,news.bbc.co.uk,2.0,1.098612,False
i.gizmodo.com,news.bbc.co.uk,23.0,3.178054,False
danceswithanxiety.blogspot.com,news.bbc.co.uk,27.0,3.332205,False
feeds.gawker.com,news.bbc.co.uk,15.0,2.772589,False
downwithtyranny.blogspot.com,news.bbc.co.uk,37.0,3.637586,False
cajunboyinthecity.blogspot.com,news.bbc.co.uk,9.0,2.302585,False
angrybear.blogspot.com,news.bbc.co.uk,22.0,3.135494,False
feeds.gothamistllc.com,news.bbc.co.uk,181.0,5.204007,False
mahalo.com,news.bbc.co.uk,590.0,6.381816,False
circleof13.blogspot.com,news.bbc.co.uk,53.0,3.988984,False
djtechnocrat.blogspot.com,news.bbc.co.uk,177.0,5.181784,False
newportcity.blogspot.com,news.bbc.co.uk,579.0,6.363028,False
hotair.com,news.bbc.co.uk,9.0,2.302585,False
d-day.blogspot.com,news.bbc.co.uk,125.0,4.836282,False
gizmodo.com,news.bbc.co.uk,3.0,1.386294,False
corner.nationalreview.com,news.bbc.co.uk,4.0,1.609438,False
michellemalkin.com,news.bbc.co.uk,2.0,1.098612,False
freerepublic.com,news.bbc.co.uk,13.0,2.639057,False
leftword.blogdig.net,news.bbc.co.uk,16.0,2.833213,False
deadspin.com,news.bbc.co.uk,8.0,2.197225,False
forum.dvdtalk.com,news.bbc.co.uk,25.0,3.258097,False
latimes.com,news.bbc.co.uk,7.0,2.079442,False
eonline.com,news.bbc.co.uk,13.0,2.639057,False
digg.com,news.bbc.co.uk,7.0,2.079442,False
huffingtonpost.com,news.bbc.co.uk,32.0,3.496508,False
althouse.blogspot.com,news.bbc.co.uk,38.0,3.663562,False
bloomberg.com,news.bbc.co.uk,2.0,1.098612,False
gatesofvienna.blogspot.com,news.bbc.co.uk,50.0,3.931826,False
feedproxy.google.com,news.bbc.co.uk,11.0,2.484907,False
atlasshrugs2000.typepad.com,news.bbc.co.uk,18.0,2.944439,False
blogs.zdnet.com,news.bbc.co.uk,9.0,2.302585,False
businessweek.com,news.bbc.co.uk,2.0,1.098612,False
examiner.com,news.bbc.co.uk,5.0,1.791759,False
buckmire.blogspot.com,news.bbc.co.uk,160.0,5.081404,False
blog.badtux.net,news.bbc.co.uk,26.0,3.295837,False
fivethirtyeight.com,news.bbc.co.uk,6.0,1.94591,False
dumpbachmann.blogspot.com,news.bbc.co.uk,3.0,1.386294,False
informationweek.com,news.bbc.co.uk,9.0,2.302585,False
megite.com,news.bbc.co.uk,136.0,4.919981,False
chacha.com,news.bbc.co.uk,42.0,3.7612,False
blogs.abcnews.com,news.bbc.co.uk,4.0,1.609438,False
evolvehappy.com,news.bbc.co.uk,138.0,4.934474,False
classicalvalues.com,news.bbc.co.uk,47.0,3.871201,False
jezebel.com,news.bbc.co.uk,28.0,3.367296,False
cbsnews.com,news.bbc.co.uk,3.0,1.386294,False
capitalfax.blogspot.com,news.bbc.co.uk,3.0,1.386294,False
blog.openitstrategies.com,news.bbc.co.uk,13.0,2.639057,False
icestationtango.blogspot.com,news.bbc.co.uk,159.0,5.075174,False
concurringopinions.com,news.bbc.co.uk,34.0,3.555348,False
kennysideshow.blogspot.com,news.bbc.co.uk,69.0,4.248495,False
alternet.org,news.bbc.co.uk,4.0,1.609438,False
babbazeesbrain.blogspot.com,news.bbc.co.uk,277.0,5.627621,False
holycoast.blogspot.com,news.bbc.co.uk,31.0,3.465736,False
money.cnn.com,news.bbc.co.uk,2.0,1.098612,False
ionarts.blogspot.com,news.bbc.co.uk,92.0,4.532599,False
joshingpolitics.blogspot.com,news.bbc.co.uk,14.0,2.70805,False
alterdestiny.blogspot.com,news.bbc.co.uk,42.0,3.7612,False
ibloga.blogspot.com,news.bbc.co.uk,66.0,4.204693,False
digitalspy.co.uk,news.bbc.co.uk,1269.0,7.146772,False
jihadwatch.org,news.bbc.co.uk,428.0,6.061457,False
bbc.co.uk,news.bbc.co.uk,506.0,6.228511,False
conservapedia.com,news.bbc.co.uk,110.0,4.70953,False
commondreams.org,news.bbc.co.uk,18.0,2.944439,False
economist.com,news.bbc.co.uk,2.0,1.098612,False
lefarkins.blogspot.com,news.bbc.co.uk,97.0,4.584967,False
guardian.co.uk,news.bbc.co.uk,173.0,5.159055,False
blog.wired.com,news.bbc.co.uk,30.0,3.433987,False
gawker.com,news.bbc.co.uk,26.0,3.295837,False
nandigramunited.blogspot.com,news.bbc.co.uk,207.0,5.337538,False
kotaku.com,news.bbc.co.uk,5.0,1.791759,False
ft.com,news.bbc.co.uk,5.0,1.791759,False
independent.co.uk,news.bbc.co.uk,3.0,1.386294,False
dailymail.co.uk,news.bbc.co.uk,6.0,1.94591,False
feeds.gothamistllc.com,news.cnet.com,3.0,1.386294,False
businessweek.com,news.cnet.com,24.0,3.218876,False
digitalspy.co.uk,news.cnet.com,14.0,2.70805,False
chacha.com,news.cnet.com,4.0,1.609438,False
money.cnn.com,news.cnet.com,7.0,2.079442,False
i.gizmodo.com,news.cnet.com,81.0,4.406719,False
forum.dvdtalk.com,news.cnet.com,11.0,2.484907,False
cbsnews.com,news.cnet.com,162.0,5.09375,False
feeds.gawker.com,news.cnet.com,19.0,2.995732,False
blog.openitstrategies.com,news.cnet.com,70.0,4.26268,False
circleof13.blogspot.com,news.cnet.com,4.0,1.609438,False
djtechnocrat.blogspot.com,news.cnet.com,51.0,3.951244,False
blog.wired.com,news.cnet.com,17.0,2.890372,False
guardian.co.uk,news.cnet.com,14.0,2.70805,False
blogs.wsj.com,news.cnet.com,2.0,1.098612,False
megite.com,news.cnet.com,257.0,5.55296,False
gizmodo.com,news.cnet.com,14.0,2.70805,False
concurringopinions.com,news.cnet.com,29.0,3.401197,False
informationweek.com,news.cnet.com,16.0,2.833213,False
gawker.com,news.cnet.com,34.0,3.555348,False
evolvehappy.com,news.cnet.com,7.0,2.079442,False
arstechnica.com,news.cnet.com,8.0,2.197225,False
cujo359.blogspot.com,news.cnet.com,4.0,1.609438,False
latimes.com,news.cnet.com,5.0,1.791759,False
feedproxy.google.com,news.cnet.com,2.0,1.098612,False
blogs.zdnet.com,news.cnet.com,60.0,4.110874,False
mahalo.com,news.cnet.com,49.0,3.912023,False
cnn.com,news.cnet.com,74.0,4.317488,False
huffingtonpost.com,news.cnet.com,2.0,1.098612,False
freerepublic.com,news.cnet.com,3.0,1.386294,False
babbazeesbrain.blogspot.com,news.cnet.com,10.0,2.397895,False
forbes.com,news.cnet.com,5.0,1.791759,False
joshingpolitics.blogspot.com,news.cnet.com,3.0,1.386294,False
edition.cnn.com,news.cnet.com,22.0,3.135494,False
icestationtango.blogspot.com,news.cnet.com,2.0,1.098612,False
msnbc.msn.com,news.cnet.com,5.0,1.791759,False
deadspin.com,news.cnet.com,2.0,1.098612,False
flickr.com,news.cnet.com,15.0,2.772589,False
facebook.com,news.cnet.com,30.0,3.433987,False
chron.com,news.cnet.com,3.0,1.386294,False
digg.com,news.cnet.com,11.0,2.484907,False
fivethirtyeight.com,news.cnet.com,3.0,1.386294,False
en.wikipedia.org,news.cnet.com,133.0,4.89784,False
kotaku.com,news.cnet.com,2.0,1.098612,False
engadget.com,news.cnet.com,9.0,2.302585,False
boston.com,news.cnet.com,10.0,2.397895,False
google.com,news.cnet.com,59.0,4.094345,False
bloomberg.com,news.cnet.com,7.0,2.079442,False
news.bbc.co.uk,news.cnet.com,4.0,1.609438,False
marketwatch.com,news.cnet.com,8.0,2.197225,False
amazon.com,news.cnet.com,19.0,2.995732,False
finance.yahoo.com,news.cnet.com,17.0,2.890372,False
imdb.com,news.cnet.com,6.0,1.94591,False
commondreams.org,news.cnet.com,2.0,1.098612,False
independent.co.uk,news.cnet.com,2.0,1.098612,False
maps.google.com,news.cnet.com,5.0,1.791759,False
apple.com,news.cnet.com,47.0,3.871201,False
cdc.gov,news.cnet.com,10.0,2.397895,False
dailymail.co.uk,news.cnet.com,6.0,1.94591,False
del.icio.us,news.cnet.com,3.0,1.386294,False
microsoft.com,news.cnet.com,31.0,3.465736,False
myspace.com,news.cnet.com,8.0,2.197225,False
blogger.com,news.cnet.com,3.0,1.386294,False
digitalspy.co.uk,news.com.au,24.0,3.218876,False
jihadwatch.org,news.com.au,174.0,5.164786,False
ibloga.blogspot.com,news.com.au,7.0,2.079442,False
forum.dvdtalk.com,news.com.au,2.0,1.098612,False
blog.badtux.net,news.com.au,4.0,1.609438,False
downwithtyranny.blogspot.com,news.com.au,3.0,1.386294,False
djtechnocrat.blogspot.com,news.com.au,7.0,2.079442,False
megite.com,news.com.au,12.0,2.564949,False
chacha.com,news.com.au,5.0,1.791759,False
guardian.co.uk,news.com.au,2.0,1.098612,False
gatesofvienna.blogspot.com,news.com.au,7.0,2.079442,False
danceswithanxiety.blogspot.com,news.com.au,2.0,1.098612,False
chron.com,news.com.au,2.0,1.098612,False
evolvehappy.com,news.com.au,7.0,2.079442,False
jezebel.com,news.com.au,17.0,2.890372,False
kennysideshow.blogspot.com,news.com.au,6.0,1.94591,False
greenwichroundup.blogspot.com,news.com.au,2.0,1.098612,False
icestationtango.blogspot.com,news.com.au,5.0,1.791759,False
atlasshrugs2000.typepad.com,news.com.au,7.0,2.079442,False
circleof13.blogspot.com,news.com.au,7.0,2.079442,False
feeds.gawker.com,news.com.au,5.0,1.791759,False
nandigramunited.blogspot.com,news.com.au,3.0,1.386294,False
cajunboyinthecity.blogspot.com,news.com.au,4.0,1.609438,False
freerepublic.com,news.com.au,2.0,1.098612,False
mahalo.com,news.com.au,52.0,3.970292,False
lefarkins.blogspot.com,news.com.au,5.0,1.791759,False
holycoast.blogspot.com,news.com.au,9.0,2.302585,False
conservapedia.com,news.com.au,6.0,1.94591,False
classicalvalues.com,news.com.au,4.0,1.609438,False
i.gizmodo.com,news.com.au,8.0,2.197225,False
joshingpolitics.blogspot.com,news.com.au,3.0,1.386294,False
newportcity.blogspot.com,news.com.au,19.0,2.995732,False
feeds.gothamistllc.com,news.com.au,2.0,1.098612,False
babbazeesbrain.blogspot.com,news.com.au,19.0,2.995732,False
en.wikipedia.org,news.com.au,228.0,5.433722,False
edition.cnn.com,news.com.au,12.0,2.564949,False
microsoft.com,news.com.au,2.0,1.098612,False
amazon.com,news.com.au,3.0,1.386294,False
myspace.com,news.com.au,8.0,2.197225,False
blog.wired.com,news.com.au,3.0,1.386294,False
apple.com,news.com.au,4.0,1.609438,False
abcnews.go.com,news.com.au,9.0,2.302585,False
news.bbc.co.uk,news.com.au,6.0,1.94591,False
foxnews.com,news.com.au,27.0,3.332205,False
facebook.com,news.com.au,11.0,2.484907,False
eonline.com,news.com.au,6.0,1.94591,False
google.com,news.com.au,22.0,3.135494,False
imdb.com,news.com.au,51.0,3.951244,False
dailymail.co.uk,news.com.au,31.0,3.465736,False
maps.google.com,news.com.au,11.0,2.484907,False
alterdestiny.blogspot.com,news.google.com,3.0,1.386294,False
icestationtango.blogspot.com,news.google.com,14.0,2.70805,False
blog.wired.com,news.google.com,5.0,1.791759,False
abcnews.go.com,news.google.com,99.0,4.60517,False
fivethirtyeight.com,news.google.com,74.0,4.317488,False
cujo359.blogspot.com,news.google.com,3.0,1.386294,False
d-day.blogspot.com,news.google.com,3.0,1.386294,False
angrybear.blogspot.com,news.google.com,3.0,1.386294,False
dumpbachmann.blogspot.com,news.google.com,4.0,1.609438,False
capitalfax.blogspot.com,news.google.com,9.0,2.302585,False
feeds.gawker.com,news.google.com,3.0,1.386294,False
foxnews.com,news.google.com,22.0,3.135494,False
news.cnet.com,news.google.com,276.0,5.624018,False
news.bbc.co.uk,news.google.com,6.0,1.94591,False
circleof13.blogspot.com,news.google.com,3.0,1.386294,False
edition.cnn.com,news.google.com,924.0,6.829794,False
freerepublic.com,news.google.com,4.0,1.609438,False
kennysideshow.blogspot.com,news.google.com,3.0,1.386294,False
chron.com,news.google.com,2.0,1.098612,False
mediamatters.org,news.google.com,64.0,4.174387,False
djtechnocrat.blogspot.com,news.google.com,3.0,1.386294,False
jihadwatch.org,news.google.com,2.0,1.098612,False
cnn.com,news.google.com,1487.0,7.305188,False
boston.com,news.google.com,544.0,6.300786,False
lefarkins.blogspot.com,news.google.com,6.0,1.94591,False
greenwichroundup.blogspot.com,news.google.com,2198.0,7.695758,False
chacha.com,news.google.com,10.0,2.397895,False
msnbc.msn.com,news.google.com,7.0,2.079442,False
joshingpolitics.blogspot.com,news.google.com,124.0,4.828314,False
informationweek.com,news.google.com,11.0,2.484907,False
concurringopinions.com,news.google.com,4.0,1.609438,False
ibloga.blogspot.com,news.google.com,3.0,1.386294,False
mahalo.com,news.google.com,3903.0,8.269757,False
blog.openitstrategies.com,news.google.com,9.0,2.302585,False
danceswithanxiety.blogspot.com,news.google.com,5.0,1.791759,False
alternet.org,news.google.com,2.0,1.098612,False
althouse.blogspot.com,news.google.com,2.0,1.098612,False
marketwatch.com,news.google.com,104.0,4.65396,False
gawker.com,news.google.com,12.0,2.564949,False
ionarts.blogspot.com,news.google.com,19.0,2.995732,False
dailymail.co.uk,news.google.com,202.0,5.313206,False
examiner.com,news.google.com,127.0,4.85203,False
money.cnn.com,news.google.com,87.0,4.477337,False
cinie.wordpress.com,news.google.com,5.0,1.791759,False
chicagotribune.com,news.google.com,431.0,6.068426,False
huffingtonpost.com,news.google.com,50.0,3.931826,False
babbazeesbrain.blogspot.com,news.google.com,171.0,5.147494,False
digitalspy.co.uk,news.google.com,80.0,4.394449,False
blogs.zdnet.com,news.google.com,5.0,1.791759,False
classicalvalues.com,news.google.com,16.0,2.833213,False
atlasshrugs2000.typepad.com,news.google.com,3.0,1.386294,False
eonline.com,news.google.com,7.0,2.079442,False
arstechnica.com,news.google.com,4.0,1.609438,False
guardian.co.uk,news.google.com,93.0,4.543295,False
bloomberg.com,news.google.com,1477.0,7.298445,False
businessweek.com,news.google.com,5.0,1.791759,False
blogs.wsj.com,news.google.com,10.0,2.397895,False
classicalvalues.com,news.yahoo.com,60.0,4.110874,False
kennysideshow.blogspot.com,news.yahoo.com,32.0,3.496508,False
dailykos.com,news.yahoo.com,10.0,2.397895,False
buckmire.blogspot.com,news.yahoo.com,24.0,3.218876,False
fivethirtyeight.com,news.yahoo.com,9.0,2.302585,False
babbazeesbrain.blogspot.com,news.yahoo.com,56.0,4.043051,False
djtechnocrat.blogspot.com,news.yahoo.com,136.0,4.919981,False
corner.nationalreview.com,news.yahoo.com,3.0,1.386294,False
holycoast.blogspot.com,news.yahoo.com,129.0,4.867534,False
blog.wired.com,news.yahoo.com,12.0,2.564949,False
gawker.com,news.yahoo.com,37.0,3.637586,False
circleof13.blogspot.com,news.yahoo.com,18.0,2.944439,False
alterdestiny.blogspot.com,news.yahoo.com,96.0,4.574711,False
cinie.wordpress.com,news.yahoo.com,1142.0,7.041412,False
althouse.blogspot.com,news.yahoo.com,11.0,2.484907,False
news.bbc.co.uk,news.yahoo.com,4.0,1.609438,False
digitalspy.co.uk,news.yahoo.com,6.0,1.94591,False
dumpbachmann.blogspot.com,news.yahoo.com,6.0,1.94591,False
cajunboyinthecity.blogspot.com,news.yahoo.com,20.0,3.044522,False
guardian.co.uk,news.yahoo.com,14.0,2.70805,False
huffingtonpost.com,news.yahoo.com,24.0,3.218876,False
concurringopinions.com,news.yahoo.com,73.0,4.304065,False
jihadwatch.org,news.yahoo.com,991.0,6.899723,False
blog.openitstrategies.com,news.yahoo.com,10.0,2.397895,False
feeds.gawker.com,news.yahoo.com,12.0,2.564949,False
alternet.org,news.yahoo.com,14.0,2.70805,False
evolvehappy.com,news.yahoo.com,23.0,3.178054,False
icestationtango.blogspot.com,news.yahoo.com,311.0,5.743003,False
megite.com,news.yahoo.com,4.0,1.609438,False
examiner.com,news.yahoo.com,5.0,1.791759,False
capitalfax.blogspot.com,news.yahoo.com,23.0,3.178054,False
chacha.com,news.yahoo.com,22.0,3.135494,False
cujo359.blogspot.com,news.yahoo.com,16.0,2.833213,False
atlasshrugs2000.typepad.com,news.yahoo.com,40.0,3.713572,False
michellemalkin.com,news.yahoo.com,4.0,1.609438,False
news.cnet.com,news.yahoo.com,7.0,2.079442,False
forum.dvdtalk.com,news.yahoo.com,126.0,4.844187,False
crooksandliars.com,news.yahoo.com,27.0,3.332205,False
feeds.gothamistllc.com,news.yahoo.com,19.0,2.995732,False
jezebel.com,news.yahoo.com,55.0,4.025352,False
leftword.blogdig.net,news.yahoo.com,46.0,3.850148,False
joshingpolitics.blogspot.com,news.yahoo.com,94.0,4.553877,False
freerepublic.com,news.yahoo.com,10.0,2.397895,False
downwithtyranny.blogspot.com,news.yahoo.com,183.0,5.214936,False
informationweek.com,news.yahoo.com,18.0,2.944439,False
gatesofvienna.blogspot.com,news.yahoo.com,11.0,2.484907,False
lefarkins.blogspot.com,news.yahoo.com,41.0,3.73767,False
newportcity.blogspot.com,news.yahoo.com,52.0,3.970292,False
blogs.abcnews.com,news.yahoo.com,18.0,2.944439,False
hotair.com,news.yahoo.com,25.0,3.258097,False
danceswithanxiety.blogspot.com,news.yahoo.com,85.0,4.454347,False
conservapedia.com,news.yahoo.com,424.0,6.052089,False
ionarts.blogspot.com,news.yahoo.com,3.0,1.386294,False
blog.badtux.net,news.yahoo.com,4.0,1.609438,False
cbsnews.com,news.yahoo.com,28.0,3.367296,False
eonline.com,news.yahoo.com,7.0,2.079442,False
ibloga.blogspot.com,news.yahoo.com,47.0,3.871201,False
d-day.blogspot.com,news.yahoo.com,536.0,6.285998,False
angrybear.blogspot.com,news.yahoo.com,42.0,3.7612,False
mahalo.com,news.yahoo.com,37.0,3.637586,False
finance.yahoo.com,news.yahoo.com,3.0,1.386294,False
chron.com,news.yahoo.com,2.0,1.098612,False
nandigramunited.blogspot.com,news.yahoo.com,5.0,1.791759,False
forbes.com,news.yahoo.com,3.0,1.386294,False
firstread.msnbc.msn.com,news.yahoo.com,15.0,2.772589,False
chacha.com,newsbusters.org,2.0,1.098612,False
conservapedia.com,newsbusters.org,190.0,5.252273,False
althouse.blogspot.com,newsbusters.org,2.0,1.098612,False
atlasshrugs2000.typepad.com,newsbusters.org,5.0,1.791759,False
newportcity.blogspot.com,newsbusters.org,2.0,1.098612,False
joshingpolitics.blogspot.com,newsbusters.org,2.0,1.098612,False
forum.dvdtalk.com,newsbusters.org,13.0,2.639057,False
michellemalkin.com,newsbusters.org,16.0,2.833213,False
downwithtyranny.blogspot.com,newsbusters.org,3.0,1.386294,False
corner.nationalreview.com,newsbusters.org,9.0,2.302585,False
ibloga.blogspot.com,newsbusters.org,11.0,2.484907,False
babbazeesbrain.blogspot.com,newsbusters.org,37.0,3.637586,False
classicalvalues.com,newsbusters.org,24.0,3.218876,False
gatesofvienna.blogspot.com,newsbusters.org,5.0,1.791759,False
freerepublic.com,newsbusters.org,7.0,2.079442,False
cinie.wordpress.com,newsbusters.org,69.0,4.248495,False
capitalfax.blogspot.com,newsbusters.org,14.0,2.70805,False
d-day.blogspot.com,newsbusters.org,2.0,1.098612,False
dumpbachmann.blogspot.com,newsbusters.org,2.0,1.098612,False
holycoast.blogspot.com,newsbusters.org,13.0,2.639057,False
kennysideshow.blogspot.com,newsbusters.org,2.0,1.098612,False
mahalo.com,newsbusters.org,24.0,3.218876,False
lefarkins.blogspot.com,newsbusters.org,6.0,1.94591,False
hotair.com,newsbusters.org,582.0,6.368187,False
icestationtango.blogspot.com,newsbusters.org,6.0,1.94591,False
huffingtonpost.com,newsbusters.org,46.0,3.850148,False
jihadwatch.org,newsbusters.org,8.0,2.197225,False
concurringopinions.com,newsbusters.org,2.0,1.098612,False
foxnews.com,newsbusters.org,289.0,5.669881,False
money.cnn.com,newsbusters.org,3.0,1.386294,False
abcnews.go.com,newsbusters.org,284.0,5.652489,False
news.yahoo.com,newsbusters.org,7.0,2.079442,False
latimesblogs.latimes.com,newsbusters.org,7.0,2.079442,False
google.com,newsbusters.org,51.0,3.951244,False
cnn.com,newsbusters.org,27.0,3.332205,False
chron.com,newsbusters.org,5.0,1.791759,False
firstread.msnbc.msn.com,newsbusters.org,6.0,1.94591,False
bloomberg.com,newsbusters.org,9.0,2.302585,False
dailymail.co.uk,newsbusters.org,9.0,2.302585,False
msnbc.msn.com,newsbusters.org,19.0,2.995732,False
mediamatters.org,newsbusters.org,4.0,1.609438,False
maps.google.com,newsbusters.org,3.0,1.386294,False
news.com.au,newsbusters.org,3.0,1.386294,False
dailykos.com,newsbusters.org,6.0,1.94591,False
en.wikipedia.org,newsbusters.org,62.0,4.143135,False
crooksandliars.com,newsbusters.org,9.0,2.302585,False
independent.co.uk,newsbusters.org,6.0,1.94591,False
iht.com,newsbusters.org,10.0,2.397895,False
latimes.com,newsbusters.org,20.0,3.044522,False
amazon.com,newsbusters.org,34.0,3.555348,False
blogs.abcnews.com,newsbusters.org,16.0,2.833213,False
finance.yahoo.com,newsbusters.org,474.0,6.163315,False
guardian.co.uk,newsbusters.org,14.0,2.70805,False
news.google.com,newsbusters.org,31.0,3.465736,False
news.bbc.co.uk,newsbusters.org,7.0,2.079442,False
commondreams.org,newsbusters.org,4.0,1.609438,False
cbsnews.com,newsbusters.org,26.0,3.295837,False
breitbart.com,newsbusters.org,12.0,2.564949,False
i.gizmodo.com,newscientist.com,4.0,1.609438,False
nandigramunited.blogspot.com,newscientist.com,12.0,2.564949,False
amazon.com,newscientist.com,179.0,5.192957,False
conservapedia.com,newscientist.com,20.0,3.044522,False
danceswithanxiety.blogspot.com,newscientist.com,9.0,2.302585,False
news.cnet.com,newscientist.com,4.0,1.609438,False
huffingtonpost.com,newscientist.com,2.0,1.098612,False
alterdestiny.blogspot.com,newscientist.com,2.0,1.098612,False
news.com.au,newscientist.com,2.0,1.098612,False
mahalo.com,newscientist.com,18.0,2.944439,False
megite.com,newscientist.com,16.0,2.833213,False
circleof13.blogspot.com,newscientist.com,12.0,2.564949,False
djtechnocrat.blogspot.com,newscientist.com,54.0,4.007333,False
capitalfax.blogspot.com,newscientist.com,2.0,1.098612,False
feedproxy.google.com,newscientist.com,3.0,1.386294,False
babbazeesbrain.blogspot.com,newscientist.com,7.0,2.079442,False
chacha.com,newscientist.com,4.0,1.609438,False
jezebel.com,newscientist.com,3.0,1.386294,False
concurringopinions.com,newscientist.com,16.0,2.833213,False
blog.wired.com,newscientist.com,9.0,2.302585,False
feeds.gothamistllc.com,newscientist.com,2.0,1.098612,False
guardian.co.uk,newscientist.com,13.0,2.639057,False
kennysideshow.blogspot.com,newscientist.com,2.0,1.098612,False
feeds.gawker.com,newscientist.com,2.0,1.098612,False
cajunboyinthecity.blogspot.com,newscientist.com,47.0,3.871201,False
forum.dvdtalk.com,newscientist.com,4.0,1.609438,False
classicalvalues.com,newscientist.com,3.0,1.386294,False
evolvehappy.com,newscientist.com,187.0,5.236442,False
ionarts.blogspot.com,newscientist.com,2.0,1.098612,False
news.bbc.co.uk,newscientist.com,54.0,4.007333,False
dailymail.co.uk,newscientist.com,2.0,1.098612,False
edition.cnn.com,newscientist.com,2.0,1.098612,False
blogger.com,newscientist.com,12.0,2.564949,False
bbc.co.uk,newscientist.com,6.0,1.94591,False
microsoft.com,newscientist.com,2.0,1.098612,False
imdb.com,newscientist.com,9.0,2.302585,False
google.com,newscientist.com,5.0,1.791759,False
cnn.com,newscientist.com,2.0,1.098612,False
msnbc.msn.com,newscientist.com,4.0,1.609438,False
latimes.com,newscientist.com,2.0,1.098612,False
forbes.com,newscientist.com,2.0,1.098612,False
flickr.com,newscientist.com,5.0,1.791759,False
abcnews.go.com,newscientist.com,6.0,1.94591,False
boston.com,newscientist.com,3.0,1.386294,False
news.yahoo.com,newscientist.com,11.0,2.484907,False
cdc.gov,newscientist.com,7.0,2.079442,False
en.wikipedia.org,newscientist.com,114.0,4.744932,False
news.google.com,newscientist.com,7.0,2.079442,False
cbsnews.com,newscientist.com,3.0,1.386294,False
cajunboyinthecity.blogspot.com,newsday.com,2.0,1.098612,False
holycoast.blogspot.com,newsday.com,11.0,2.484907,False
babbazeesbrain.blogspot.com,newsday.com,12.0,2.564949,False
hotair.com,newsday.com,2.0,1.098612,False
evolvehappy.com,newsday.com,2.0,1.098612,False
circleof13.blogspot.com,newsday.com,3.0,1.386294,False
jihadwatch.org,newsday.com,35.0,3.583519,False
joshingpolitics.blogspot.com,newsday.com,62.0,4.143135,False
althouse.blogspot.com,newsday.com,4.0,1.609438,False
classicalvalues.com,newsday.com,8.0,2.197225,False
blogs.wsj.com,newsday.com,2.0,1.098612,False
buckmire.blogspot.com,newsday.com,3.0,1.386294,False
mahalo.com,newsday.com,67.0,4.219508,False
firstread.msnbc.msn.com,newsday.com,2.0,1.098612,False
informationweek.com,newsday.com,7.0,2.079442,False
downwithtyranny.blogspot.com,newsday.com,9.0,2.302585,False
angrybear.blogspot.com,newsday.com,3.0,1.386294,False
blog.badtux.net,newsday.com,11.0,2.484907,False
chacha.com,newsday.com,2.0,1.098612,False
boston.com,newsday.com,11.0,2.484907,False
gawker.com,newsday.com,16.0,2.833213,False
danceswithanxiety.blogspot.com,newsday.com,5.0,1.791759,False
djtechnocrat.blogspot.com,newsday.com,2.0,1.098612,False
newportcity.blogspot.com,newsday.com,7.0,2.079442,False
concurringopinions.com,newsday.com,16.0,2.833213,False
icestationtango.blogspot.com,newsday.com,2.0,1.098612,False
crooksandliars.com,newsday.com,8.0,2.197225,False
d-day.blogspot.com,newsday.com,11.0,2.484907,False
feeds.gothamistllc.com,newsday.com,91.0,4.521789,False
digitalspy.co.uk,newsday.com,10.0,2.397895,False
deadspin.com,newsday.com,15.0,2.772589,False
dumpbachmann.blogspot.com,newsday.com,2.0,1.098612,False
lefarkins.blogspot.com,newsday.com,6.0,1.94591,False
greenwichroundup.blogspot.com,newsday.com,185.0,5.225747,False
ionarts.blogspot.com,newsday.com,17.0,2.890372,False
cinie.wordpress.com,newsday.com,12.0,2.564949,False
imdb.com,newsday.com,2.0,1.098612,False
amazon.com,newsday.com,2.0,1.098612,False
msnbc.msn.com,newsday.com,3.0,1.386294,False
latimes.com,newsday.com,44.0,3.806662,False
chicagotribune.com,newsday.com,5.0,1.791759,False
news.google.com,newsday.com,253.0,5.537334,False
google.com,newsday.com,29.0,3.401197,False
blogs.zdnet.com,newsweek.com,5.0,1.791759,False
news.cnet.com,newsweek.com,11.0,2.484907,False
blog.openitstrategies.com,newsweek.com,6.0,1.94591,False
alterdestiny.blogspot.com,newsweek.com,8.0,2.197225,False
circleof13.blogspot.com,newsweek.com,4.0,1.609438,False
concurringopinions.com,newsweek.com,20.0,3.044522,False
huffingtonpost.com,newsweek.com,12.0,2.564949,False
feeds.gawker.com,newsweek.com,7.0,2.079442,False
holycoast.blogspot.com,newsweek.com,12.0,2.564949,False
angrybear.blogspot.com,newsweek.com,2.0,1.098612,False
kotaku.com,newsweek.com,3.0,1.386294,False
firstread.msnbc.msn.com,newsweek.com,18.0,2.944439,False
forbes.com,newsweek.com,2.0,1.098612,False
althouse.blogspot.com,newsweek.com,4.0,1.609438,False
danceswithanxiety.blogspot.com,newsweek.com,11.0,2.484907,False
commondreams.org,newsweek.com,5.0,1.791759,False
leftword.blogdig.net,newsweek.com,10.0,2.397895,False
classicalvalues.com,newsweek.com,2.0,1.098612,False
ibloga.blogspot.com,newsweek.com,15.0,2.772589,False
icestationtango.blogspot.com,newsweek.com,8.0,2.197225,False
blog.badtux.net,newsweek.com,3.0,1.386294,False
gawker.com,newsweek.com,14.0,2.70805,False
fivethirtyeight.com,newsweek.com,2.0,1.098612,False
joshingpolitics.blogspot.com,newsweek.com,23.0,3.178054,False
blogs.abcnews.com,newsweek.com,32.0,3.496508,False
feeds.gothamistllc.com,newsweek.com,3.0,1.386294,False
dailykos.com,newsweek.com,4.0,1.609438,False
alternet.org,newsweek.com,3.0,1.386294,False
jihadwatch.org,newsweek.com,3.0,1.386294,False
cinie.wordpress.com,newsweek.com,46.0,3.850148,False
newsbusters.org,newsweek.com,22.0,3.135494,False
downwithtyranny.blogspot.com,newsweek.com,25.0,3.258097,False
examiner.com,newsweek.com,2.0,1.098612,False
d-day.blogspot.com,newsweek.com,30.0,3.433987,False
babbazeesbrain.blogspot.com,newsweek.com,12.0,2.564949,False
lefarkins.blogspot.com,newsweek.com,8.0,2.197225,False
boston.com,newsweek.com,4.0,1.609438,False
hotair.com,newsweek.com,9.0,2.302585,False
djtechnocrat.blogspot.com,newsweek.com,4.0,1.609438,False
capitalfax.blogspot.com,newsweek.com,31.0,3.465736,False
gizmodo.com,newsweek.com,2.0,1.098612,False
kennysideshow.blogspot.com,newsweek.com,8.0,2.197225,False
mahalo.com,newsweek.com,22.0,3.135494,False
cajunboyinthecity.blogspot.com,newsweek.com,15.0,2.772589,False
chacha.com,newsweek.com,7.0,2.079442,False
cujo359.blogspot.com,newsweek.com,6.0,1.94591,False
ionarts.blogspot.com,newsweek.com,3.0,1.386294,False
buckmire.blogspot.com,newsweek.com,5.0,1.791759,False
jezebel.com,newsweek.com,32.0,3.496508,False
crooksandliars.com,newsweek.com,7.0,2.079442,False
latimes.com,newsweek.com,4.0,1.609438,False
megite.com,newsweek.com,24.0,3.218876,False
en.wikipedia.org,newsweek.com,2.0,1.098612,False
amazon.com,newsweek.com,4.0,1.609438,False
abcnews.go.com,newsweek.com,2.0,1.098612,False
ft.com,newsweek.com,4.0,1.609438,False
feeds.gawker.com,newyorker.com,3.0,1.386294,False
forbes.com,newyorker.com,2.0,1.098612,False
mahalo.com,newyorker.com,30.0,3.433987,False
amazon.com,newyorker.com,167.0,5.123964,False
alterdestiny.blogspot.com,newyorker.com,11.0,2.484907,False
kennysideshow.blogspot.com,newyorker.com,6.0,1.94591,False
dailykos.com,newyorker.com,2.0,1.098612,False
babbazeesbrain.blogspot.com,newyorker.com,2.0,1.098612,False
news.cnet.com,newyorker.com,4.0,1.609438,False
dumpbachmann.blogspot.com,newyorker.com,2.0,1.098612,False
deadspin.com,newyorker.com,7.0,2.079442,False
joshingpolitics.blogspot.com,newyorker.com,8.0,2.197225,False
ionarts.blogspot.com,newyorker.com,118.0,4.779123,False
evolvehappy.com,newyorker.com,4.0,1.609438,False
downwithtyranny.blogspot.com,newyorker.com,13.0,2.639057,False
lefarkins.blogspot.com,newyorker.com,27.0,3.332205,False
blog.badtux.net,newyorker.com,3.0,1.386294,False
firstread.msnbc.msn.com,newyorker.com,2.0,1.098612,False
blogs.abcnews.com,newyorker.com,4.0,1.609438,False
buckmire.blogspot.com,newyorker.com,3.0,1.386294,False
danceswithanxiety.blogspot.com,newyorker.com,18.0,2.944439,False
jihadwatch.org,newyorker.com,5.0,1.791759,False
concurringopinions.com,newyorker.com,56.0,4.043051,False
blogs.wsj.com,newyorker.com,13.0,2.639057,False
cajunboyinthecity.blogspot.com,newyorker.com,85.0,4.454347,False
cujo359.blogspot.com,newyorker.com,9.0,2.302585,False
classicalvalues.com,newyorker.com,11.0,2.484907,False
ibloga.blogspot.com,newyorker.com,3.0,1.386294,False
leftword.blogdig.net,newyorker.com,2.0,1.098612,False
megite.com,newyorker.com,20.0,3.044522,False
guardian.co.uk,newyorker.com,3.0,1.386294,False
althouse.blogspot.com,newyorker.com,13.0,2.639057,False
icestationtango.blogspot.com,newyorker.com,9.0,2.302585,False
circleof13.blogspot.com,newyorker.com,3.0,1.386294,False
atlasshrugs2000.typepad.com,newyorker.com,3.0,1.386294,False
cinie.wordpress.com,newyorker.com,10.0,2.397895,False
feeds.gothamistllc.com,newyorker.com,8.0,2.197225,False
capitalfax.blogspot.com,newyorker.com,3.0,1.386294,False
angrybear.blogspot.com,newyorker.com,8.0,2.197225,False
gawker.com,newyorker.com,41.0,3.73767,False
jezebel.com,newyorker.com,18.0,2.944439,False
greenwichroundup.blogspot.com,newyorker.com,5.0,1.791759,False
holycoast.blogspot.com,newyorker.com,2.0,1.098612,False
feedproxy.google.com,newyorker.com,5.0,1.791759,False
d-day.blogspot.com,newyorker.com,25.0,3.258097,False
corner.nationalreview.com,newyorker.com,3.0,1.386294,False
en.wikipedia.org,newyorker.com,16.0,2.833213,False
cnn.com,newyorker.com,3.0,1.386294,False
news.bbc.co.uk,newyorker.com,3.0,1.386294,False
facebook.com,newyorker.com,3.0,1.386294,False
digg.com,newyorker.com,3.0,1.386294,False
flickr.com,newyorker.com,3.0,1.386294,False
bloomberg.com,newyorker.com,6.0,1.94591,False
google.com,newyorker.com,2.0,1.098612,False
alterdestiny.blogspot.com,nomoremister.blogspot.com,3.0,1.386294,False
lefarkins.blogspot.com,nomoremister.blogspot.com,33.0,3.526361,False
iht.com,nomoremister.blogspot.com,5.0,1.791759,False
crooksandliars.com,nomoremister.blogspot.com,6.0,1.94591,False
corner.nationalreview.com,nomoremister.blogspot.com,17.0,2.890372,False
news.yahoo.com,nomoremister.blogspot.com,80.0,4.394449,False
atlasshrugs2000.typepad.com,nomoremister.blogspot.com,4.0,1.609438,False
money.cnn.com,nomoremister.blogspot.com,7.0,2.079442,False
blogs.wsj.com,nomoremister.blogspot.com,5.0,1.791759,False
latimesblogs.latimes.com,nomoremister.blogspot.com,6.0,1.94591,False
breitbart.com,nomoremister.blogspot.com,6.0,1.94591,False
fivethirtyeight.com,nomoremister.blogspot.com,16.0,2.833213,False
amazon.com,nomoremister.blogspot.com,118.0,4.779123,False
chron.com,nomoremister.blogspot.com,11.0,2.484907,False
blog.wired.com,nomoremister.blogspot.com,2.0,1.098612,False
hotair.com,nomoremister.blogspot.com,8.0,2.197225,False
boston.com,nomoremister.blogspot.com,22.0,3.135494,False
alternet.org,nomoremister.blogspot.com,9.0,2.302585,False
latimes.com,nomoremister.blogspot.com,27.0,3.332205,False
imdb.com,nomoremister.blogspot.com,13.0,2.639057,False
news.google.com,nomoremister.blogspot.com,10.0,2.397895,False
independent.co.uk,nomoremister.blogspot.com,3.0,1.386294,False
marketwatch.com,nomoremister.blogspot.com,4.0,1.609438,False
dailymail.co.uk,nomoremister.blogspot.com,2.0,1.098612,False
forbes.com,nomoremister.blogspot.com,8.0,2.197225,False
newsbusters.org,nomoremister.blogspot.com,14.0,2.70805,False
guardian.co.uk,nomoremister.blogspot.com,18.0,2.944439,False
huffingtonpost.com,nomoremister.blogspot.com,70.0,4.26268,False
blogs.abcnews.com,nomoremister.blogspot.com,26.0,3.295837,False
commondreams.org,nomoremister.blogspot.com,15.0,2.772589,False
firstread.msnbc.msn.com,nomoremister.blogspot.com,10.0,2.397895,False
dailykos.com,nomoremister.blogspot.com,13.0,2.639057,False
google.com,nomoremister.blogspot.com,63.0,4.158883,False
news.com.au,nomoremister.blogspot.com,2.0,1.098612,False
gawker.com,nomoremister.blogspot.com,3.0,1.386294,False
examiner.com,nomoremister.blogspot.com,9.0,2.302585,False
newsday.com,nomoremister.blogspot.com,15.0,2.772589,False
newyorker.com,nomoremister.blogspot.com,24.0,3.218876,False
news.bbc.co.uk,nomoremister.blogspot.com,20.0,3.044522,False
edition.cnn.com,nomoremister.blogspot.com,9.0,2.302585,False
mediamatters.org,nomoremister.blogspot.com,58.0,4.077537,False
abcnews.go.com,nomoremister.blogspot.com,82.0,4.418841,False
jihadwatch.org,nomoremister.blogspot.com,2.0,1.098612,False
economist.com,nomoremister.blogspot.com,3.0,1.386294,False
michellemalkin.com,nomoremister.blogspot.com,23.0,3.178054,False
newsweek.com,nomoremister.blogspot.com,15.0,2.772589,False
cbsnews.com,nomoremister.blogspot.com,44.0,3.806662,False
msnbc.msn.com,nomoremister.blogspot.com,51.0,3.951244,False
cnn.com,nomoremister.blogspot.com,89.0,4.49981,False
freerepublic.com,nomoremister.blogspot.com,84.0,4.442651,False
foxnews.com,nomoremister.blogspot.com,53.0,3.988984,False
en.wikipedia.org,nomoremister.blogspot.com,90.0,4.51086,False
chicagotribune.com,nomoremister.blogspot.com,4.0,1.609438,False
bloomberg.com,nomoremister.blogspot.com,3.0,1.386294,False
ionarts.blogspot.com,npr.org,93.0,4.543295,False
businessweek.com,npr.org,4.0,1.609438,False
feeds.gothamistllc.com,npr.org,32.0,3.496508,False
fivethirtyeight.com,npr.org,2.0,1.098612,False
bloomberg.com,npr.org,3.0,1.386294,False
guardian.co.uk,npr.org,8.0,2.197225,False
informationweek.com,npr.org,2.0,1.098612,False
lefarkins.blogspot.com,npr.org,14.0,2.70805,False
feeds.gawker.com,npr.org,3.0,1.386294,False
blog.openitstrategies.com,npr.org,3.0,1.386294,False
classicalvalues.com,npr.org,5.0,1.791759,False
danceswithanxiety.blogspot.com,npr.org,21.0,3.091042,False
ibloga.blogspot.com,npr.org,4.0,1.609438,False
cujo359.blogspot.com,npr.org,19.0,2.995732,False
blogs.wsj.com,npr.org,10.0,2.397895,False
icestationtango.blogspot.com,npr.org,27.0,3.332205,False
nomoremister.blogspot.com,npr.org,30.0,3.433987,False
mahalo.com,npr.org,195.0,5.278115,False
joshingpolitics.blogspot.com,npr.org,14.0,2.70805,False
angrybear.blogspot.com,npr.org,4.0,1.609438,False
forum.dvdtalk.com,npr.org,9.0,2.302585,False
capitalfax.blogspot.com,npr.org,16.0,2.833213,False
djtechnocrat.blogspot.com,npr.org,3.0,1.386294,False
jezebel.com,npr.org,26.0,3.295837,False
commondreams.org,npr.org,3.0,1.386294,False
kennysideshow.blogspot.com,npr.org,12.0,2.564949,False
boston.com,npr.org,3.0,1.386294,False
nandigramunited.blogspot.com,npr.org,11.0,2.484907,False
d-day.blogspot.com,npr.org,27.0,3.332205,False
feedproxy.google.com,npr.org,5.0,1.791759,False
jihadwatch.org,npr.org,9.0,2.302585,False
buckmire.blogspot.com,npr.org,16.0,2.833213,False
circleof13.blogspot.com,npr.org,10.0,2.397895,False
cajunboyinthecity.blogspot.com,npr.org,6.0,1.94591,False
huffingtonpost.com,npr.org,8.0,2.197225,False
blog.badtux.net,npr.org,4.0,1.609438,False
cinie.wordpress.com,npr.org,50.0,3.931826,False
newsbusters.org,npr.org,9.0,2.302585,False
babbazeesbrain.blogspot.com,npr.org,14.0,2.70805,False
gawker.com,npr.org,17.0,2.890372,False
althouse.blogspot.com,npr.org,19.0,2.995732,False
alterdestiny.blogspot.com,npr.org,21.0,3.091042,False
leftword.blogdig.net,npr.org,12.0,2.564949,False
i.gizmodo.com,npr.org,3.0,1.386294,False
concurringopinions.com,npr.org,69.0,4.248495,False
evolvehappy.com,npr.org,113.0,4.736198,False
examiner.com,npr.org,6.0,1.94591,False
blog.wired.com,npr.org,5.0,1.791759,False
hotair.com,npr.org,2.0,1.098612,False
conservapedia.com,npr.org,7.0,2.079442,False
chacha.com,npr.org,17.0,2.890372,False
gizmodo.com,npr.org,2.0,1.098612,False
deadspin.com,npr.org,3.0,1.386294,False
firstread.msnbc.msn.com,npr.org,2.0,1.098612,False
blogs.abcnews.com,npr.org,3.0,1.386294,False
dailykos.com,npr.org,3.0,1.386294,False
crooksandliars.com,npr.org,2.0,1.098612,False
downwithtyranny.blogspot.com,npr.org,12.0,2.564949,False
news.bbc.co.uk,npr.org,4.0,1.609438,False
news.google.com,npr.org,4.0,1.609438,False
myspace.com,npr.org,6.0,1.94591,False
newsweek.com,npr.org,2.0,1.098612,False
latimes.com,npr.org,5.0,1.791759,False
greenwichroundup.blogspot.com,nydailynews.com,184.0,5.220356,False
hotair.com,nydailynews.com,2.0,1.098612,False
freerepublic.com,nydailynews.com,13.0,2.639057,False
jezebel.com,nydailynews.com,114.0,4.744932,False
icestationtango.blogspot.com,nydailynews.com,12.0,2.564949,False
atlasshrugs2000.typepad.com,nydailynews.com,31.0,3.465736,False
jihadwatch.org,nydailynews.com,19.0,2.995732,False
circleof13.blogspot.com,nydailynews.com,5.0,1.791759,False
holycoast.blogspot.com,nydailynews.com,32.0,3.496508,False
joshingpolitics.blogspot.com,nydailynews.com,2443.0,7.801391,False
feeds.gothamistllc.com,nydailynews.com,297.0,5.697093,False
cujo359.blogspot.com,nydailynews.com,2.0,1.098612,False
ionarts.blogspot.com,nydailynews.com,5.0,1.791759,False
nandigramunited.blogspot.com,nydailynews.com,4.0,1.609438,False
babbazeesbrain.blogspot.com,nydailynews.com,60.0,4.110874,False
angrybear.blogspot.com,nydailynews.com,4.0,1.609438,False
corner.nationalreview.com,nydailynews.com,3.0,1.386294,False
alternet.org,nydailynews.com,13.0,2.639057,False
downwithtyranny.blogspot.com,nydailynews.com,35.0,3.583519,False
nomoremister.blogspot.com,nydailynews.com,34.0,3.555348,False
kotaku.com,nydailynews.com,6.0,1.94591,False
cinie.wordpress.com,nydailynews.com,95.0,4.564348,False
eonline.com,nydailynews.com,61.0,4.127134,False
guardian.co.uk,nydailynews.com,2.0,1.098612,False
dumpbachmann.blogspot.com,nydailynews.com,2.0,1.098612,False
deadspin.com,nydailynews.com,62.0,4.143135,False
kennysideshow.blogspot.com,nydailynews.com,5.0,1.791759,False
capitalfax.blogspot.com,nydailynews.com,8.0,2.197225,False
feeds.gawker.com,nydailynews.com,59.0,4.094345,False
ibloga.blogspot.com,nydailynews.com,18.0,2.944439,False
newyorker.com,nydailynews.com,3.0,1.386294,False
huffingtonpost.com,nydailynews.com,8.0,2.197225,False
classicalvalues.com,nydailynews.com,17.0,2.890372,False
chacha.com,nydailynews.com,8.0,2.197225,False
mahalo.com,nydailynews.com,224.0,5.4161,False
gawker.com,nydailynews.com,153.0,5.036953,False
informationweek.com,nydailynews.com,2.0,1.098612,False
boston.com,nydailynews.com,10.0,2.397895,False
firstread.msnbc.msn.com,nydailynews.com,47.0,3.871201,False
newsbusters.org,nydailynews.com,4.0,1.609438,False
conservapedia.com,nydailynews.com,219.0,5.393628,False
forum.dvdtalk.com,nydailynews.com,37.0,3.637586,False
buckmire.blogspot.com,nydailynews.com,6.0,1.94591,False
amazon.com,nydailynews.com,5.0,1.791759,False
lefarkins.blogspot.com,nydailynews.com,11.0,2.484907,False
digitalspy.co.uk,nydailynews.com,8.0,2.197225,False
economist.com,nydailynews.com,2.0,1.098612,False
djtechnocrat.blogspot.com,nydailynews.com,40.0,3.713572,False
evolvehappy.com,nydailynews.com,12.0,2.564949,False
leftword.blogdig.net,nydailynews.com,11.0,2.484907,False
fivethirtyeight.com,nydailynews.com,9.0,2.302585,False
althouse.blogspot.com,nydailynews.com,24.0,3.218876,False
concurringopinions.com,nydailynews.com,8.0,2.197225,False
examiner.com,nydailynews.com,3.0,1.386294,False
cajunboyinthecity.blogspot.com,nydailynews.com,35.0,3.583519,False
blogs.abcnews.com,nydailynews.com,145.0,4.983607,False
d-day.blogspot.com,nydailynews.com,18.0,2.944439,False
blog.badtux.net,nydailynews.com,3.0,1.386294,False
news.yahoo.com,nydailynews.com,4.0,1.609438,False
latimes.com,nydailynews.com,2.0,1.098612,False
cnn.com,nydailynews.com,2.0,1.098612,False
google.com,nydailynews.com,2.0,1.098612,False
foxnews.com,nydailynews.com,2.0,1.098612,False
news.google.com,nydailynews.com,4.0,1.609438,False
newsday.com,nydailynews.com,19.0,2.995732,False
babbazeesbrain.blogspot.com,nymag.com,6.0,1.94591,False
downwithtyranny.blogspot.com,nymag.com,7.0,2.079442,False
d-day.blogspot.com,nymag.com,4.0,1.609438,False
nandigramunited.blogspot.com,nymag.com,11.0,2.484907,False
icestationtango.blogspot.com,nymag.com,3.0,1.386294,False
chacha.com,nymag.com,11.0,2.484907,False
buckmire.blogspot.com,nymag.com,3.0,1.386294,False
examiner.com,nymag.com,2.0,1.098612,False
nomoremister.blogspot.com,nymag.com,3.0,1.386294,False
evolvehappy.com,nymag.com,17.0,2.890372,False
cajunboyinthecity.blogspot.com,nymag.com,153.0,5.036953,False
capitalfax.blogspot.com,nymag.com,3.0,1.386294,False
megite.com,nymag.com,25.0,3.258097,False
forum.dvdtalk.com,nymag.com,4.0,1.609438,False
greenwichroundup.blogspot.com,nymag.com,17.0,2.890372,False
feedproxy.google.com,nymag.com,2.0,1.098612,False
gawker.com,nymag.com,87.0,4.477337,False
lefarkins.blogspot.com,nymag.com,10.0,2.397895,False
jezebel.com,nymag.com,78.0,4.369448,False
blogs.wsj.com,nymag.com,10.0,2.397895,False
althouse.blogspot.com,nymag.com,5.0,1.791759,False
hotair.com,nymag.com,5.0,1.791759,False
huffingtonpost.com,nymag.com,11.0,2.484907,False
joshingpolitics.blogspot.com,nymag.com,24.0,3.218876,False
concurringopinions.com,nymag.com,13.0,2.639057,False
mahalo.com,nymag.com,110.0,4.70953,False
holycoast.blogspot.com,nymag.com,2.0,1.098612,False
amazon.com,nymag.com,202.0,5.313206,False
economist.com,nymag.com,5.0,1.791759,False
classicalvalues.com,nymag.com,3.0,1.386294,False
latimes.com,nymag.com,7.0,2.079442,False
fivethirtyeight.com,nymag.com,3.0,1.386294,False
ionarts.blogspot.com,nymag.com,6.0,1.94591,False
deadspin.com,nymag.com,29.0,3.401197,False
nydailynews.com,nymag.com,124.0,4.828314,False
feeds.gothamistllc.com,nymag.com,55.0,4.025352,False
cinie.wordpress.com,nymag.com,17.0,2.890372,False
feeds.gawker.com,nymag.com,13.0,2.639057,False
guardian.co.uk,nymag.com,6.0,1.94591,False
newyorker.com,nymag.com,4.0,1.609438,False
dailymail.co.uk,nymag.com,10.0,2.397895,False
eonline.com,nymag.com,8.0,2.197225,False
latimesblogs.latimes.com,nymag.com,5.0,1.791759,False
forbes.com,nymag.com,2.0,1.098612,False
google.com,nymag.com,16.0,2.833213,False
imdb.com,nymag.com,4.0,1.609438,False
independent.co.uk,nymag.com,3.0,1.386294,False
mediamatters.org,nymag.com,17.0,2.890372,False
finance.yahoo.com,nymag.com,3.0,1.386294,False
cnn.com,nymag.com,3.0,1.386294,False
bloomberg.com,nymag.com,8.0,2.197225,False
firstread.msnbc.msn.com,nymag.com,2.0,1.098612,False
businessweek.com,nymag.com,3.0,1.386294,False
foxnews.com,nymag.com,6.0,1.94591,False
en.wikipedia.org,nymag.com,10.0,2.397895,False
digitalspy.co.uk,nypost.com,12.0,2.564949,False
news.com.au,nypost.com,18.0,2.944439,False
msnbc.msn.com,nypost.com,3.0,1.386294,False
dumpbachmann.blogspot.com,nypost.com,4.0,1.609438,False
kennysideshow.blogspot.com,nypost.com,3.0,1.386294,False
examiner.com,nypost.com,3.0,1.386294,False
cinie.wordpress.com,nypost.com,95.0,4.564348,False
commondreams.org,nypost.com,2.0,1.098612,False
gatesofvienna.blogspot.com,nypost.com,6.0,1.94591,False
capitalfax.blogspot.com,nypost.com,8.0,2.197225,False
fivethirtyeight.com,nypost.com,20.0,3.044522,False
downwithtyranny.blogspot.com,nypost.com,21.0,3.091042,False
deadspin.com,nypost.com,87.0,4.477337,False
holycoast.blogspot.com,nypost.com,55.0,4.025352,False
angrybear.blogspot.com,nypost.com,2.0,1.098612,False
blog.openitstrategies.com,nypost.com,3.0,1.386294,False
nydailynews.com,nypost.com,30.0,3.433987,False
newsbusters.org,nypost.com,12.0,2.564949,False
concurringopinions.com,nypost.com,2.0,1.098612,False
babbazeesbrain.blogspot.com,nypost.com,37.0,3.637586,False
althouse.blogspot.com,nypost.com,14.0,2.70805,False
blogs.wsj.com,nypost.com,3.0,1.386294,False
blog.badtux.net,nypost.com,2.0,1.098612,False
informationweek.com,nypost.com,9.0,2.302585,False
gawker.com,nypost.com,455.0,6.122493,False
economist.com,nypost.com,2.0,1.098612,False
jezebel.com,nypost.com,101.0,4.624973,False
feedproxy.google.com,nypost.com,3.0,1.386294,False
cnn.com,nypost.com,3.0,1.386294,False
huffingtonpost.com,nypost.com,7.0,2.079442,False
megite.com,nypost.com,51.0,3.951244,False
alterdestiny.blogspot.com,nypost.com,3.0,1.386294,False
jihadwatch.org,nypost.com,71.0,4.276666,False
evolvehappy.com,nypost.com,3.0,1.386294,False
blogs.abcnews.com,nypost.com,9.0,2.302585,False
classicalvalues.com,nypost.com,14.0,2.70805,False
atlasshrugs2000.typepad.com,nypost.com,17.0,2.890372,False
d-day.blogspot.com,nypost.com,5.0,1.791759,False
blogs.zdnet.com,nypost.com,2.0,1.098612,False
forum.dvdtalk.com,nypost.com,11.0,2.484907,False
hotair.com,nypost.com,4.0,1.609438,False
freerepublic.com,nypost.com,5.0,1.791759,False
greenwichroundup.blogspot.com,nypost.com,256.0,5.549076,False
boston.com,nypost.com,4.0,1.609438,False
feeds.gothamistllc.com,nypost.com,283.0,5.648974,False
mahalo.com,nypost.com,143.0,4.969813,False
nomoremister.blogspot.com,nypost.com,50.0,3.931826,False
firstread.msnbc.msn.com,nypost.com,45.0,3.828641,False
cajunboyinthecity.blogspot.com,nypost.com,117.0,4.770685,False
gizmodo.com,nypost.com,4.0,1.609438,False
conservapedia.com,nypost.com,7.0,2.079442,False
joshingpolitics.blogspot.com,nypost.com,108.0,4.691348,False
nymag.com,nypost.com,217.0,5.384495,False
eonline.com,nypost.com,53.0,3.988984,False
leftword.blogdig.net,nypost.com,6.0,1.94591,False
buckmire.blogspot.com,nypost.com,5.0,1.791759,False
icestationtango.blogspot.com,nypost.com,4.0,1.609438,False
feeds.gawker.com,nypost.com,64.0,4.174387,False
ibloga.blogspot.com,nypost.com,14.0,2.70805,False
lefarkins.blogspot.com,nypost.com,15.0,2.772589,False
amazon.com,nypost.com,54.0,4.007333,False
crooksandliars.com,nypost.com,3.0,1.386294,False
chacha.com,nypost.com,6.0,1.94591,False
corner.nationalreview.com,nypost.com,3.0,1.386294,False
cujo359.blogspot.com,nytimes.com,214.0,5.370638,False
blog.badtux.net,nytimes.com,98.0,4.59512,False
kotaku.com,nytimes.com,21.0,3.091042,False
buckmire.blogspot.com,nytimes.com,296.0,5.693732,False
bbc.co.uk,nytimes.com,11.0,2.484907,False
blog.openitstrategies.com,nytimes.com,100.0,4.615121,False
cajunboyinthecity.blogspot.com,nytimes.com,517.0,6.249975,False
firstread.msnbc.msn.com,nytimes.com,402.0,5.998937,False
angrybear.blogspot.com,nytimes.com,451.0,6.113682,False
icestationtango.blogspot.com,nytimes.com,131.0,4.882802,False
ibloga.blogspot.com,nytimes.com,37.0,3.637586,False
concurringopinions.com,nytimes.com,1096.0,7.000334,False
leftword.blogdig.net,nytimes.com,239.0,5.480639,False
nymag.com,nytimes.com,124.0,4.828314,False
circleof13.blogspot.com,nytimes.com,44.0,3.806662,False
corner.nationalreview.com,nytimes.com,19.0,2.995732,False
blogs.zdnet.com,nytimes.com,16.0,2.833213,False
jezebel.com,nytimes.com,235.0,5.463832,False
businessweek.com,nytimes.com,28.0,3.367296,False
greenwichroundup.blogspot.com,nytimes.com,619.0,6.429719,False
news.cnet.com,nytimes.com,29.0,3.401197,False
latimes.com,nytimes.com,10.0,2.397895,False
hotair.com,nytimes.com,48.0,3.89182,False
d-day.blogspot.com,nytimes.com,975.0,6.883463,False
informationweek.com,nytimes.com,27.0,3.332205,False
capitalfax.blogspot.com,nytimes.com,194.0,5.273,False
feeds.gothamistllc.com,nytimes.com,355.0,5.874931,False
gatesofvienna.blogspot.com,nytimes.com,16.0,2.833213,False
cbsnews.com,nytimes.com,70.0,4.26268,False
holycoast.blogspot.com,nytimes.com,139.0,4.941642,False
finance.yahoo.com,nytimes.com,3.0,1.386294,False
cnn.com,nytimes.com,2.0,1.098612,False
nydailynews.com,nytimes.com,42.0,3.7612,False
althouse.blogspot.com,nytimes.com,602.0,6.401917,False
classicalvalues.com,nytimes.com,116.0,4.762174,False
lefarkins.blogspot.com,nytimes.com,1332.0,7.195187,False
jihadwatch.org,nytimes.com,285.0,5.655992,False
fivethirtyeight.com,nytimes.com,124.0,4.828314,False
joshingpolitics.blogspot.com,nytimes.com,643.0,6.467699,False
kennysideshow.blogspot.com,nytimes.com,110.0,4.70953,False
economist.com,nytimes.com,29.0,3.401197,False
arstechnica.com,nytimes.com,5.0,1.791759,False
evolvehappy.com,nytimes.com,600.0,6.398595,False
deadspin.com,nytimes.com,51.0,3.951244,False
iht.com,nytimes.com,10.0,2.397895,False
chron.com,nytimes.com,8.0,2.197225,False
nomoremister.blogspot.com,nytimes.com,523.0,6.261492,False
newscientist.com,nytimes.com,14.0,2.70805,False
nandigramunited.blogspot.com,nytimes.com,124.0,4.828314,False
danceswithanxiety.blogspot.com,nytimes.com,91.0,4.521789,False
eonline.com,nytimes.com,7.0,2.079442,False
dumpbachmann.blogspot.com,nytimes.com,26.0,3.295837,False
newsweek.com,nytimes.com,3.0,1.386294,False
cinie.wordpress.com,nytimes.com,467.0,6.148468,False
feedproxy.google.com,nytimes.com,35.0,3.583519,False
freerepublic.com,nytimes.com,21.0,3.091042,False
mahalo.com,nytimes.com,795.0,6.679599,False
newyorker.com,nytimes.com,40.0,3.713572,False
newsbusters.org,nytimes.com,95.0,4.564348,False
chicagotribune.com,nytimes.com,4.0,1.609438,False
megite.com,nytimes.com,220.0,5.398163,False
huffingtonpost.com,nytimes.com,238.0,5.476464,False
blog.wired.com,nytimes.com,64.0,4.174387,False
dailykos.com,nytimes.com,42.0,3.7612,False
forbes.com,nytimes.com,20.0,3.044522,False
money.cnn.com,nytimes.com,6.0,1.94591,False
chacha.com,nytimes.com,27.0,3.332205,False
babbazeesbrain.blogspot.com,nytimes.com,442.0,6.09357,False
gawker.com,nytimes.com,773.0,6.651572,False
newportcity.blogspot.com,nytimes.com,5.0,1.791759,False
atlasshrugs2000.typepad.com,nytimes.com,62.0,4.143135,False
blogs.wsj.com,nytimes.com,89.0,4.49981,False
forum.dvdtalk.com,nytimes.com,89.0,4.49981,False
conservapedia.com,nytimes.com,615.0,6.423247,False
blogs.abcnews.com,nytimes.com,432.0,6.070738,False
michellemalkin.com,nytimes.com,3.0,1.386294,False
ionarts.blogspot.com,nytimes.com,473.0,6.161207,False
commondreams.org,nytimes.com,85.0,4.454347,False
crooksandliars.com,nytimes.com,59.0,4.094345,False
alterdestiny.blogspot.com,nytimes.com,719.0,6.579251,False
npr.org,nytimes.com,8.0,2.197225,False
boston.com,nytimes.com,28.0,3.367296,False
gizmodo.com,nytimes.com,7.0,2.079442,False
downwithtyranny.blogspot.com,nytimes.com,671.0,6.510258,False
examiner.com,nytimes.com,18.0,2.944439,False
guardian.co.uk,nytimes.com,111.0,4.718499,False
i.gizmodo.com,nytimes.com,51.0,3.951244,False
feeds.gawker.com,nytimes.com,91.0,4.521789,False
alternet.org,nytimes.com,106.0,4.672829,False
djtechnocrat.blogspot.com,nytimes.com,107.0,4.682131,False
digitalspy.co.uk,nytimes.com,11.0,2.484907,False
amazon.com,nytimes.com,674.0,6.514713,False
marketwatch.com,nytimes.com,8.0,2.197225,False
bloomberg.com,nytimes.com,15.0,2.772589,False
news.google.com,nytimes.com,103.0,4.644391,False
google.com,nytimes.com,4.0,1.609438,False
blog.wired.com,online.wsj.com,20.0,3.044522,False
feeds.gothamistllc.com,online.wsj.com,46.0,3.850148,False
kennysideshow.blogspot.com,online.wsj.com,17.0,2.890372,False
greenwichroundup.blogspot.com,online.wsj.com,77.0,4.356709,False
kotaku.com,online.wsj.com,12.0,2.564949,False
ibloga.blogspot.com,online.wsj.com,12.0,2.564949,False
nandigramunited.blogspot.com,online.wsj.com,34.0,3.555348,False
newsbusters.org,online.wsj.com,12.0,2.564949,False
corner.nationalreview.com,online.wsj.com,17.0,2.890372,False
atlasshrugs2000.typepad.com,online.wsj.com,38.0,3.663562,False
holycoast.blogspot.com,online.wsj.com,59.0,4.094345,False
d-day.blogspot.com,online.wsj.com,115.0,4.75359,False
gizmodo.com,online.wsj.com,10.0,2.397895,False
jezebel.com,online.wsj.com,63.0,4.158883,False
bloomberg.com,online.wsj.com,4.0,1.609438,False
cbsnews.com,online.wsj.com,46.0,3.850148,False
freerepublic.com,online.wsj.com,16.0,2.833213,False
blogs.wsj.com,online.wsj.com,592.0,6.385194,False
informationweek.com,online.wsj.com,25.0,3.258097,False
forbes.com,online.wsj.com,3.0,1.386294,False
hotair.com,online.wsj.com,21.0,3.091042,False
mahalo.com,online.wsj.com,113.0,4.736198,False
marketwatch.com,online.wsj.com,72.0,4.290459,False
classicalvalues.com,online.wsj.com,32.0,3.496508,False
firstread.msnbc.msn.com,online.wsj.com,45.0,3.828641,False
commondreams.org,online.wsj.com,10.0,2.397895,False
babbazeesbrain.blogspot.com,online.wsj.com,254.0,5.541264,False
blogs.abcnews.com,online.wsj.com,342.0,5.83773,False
dailykos.com,online.wsj.com,2.0,1.098612,False
arstechnica.com,online.wsj.com,5.0,1.791759,False
cinie.wordpress.com,online.wsj.com,67.0,4.219508,False
businessweek.com,online.wsj.com,15.0,2.772589,False
capitalfax.blogspot.com,online.wsj.com,142.0,4.962845,False
blogs.zdnet.com,online.wsj.com,18.0,2.944439,False
economist.com,online.wsj.com,10.0,2.397895,False
ionarts.blogspot.com,online.wsj.com,96.0,4.574711,False
chacha.com,online.wsj.com,2.0,1.098612,False
djtechnocrat.blogspot.com,online.wsj.com,28.0,3.367296,False
angrybear.blogspot.com,online.wsj.com,134.0,4.905275,False
alterdestiny.blogspot.com,online.wsj.com,10.0,2.397895,False
huffingtonpost.com,online.wsj.com,53.0,3.988984,False
megite.com,online.wsj.com,11.0,2.484907,False
gawker.com,online.wsj.com,231.0,5.446737,False
news.cnet.com,online.wsj.com,53.0,3.988984,False
conservapedia.com,online.wsj.com,181.0,5.204007,False
joshingpolitics.blogspot.com,online.wsj.com,47.0,3.871201,False
i.gizmodo.com,online.wsj.com,42.0,3.7612,False
jihadwatch.org,online.wsj.com,25.0,3.258097,False
blog.openitstrategies.com,online.wsj.com,189.0,5.247024,False
downwithtyranny.blogspot.com,online.wsj.com,76.0,4.343805,False
althouse.blogspot.com,online.wsj.com,16.0,2.833213,False
examiner.com,online.wsj.com,7.0,2.079442,False
michellemalkin.com,online.wsj.com,4.0,1.609438,False
boston.com,online.wsj.com,4.0,1.609438,False
lefarkins.blogspot.com,online.wsj.com,49.0,3.912023,False
alternet.org,online.wsj.com,23.0,3.178054,False
concurringopinions.com,online.wsj.com,137.0,4.927254,False
cujo359.blogspot.com,online.wsj.com,8.0,2.197225,False
forum.dvdtalk.com,online.wsj.com,13.0,2.639057,False
cajunboyinthecity.blogspot.com,online.wsj.com,28.0,3.367296,False
leftword.blogdig.net,online.wsj.com,48.0,3.89182,False
nomoremister.blogspot.com,online.wsj.com,31.0,3.465736,False
buckmire.blogspot.com,online.wsj.com,5.0,1.791759,False
deadspin.com,online.wsj.com,4.0,1.609438,False
feeds.gawker.com,online.wsj.com,32.0,3.496508,False
nymag.com,online.wsj.com,43.0,3.78419,False
crooksandliars.com,online.wsj.com,13.0,2.639057,False
amazon.com,online.wsj.com,466.0,6.146329,False
icestationtango.blogspot.com,online.wsj.com,8.0,2.197225,False
evolvehappy.com,online.wsj.com,4.0,1.609438,False
npr.org,online.wsj.com,2.0,1.098612,False
gatesofvienna.blogspot.com,online.wsj.com,7.0,2.079442,False
danceswithanxiety.blogspot.com,online.wsj.com,10.0,2.397895,False
circleof13.blogspot.com,online.wsj.com,16.0,2.833213,False
fivethirtyeight.com,online.wsj.com,40.0,3.713572,False
feedproxy.google.com,online.wsj.com,8.0,2.197225,False
newyorker.com,online.wsj.com,5.0,1.791759,False
digitalspy.co.uk,online.wsj.com,4.0,1.609438,False
blog.badtux.net,online.wsj.com,6.0,1.94591,False
dumpbachmann.blogspot.com,online.wsj.com,2.0,1.098612,False
guardian.co.uk,online.wsj.com,35.0,3.583519,False
independent.co.uk,online.wsj.com,2.0,1.098612,False
news.google.com,online.wsj.com,73.0,4.304065,False
google.com,online.wsj.com,5.0,1.791759,False
news.yahoo.com,online.wsj.com,2.0,1.098612,False
news.bbc.co.uk,online.wsj.com,2.0,1.098612,False
online.wsj.com,otherclub.blogspot.com,269.0,5.598422,False
1.bp.blogspot.com,otherclub.blogspot.com,362.0,5.894403,False
corner.nationalreview.com,otherclub.blogspot.com,76.0,4.343805,False
cbsnews.com,otherclub.blogspot.com,15.0,2.772589,False
2.bp.blogspot.com,otherclub.blogspot.com,427.0,6.059123,False
abcnews.go.com,otherclub.blogspot.com,67.0,4.219508,False
newyorker.com,otherclub.blogspot.com,2.0,1.098612,False
news.com.au,otherclub.blogspot.com,6.0,1.94591,False
latimesblogs.latimes.com,otherclub.blogspot.com,59.0,4.094345,False
edition.cnn.com,otherclub.blogspot.com,2.0,1.098612,False
facebook.com,otherclub.blogspot.com,3.0,1.386294,False
forbes.com,otherclub.blogspot.com,6.0,1.94591,False
nytimes.com,otherclub.blogspot.com,292.0,5.680173,False
dailymail.co.uk,otherclub.blogspot.com,5.0,1.791759,False
newsday.com,otherclub.blogspot.com,2.0,1.098612,False
nydailynews.com,otherclub.blogspot.com,4.0,1.609438,False
examiner.com,otherclub.blogspot.com,8.0,2.197225,False
google.com,otherclub.blogspot.com,7.0,2.079442,False
amazon.com,otherclub.blogspot.com,115.0,4.75359,False
blogger.com,otherclub.blogspot.com,7368.0,8.905037,False
msnbc.msn.com,otherclub.blogspot.com,15.0,2.772589,False
4.bp.blogspot.com,otherclub.blogspot.com,139.0,4.941642,False
newsbusters.org,otherclub.blogspot.com,13.0,2.639057,False
chicagotribune.com,otherclub.blogspot.com,16.0,2.833213,False
dailykos.com,otherclub.blogspot.com,2.0,1.098612,False
nypost.com,otherclub.blogspot.com,24.0,3.218876,False
jihadwatch.org,otherclub.blogspot.com,11.0,2.484907,False
latimes.com,otherclub.blogspot.com,65.0,4.189655,False
haaretz.com,otherclub.blogspot.com,3.0,1.386294,False
breitbart.com,otherclub.blogspot.com,80.0,4.394449,False
money.cnn.com,otherclub.blogspot.com,2.0,1.098612,False
cnn.com,otherclub.blogspot.com,135.0,4.912655,False
atlasshrugs2000.typepad.com,otherclub.blogspot.com,4.0,1.609438,False
blogs.abcnews.com,otherclub.blogspot.com,7.0,2.079442,False
news.bbc.co.uk,otherclub.blogspot.com,80.0,4.394449,False
cbc.ca,otherclub.blogspot.com,12.0,2.564949,False
marketwatch.com,otherclub.blogspot.com,117.0,4.770685,False
iht.com,otherclub.blogspot.com,7.0,2.079442,False
en.wikipedia.org,otherclub.blogspot.com,285.0,5.655992,False
boston.com,otherclub.blogspot.com,16.0,2.833213,False
news.yahoo.com,otherclub.blogspot.com,104.0,4.65396,False
huffingtonpost.com,otherclub.blogspot.com,4.0,1.609438,False
hotair.com,otherclub.blogspot.com,12.0,2.564949,False
chron.com,otherclub.blogspot.com,2.0,1.098612,False
businessweek.com,otherclub.blogspot.com,3.0,1.386294,False
freerepublic.com,otherclub.blogspot.com,64.0,4.174387,False
guardian.co.uk,otherclub.blogspot.com,63.0,4.158883,False
bloomberg.com,otherclub.blogspot.com,68.0,4.234107,False
blogs.wsj.com,otherclub.blogspot.com,2.0,1.098612,False
michellemalkin.com,otherclub.blogspot.com,14.0,2.70805,False
3.bp.blogspot.com,otherclub.blogspot.com,22.0,3.135494,False
foxnews.com,otherclub.blogspot.com,86.0,4.465908,False
althouse.blogspot.com,otherclub.blogspot.com,6.0,1.94591,False
npr.org,otherclub.blogspot.com,9.0,2.302585,False
gatesofvienna.blogspot.com,otherclub.blogspot.com,4.0,1.609438,False
alterdestiny.blogspot.com,ourlatinamerica.blogspot.com,21.0,3.091042,False
huffingtonpost.com,ourlatinamerica.blogspot.com,4.0,1.609438,False
bbc.co.uk,ourlatinamerica.blogspot.com,200.0,5.303305,False
2.bp.blogspot.com,ourlatinamerica.blogspot.com,403.0,6.001415,False
dailymail.co.uk,ourlatinamerica.blogspot.com,199.0,5.298317,False
news.yahoo.com,ourlatinamerica.blogspot.com,22.0,3.135494,False
imdb.com,ourlatinamerica.blogspot.com,14.0,2.70805,False
dailykos.com,ourlatinamerica.blogspot.com,2.0,1.098612,False
alternet.org,ourlatinamerica.blogspot.com,3.0,1.386294,False
blogs.abcnews.com,ourlatinamerica.blogspot.com,2.0,1.098612,False
news.com.au,ourlatinamerica.blogspot.com,2.0,1.098612,False
cnn.com,ourlatinamerica.blogspot.com,462.0,6.137727,False
edition.cnn.com,ourlatinamerica.blogspot.com,422.0,6.047372,False
blog.wired.com,ourlatinamerica.blogspot.com,4.0,1.609438,False
foxnews.com,ourlatinamerica.blogspot.com,600.0,6.398595,False
msnbc.msn.com,ourlatinamerica.blogspot.com,508.0,6.232448,False
nydailynews.com,ourlatinamerica.blogspot.com,30.0,3.433987,False
online.wsj.com,ourlatinamerica.blogspot.com,11.0,2.484907,False
examiner.com,ourlatinamerica.blogspot.com,2.0,1.098612,False
blogger.com,ourlatinamerica.blogspot.com,6795.0,8.824089,False
engadget.com,ourlatinamerica.blogspot.com,5.0,1.791759,False
eonline.com,ourlatinamerica.blogspot.com,2.0,1.098612,False
economist.com,ourlatinamerica.blogspot.com,3.0,1.386294,False
commondreams.org,ourlatinamerica.blogspot.com,3.0,1.386294,False
newsday.com,ourlatinamerica.blogspot.com,13.0,2.639057,False
nypost.com,ourlatinamerica.blogspot.com,2.0,1.098612,False
cbsnews.com,ourlatinamerica.blogspot.com,15.0,2.772589,False
latimesblogs.latimes.com,ourlatinamerica.blogspot.com,8.0,2.197225,False
michellemalkin.com,ourlatinamerica.blogspot.com,2.0,1.098612,False
bloomberg.com,ourlatinamerica.blogspot.com,925.0,6.830874,False
myspace.com,ourlatinamerica.blogspot.com,9.0,2.302585,False
marketwatch.com,ourlatinamerica.blogspot.com,7.0,2.079442,False
1.bp.blogspot.com,ourlatinamerica.blogspot.com,206.0,5.332719,False
cbc.ca,ourlatinamerica.blogspot.com,10.0,2.397895,False
independent.co.uk,ourlatinamerica.blogspot.com,4.0,1.609438,False
chron.com,ourlatinamerica.blogspot.com,19.0,2.995732,False
deadspin.com,ourlatinamerica.blogspot.com,9.0,2.302585,False
nymag.com,ourlatinamerica.blogspot.com,4.0,1.609438,False
3.bp.blogspot.com,ourlatinamerica.blogspot.com,10.0,2.397895,False
nytimes.com,ourlatinamerica.blogspot.com,1416.0,7.256297,False
news.bbc.co.uk,ourlatinamerica.blogspot.com,1814.0,7.503841,False
forbes.com,ourlatinamerica.blogspot.com,16.0,2.833213,False
money.cnn.com,ourlatinamerica.blogspot.com,7.0,2.079442,False
en.wikipedia.org,ourlatinamerica.blogspot.com,314.0,5.752573,False
npr.org,ourlatinamerica.blogspot.com,18.0,2.944439,False
chicagotribune.com,ourlatinamerica.blogspot.com,11.0,2.484907,False
google.com,ourlatinamerica.blogspot.com,1120.0,7.021976,False
boston.com,ourlatinamerica.blogspot.com,18.0,2.944439,False
newyorker.com,ourlatinamerica.blogspot.com,2.0,1.098612,False
amazon.com,ourlatinamerica.blogspot.com,3.0,1.386294,False
firstread.msnbc.msn.com,ourlatinamerica.blogspot.com,6.0,1.94591,False
latimes.com,ourlatinamerica.blogspot.com,229.0,5.438079,False
gawker.com,ourlatinamerica.blogspot.com,200.0,5.303305,False
guardian.co.uk,ourlatinamerica.blogspot.com,297.0,5.697093,False
abcnews.go.com,ourlatinamerica.blogspot.com,612.0,6.418365,False
4.bp.blogspot.com,ourlatinamerica.blogspot.com,12.0,2.564949,False
iht.com,ourlatinamerica.blogspot.com,97.0,4.584967,False
nymag.com,pajamasmedia.com,2.0,1.098612,False
althouse.blogspot.com,pajamasmedia.com,8.0,2.197225,False
blogs.abcnews.com,pajamasmedia.com,4.0,1.609438,False
classicalvalues.com,pajamasmedia.com,137.0,4.927254,False
hotair.com,pajamasmedia.com,8.0,2.197225,False
gatesofvienna.blogspot.com,pajamasmedia.com,10.0,2.397895,False
megite.com,pajamasmedia.com,7.0,2.079442,False
atlasshrugs2000.typepad.com,pajamasmedia.com,35.0,3.583519,False
holycoast.blogspot.com,pajamasmedia.com,11.0,2.484907,False
lefarkins.blogspot.com,pajamasmedia.com,37.0,3.637586,False
babbazeesbrain.blogspot.com,pajamasmedia.com,5.0,1.791759,False
cujo359.blogspot.com,pajamasmedia.com,3.0,1.386294,False
mahalo.com,pajamasmedia.com,3.0,1.386294,False
cinie.wordpress.com,pajamasmedia.com,30.0,3.433987,False
firstread.msnbc.msn.com,pajamasmedia.com,3.0,1.386294,False
kennysideshow.blogspot.com,pajamasmedia.com,6.0,1.94591,False
corner.nationalreview.com,pajamasmedia.com,6.0,1.94591,False
guardian.co.uk,pajamasmedia.com,6.0,1.94591,False
d-day.blogspot.com,pajamasmedia.com,4.0,1.609438,False
capitalfax.blogspot.com,pajamasmedia.com,10.0,2.397895,False
jihadwatch.org,pajamasmedia.com,46.0,3.850148,False
freerepublic.com,pajamasmedia.com,2.0,1.098612,False
ibloga.blogspot.com,pajamasmedia.com,13.0,2.639057,False
otherclub.blogspot.com,pajamasmedia.com,137.0,4.927254,False
greenwichroundup.blogspot.com,pajamasmedia.com,4.0,1.609438,False
nomoremister.blogspot.com,pajamasmedia.com,5.0,1.791759,False
news.yahoo.com,pajamasmedia.com,9.0,2.302585,False
nypost.com,pajamasmedia.com,2.0,1.098612,False
huffingtonpost.com,pajamasmedia.com,2.0,1.098612,False
newsbusters.org,pajamasmedia.com,6.0,1.94591,False
online.wsj.com,pajamasmedia.com,16.0,2.833213,False
dailymail.co.uk,pajamasmedia.com,7.0,2.079442,False
foxnews.com,pajamasmedia.com,9.0,2.302585,False
abcnews.go.com,pajamasmedia.com,5.0,1.791759,False
blog.wired.com,pajamasmedia.com,4.0,1.609438,False
amazon.com,pajamasmedia.com,21.0,3.091042,False
forbes.com,pajamasmedia.com,3.0,1.386294,False
news.bbc.co.uk,pajamasmedia.com,6.0,1.94591,False
examiner.com,pajamasmedia.com,2.0,1.098612,False
ft.com,pajamasmedia.com,2.0,1.098612,False
breitbart.com,pajamasmedia.com,4.0,1.609438,False
google.com,pajamasmedia.com,9.0,2.302585,False
cnn.com,pajamasmedia.com,4.0,1.609438,False
michellemalkin.com,pajamasmedia.com,5.0,1.791759,False
bloomberg.com,pajamasmedia.com,5.0,1.791759,False
en.wikipedia.org,pajamasmedia.com,37.0,3.637586,False
nytimes.com,pajamasmedia.com,14.0,2.70805,False
imdb.com,pajamasmedia.com,4.0,1.609438,False
news.google.com,pajamasmedia.com,2.0,1.098612,False
latimes.com,pajamasmedia.com,8.0,2.197225,False
ionarts.blogspot.com,pbs.org,31.0,3.465736,False
concurringopinions.com,pbs.org,23.0,3.178054,False
downwithtyranny.blogspot.com,pbs.org,6.0,1.94591,False
blog.openitstrategies.com,pbs.org,8.0,2.197225,False
ibloga.blogspot.com,pbs.org,4.0,1.609438,False
ourlatinamerica.blogspot.com,pbs.org,8.0,2.197225,False
otherclub.blogspot.com,pbs.org,5.0,1.791759,False
capitalfax.blogspot.com,pbs.org,4.0,1.609438,False
angrybear.blogspot.com,pbs.org,8.0,2.197225,False
jihadwatch.org,pbs.org,7.0,2.079442,False
marketwatch.com,pbs.org,2.0,1.098612,False
hotair.com,pbs.org,2.0,1.098612,False
leftword.blogdig.net,pbs.org,13.0,2.639057,False
circleof13.blogspot.com,pbs.org,5.0,1.791759,False
nymag.com,pbs.org,3.0,1.386294,False
blog.wired.com,pbs.org,8.0,2.197225,False
guardian.co.uk,pbs.org,8.0,2.197225,False
conservapedia.com,pbs.org,50.0,3.931826,False
danceswithanxiety.blogspot.com,pbs.org,12.0,2.564949,False
jezebel.com,pbs.org,5.0,1.791759,False
crooksandliars.com,pbs.org,2.0,1.098612,False
kennysideshow.blogspot.com,pbs.org,19.0,2.995732,False
chron.com,pbs.org,2.0,1.098612,False
icestationtango.blogspot.com,pbs.org,11.0,2.484907,False
gawker.com,pbs.org,5.0,1.791759,False
breitbart.com,pbs.org,7.0,2.079442,False
althouse.blogspot.com,pbs.org,7.0,2.079442,False
lefarkins.blogspot.com,pbs.org,6.0,1.94591,False
cajunboyinthecity.blogspot.com,pbs.org,11.0,2.484907,False
joshingpolitics.blogspot.com,pbs.org,9.0,2.302585,False
feedproxy.google.com,pbs.org,3.0,1.386294,False
holycoast.blogspot.com,pbs.org,2.0,1.098612,False
blog.badtux.net,pbs.org,8.0,2.197225,False
dumpbachmann.blogspot.com,pbs.org,6.0,1.94591,False
gatesofvienna.blogspot.com,pbs.org,2.0,1.098612,False
alternet.org,pbs.org,5.0,1.791759,False
d-day.blogspot.com,pbs.org,13.0,2.639057,False
cujo359.blogspot.com,pbs.org,22.0,3.135494,False
cinie.wordpress.com,pbs.org,49.0,3.912023,False
babbazeesbrain.blogspot.com,pbs.org,4.0,1.609438,False
commondreams.org,pbs.org,5.0,1.791759,False
nomoremister.blogspot.com,pbs.org,15.0,2.772589,False
huffingtonpost.com,pbs.org,11.0,2.484907,False
freerepublic.com,pbs.org,6.0,1.94591,False
bbc.co.uk,pbs.org,2.0,1.098612,False
feeds.gothamistllc.com,pbs.org,12.0,2.564949,False
classicalvalues.com,pbs.org,13.0,2.639057,False
dailykos.com,pbs.org,3.0,1.386294,False
buckmire.blogspot.com,pbs.org,6.0,1.94591,False
alterdestiny.blogspot.com,pbs.org,9.0,2.302585,False
chacha.com,pbs.org,26.0,3.295837,False
examiner.com,pbs.org,3.0,1.386294,False
mahalo.com,pbs.org,124.0,4.828314,False
evolvehappy.com,pbs.org,24.0,3.218876,False
foxnews.com,pbs.org,2.0,1.098612,False
amazon.com,pbs.org,2.0,1.098612,False
en.wikipedia.org,pbs.org,10.0,2.397895,False
google.com,pbs.org,4.0,1.609438,False
djtechnocrat.blogspot.com,pcworld.com,72.0,4.290459,False
informationweek.com,pcworld.com,14.0,2.70805,False
feeds.gawker.com,pcworld.com,3.0,1.386294,False
guardian.co.uk,pcworld.com,3.0,1.386294,False
chacha.com,pcworld.com,3.0,1.386294,False
babbazeesbrain.blogspot.com,pcworld.com,5.0,1.791759,False
news.cnet.com,pcworld.com,3.0,1.386294,False
nydailynews.com,pcworld.com,3.0,1.386294,False
mahalo.com,pcworld.com,54.0,4.007333,False
i.gizmodo.com,pcworld.com,9.0,2.302585,False
cajunboyinthecity.blogspot.com,pcworld.com,2.0,1.098612,False
evolvehappy.com,pcworld.com,5.0,1.791759,False
gawker.com,pcworld.com,3.0,1.386294,False
blog.openitstrategies.com,pcworld.com,29.0,3.401197,False
feedproxy.google.com,pcworld.com,2.0,1.098612,False
circleof13.blogspot.com,pcworld.com,12.0,2.564949,False
blogs.zdnet.com,pcworld.com,7.0,2.079442,False
feeds.gothamistllc.com,pcworld.com,5.0,1.791759,False
blogs.wsj.com,pcworld.com,2.0,1.098612,False
kotaku.com,pcworld.com,5.0,1.791759,False
gizmodo.com,pcworld.com,3.0,1.386294,False
megite.com,pcworld.com,8.0,2.197225,False
businessweek.com,pcworld.com,5.0,1.791759,False
newsweek.com,pcworld.com,2.0,1.098612,False
engadget.com,pcworld.com,2.0,1.098612,False
google.com,pcworld.com,10.0,2.397895,False
flickr.com,pcworld.com,3.0,1.386294,False
news.bbc.co.uk,pcworld.com,3.0,1.386294,False
microsoft.com,pcworld.com,10.0,2.397895,False
imdb.com,pcworld.com,3.0,1.386294,False
apple.com,pcworld.com,17.0,2.890372,False
arstechnica.com,pcworld.com,7.0,2.079442,False
nytimes.com,pcworld.com,8.0,2.197225,False
news.google.com,pcworld.com,92.0,4.532599,False
amazon.com,pcworld.com,13.0,2.639057,False
online.wsj.com,pcworld.com,9.0,2.302585,False
dailymail.co.uk,pcworld.com,2.0,1.098612,False
maps.google.com,pcworld.com,3.0,1.386294,False
facebook.com,pcworld.com,2.0,1.098612,False
en.wikipedia.org,pcworld.com,19.0,2.995732,False
newsbusters.org,philly.com,7.0,2.079442,False
ionarts.blogspot.com,philly.com,111.0,4.718499,False
deadspin.com,philly.com,54.0,4.007333,False
feeds.gawker.com,philly.com,2.0,1.098612,False
megite.com,philly.com,5.0,1.791759,False
capitalfax.blogspot.com,philly.com,2.0,1.098612,False
blogs.wsj.com,philly.com,5.0,1.791759,False
blogs.abcnews.com,philly.com,2.0,1.098612,False
forum.dvdtalk.com,philly.com,13.0,2.639057,False
joshingpolitics.blogspot.com,philly.com,6.0,1.94591,False
babbazeesbrain.blogspot.com,philly.com,15.0,2.772589,False
evolvehappy.com,philly.com,5.0,1.791759,False
otherclub.blogspot.com,philly.com,5.0,1.791759,False
blog.badtux.net,philly.com,5.0,1.791759,False
mahalo.com,philly.com,100.0,4.615121,False
chron.com,philly.com,2.0,1.098612,False
downwithtyranny.blogspot.com,philly.com,13.0,2.639057,False
lefarkins.blogspot.com,philly.com,4.0,1.609438,False
concurringopinions.com,philly.com,17.0,2.890372,False
cujo359.blogspot.com,philly.com,5.0,1.791759,False
kennysideshow.blogspot.com,philly.com,5.0,1.791759,False
ourlatinamerica.blogspot.com,philly.com,3.0,1.386294,False
nomoremister.blogspot.com,philly.com,5.0,1.791759,False
firstread.msnbc.msn.com,philly.com,4.0,1.609438,False
holycoast.blogspot.com,philly.com,9.0,2.302585,False
cajunboyinthecity.blogspot.com,philly.com,4.0,1.609438,False
leftword.blogdig.net,philly.com,16.0,2.833213,False
boston.com,philly.com,10.0,2.397895,False
d-day.blogspot.com,philly.com,49.0,3.912023,False
danceswithanxiety.blogspot.com,philly.com,5.0,1.791759,False
circleof13.blogspot.com,philly.com,2.0,1.098612,False
greenwichroundup.blogspot.com,philly.com,11.0,2.484907,False
althouse.blogspot.com,philly.com,4.0,1.609438,False
icestationtango.blogspot.com,philly.com,4.0,1.609438,False
classicalvalues.com,philly.com,577.0,6.359574,False
gawker.com,philly.com,5.0,1.791759,False
chacha.com,philly.com,4.0,1.609438,False
huffingtonpost.com,philly.com,8.0,2.197225,False
angrybear.blogspot.com,philly.com,2.0,1.098612,False
jihadwatch.org,philly.com,10.0,2.397895,False
ibloga.blogspot.com,philly.com,3.0,1.386294,False
freerepublic.com,philly.com,2.0,1.098612,False
cbsnews.com,philly.com,2.0,1.098612,False
feeds.gothamistllc.com,philly.com,111.0,4.718499,False
myspace.com,philly.com,11.0,2.484907,False
cnn.com,philly.com,2.0,1.098612,False
cdc.gov,philly.com,2.0,1.098612,False
breitbart.com,philly.com,2.0,1.098612,False
en.wikipedia.org,philly.com,4.0,1.609438,False
nydailynews.com,philly.com,18.0,2.944439,False
marketwatch.com,philly.com,3.0,1.386294,False
facebook.com,philly.com,2.0,1.098612,False
amazon.com,philly.com,7.0,2.079442,False
npr.org,philly.com,3.0,1.386294,False
crooksandliars.com,philly.com,2.0,1.098612,False
finance.yahoo.com,philly.com,4.0,1.609438,False
nytimes.com,philly.com,18.0,2.944439,False
mediamatters.org,philly.com,3.0,1.386294,False
bloomberg.com,philly.com,23.0,3.178054,False
circleof13.blogspot.com,photos1.blogger.com,4.0,1.609438,False
icestationtango.blogspot.com,photos1.blogger.com,880.0,6.781058,False
newportcity.blogspot.com,photos1.blogger.com,2035.0,7.618742,False
mahalo.com,photos1.blogger.com,3.0,1.386294,False
ionarts.blogspot.com,photos1.blogger.com,1333.0,7.195937,False
otherclub.blogspot.com,photos1.blogger.com,54.0,4.007333,False
capitalfax.blogspot.com,photos1.blogger.com,429.0,6.063785,False
downwithtyranny.blogspot.com,photos1.blogger.com,27.0,3.332205,False
ourlatinamerica.blogspot.com,photos1.blogger.com,27.0,3.332205,False
kennysideshow.blogspot.com,photos1.blogger.com,5.0,1.791759,False
lefarkins.blogspot.com,photos1.blogger.com,209.0,5.347108,False
gatesofvienna.blogspot.com,photos1.blogger.com,4.0,1.609438,False
blog.badtux.net,photos1.blogger.com,59.0,4.094345,False
djtechnocrat.blogspot.com,photos1.blogger.com,57.0,4.060443,False
buckmire.blogspot.com,photos1.blogger.com,205.0,5.327876,False
dumpbachmann.blogspot.com,photos1.blogger.com,96.0,4.574711,False
boston.com,plime.com,18.0,2.944439,False
news.com.au,plime.com,38.0,3.663562,False
i.gizmodo.com,plime.com,14.0,2.70805,False
eonline.com,plime.com,2.0,1.098612,False
finance.yahoo.com,plime.com,4.0,1.609438,False
forbes.com,plime.com,2.0,1.098612,False
nydailynews.com,plime.com,18.0,2.944439,False
blogs.zdnet.com,plime.com,2.0,1.098612,False
newscientist.com,plime.com,48.0,3.89182,False
gizmodo.com,plime.com,2.0,1.098612,False
edition.cnn.com,plime.com,8.0,2.197225,False
economist.com,plime.com,26.0,3.295837,False
alternet.org,plime.com,2.0,1.098612,False
latimesblogs.latimes.com,plime.com,8.0,2.197225,False
bbc.co.uk,plime.com,4.0,1.609438,False
guardian.co.uk,plime.com,46.0,3.850148,False
msnbc.msn.com,plime.com,74.0,4.317488,False
philly.com,plime.com,10.0,2.397895,False
news.bbc.co.uk,plime.com,114.0,4.744932,False
google.com,plime.com,24.0,3.218876,False
pcworld.com,plime.com,2.0,1.098612,False
nytimes.com,plime.com,50.0,3.931826,False
bloomberg.com,plime.com,4.0,1.609438,False
news.yahoo.com,plime.com,60.0,4.110874,False
npr.org,plime.com,6.0,1.94591,False
maps.google.com,plime.com,18.0,2.944439,False
newyorker.com,plime.com,4.0,1.609438,False
chicagotribune.com,plime.com,4.0,1.609438,False
jezebel.com,plime.com,2.0,1.098612,False
deadspin.com,plime.com,2.0,1.098612,False
breitbart.com,plime.com,16.0,2.833213,False
arstechnica.com,plime.com,6.0,1.94591,False
businessweek.com,plime.com,6.0,1.94591,False
cbsnews.com,plime.com,24.0,3.218876,False
blogs.wsj.com,plime.com,18.0,2.944439,False
flickr.com,plime.com,2.0,1.098612,False
huffingtonpost.com,plime.com,18.0,2.944439,False
cnn.com,plime.com,84.0,4.442651,False
nypost.com,plime.com,24.0,3.218876,False
gawker.com,plime.com,16.0,2.833213,False
dailymail.co.uk,plime.com,140.0,4.94876,False
newsday.com,plime.com,8.0,2.197225,False
chron.com,plime.com,24.0,3.218876,False
independent.co.uk,plime.com,20.0,3.044522,False
online.wsj.com,plime.com,18.0,2.944439,False
blog.wired.com,plime.com,14.0,2.70805,False
cbc.ca,plime.com,10.0,2.397895,False
abcnews.go.com,plime.com,50.0,3.931826,False
newsweek.com,plime.com,6.0,1.94591,False
ft.com,plime.com,2.0,1.098612,False
foxnews.com,plime.com,30.0,3.433987,False
latimes.com,plime.com,18.0,2.944439,False
iht.com,plime.com,2.0,1.098612,False
nomoremister.blogspot.com,politico.com,93.0,4.543295,False
alterdestiny.blogspot.com,politico.com,135.0,4.912655,False
nymag.com,politico.com,13.0,2.639057,False
commondreams.org,politico.com,3.0,1.386294,False
guardian.co.uk,politico.com,13.0,2.639057,False
michellemalkin.com,politico.com,2.0,1.098612,False
blogs.wsj.com,politico.com,3.0,1.386294,False
jihadwatch.org,politico.com,4.0,1.609438,False
capitalfax.blogspot.com,politico.com,67.0,4.219508,False
cbsnews.com,politico.com,14.0,2.70805,False
boston.com,politico.com,2.0,1.098612,False
forbes.com,politico.com,2.0,1.098612,False
mahalo.com,politico.com,19.0,2.995732,False
buckmire.blogspot.com,politico.com,22.0,3.135494,False
kennysideshow.blogspot.com,politico.com,12.0,2.564949,False
huffingtonpost.com,politico.com,26.0,3.295837,False
circleof13.blogspot.com,politico.com,2.0,1.098612,False
cujo359.blogspot.com,politico.com,11.0,2.484907,False
joshingpolitics.blogspot.com,politico.com,88.0,4.488636,False
megite.com,politico.com,32.0,3.496508,False
freerepublic.com,politico.com,6.0,1.94591,False
economist.com,politico.com,5.0,1.791759,False
gawker.com,politico.com,69.0,4.248495,False
althouse.blogspot.com,politico.com,17.0,2.890372,False
classicalvalues.com,politico.com,27.0,3.332205,False
cinie.wordpress.com,politico.com,386.0,5.958425,False
pajamasmedia.com,politico.com,16.0,2.833213,False
philly.com,politico.com,5.0,1.791759,False
otherclub.blogspot.com,politico.com,191.0,5.257495,False
downwithtyranny.blogspot.com,politico.com,160.0,5.081404,False
lefarkins.blogspot.com,politico.com,35.0,3.583519,False
jezebel.com,politico.com,50.0,3.931826,False
chacha.com,politico.com,3.0,1.386294,False
dailykos.com,politico.com,26.0,3.295837,False
ibloga.blogspot.com,politico.com,9.0,2.302585,False
firstread.msnbc.msn.com,politico.com,155.0,5.049856,False
concurringopinions.com,politico.com,7.0,2.079442,False
blog.badtux.net,politico.com,6.0,1.94591,False
alternet.org,politico.com,3.0,1.386294,False
conservapedia.com,politico.com,91.0,4.521789,False
fivethirtyeight.com,politico.com,80.0,4.394449,False
newyorker.com,politico.com,4.0,1.609438,False
icestationtango.blogspot.com,politico.com,25.0,3.258097,False
blog.openitstrategies.com,politico.com,37.0,3.637586,False
forum.dvdtalk.com,politico.com,13.0,2.639057,False
d-day.blogspot.com,politico.com,203.0,5.31812,False
angrybear.blogspot.com,politico.com,11.0,2.484907,False
greenwichroundup.blogspot.com,politico.com,5.0,1.791759,False
dumpbachmann.blogspot.com,politico.com,18.0,2.944439,False
blogs.abcnews.com,politico.com,295.0,5.690359,False
ourlatinamerica.blogspot.com,politico.com,5.0,1.791759,False
feeds.gothamistllc.com,politico.com,21.0,3.091042,False
atlasshrugs2000.typepad.com,politico.com,9.0,2.302585,False
danceswithanxiety.blogspot.com,politico.com,21.0,3.091042,False
hotair.com,politico.com,56.0,4.043051,False
cajunboyinthecity.blogspot.com,politico.com,76.0,4.343805,False
crooksandliars.com,politico.com,40.0,3.713572,False
babbazeesbrain.blogspot.com,politico.com,25.0,3.258097,False
feeds.gawker.com,politico.com,10.0,2.397895,False
nydailynews.com,politico.com,4.0,1.609438,False
leftword.blogdig.net,politico.com,66.0,4.204693,False
newsbusters.org,politico.com,33.0,3.526361,False
holycoast.blogspot.com,politico.com,247.0,5.513429,False
nytimes.com,politico.com,4.0,1.609438,False
pbs.org,politico.com,2.0,1.098612,False
nypost.com,politico.com,5.0,1.791759,False
msnbc.msn.com,politico.com,2.0,1.098612,False
google.com,politico.com,2.0,1.098612,False
news.cnet.com,politico.com,2.0,1.098612,False
blogs.abcnews.com,prospect.org,9.0,2.302585,False
althouse.blogspot.com,prospect.org,2.0,1.098612,False
joshingpolitics.blogspot.com,prospect.org,135.0,4.912655,False
holycoast.blogspot.com,prospect.org,4.0,1.609438,False
downwithtyranny.blogspot.com,prospect.org,12.0,2.564949,False
concurringopinions.com,prospect.org,41.0,3.73767,False
capitalfax.blogspot.com,prospect.org,5.0,1.791759,False
classicalvalues.com,prospect.org,2.0,1.098612,False
nomoremister.blogspot.com,prospect.org,15.0,2.772589,False
blog.wired.com,prospect.org,2.0,1.098612,False
cinie.wordpress.com,prospect.org,19.0,2.995732,False
dumpbachmann.blogspot.com,prospect.org,3.0,1.386294,False
crooksandliars.com,prospect.org,4.0,1.609438,False
angrybear.blogspot.com,prospect.org,62.0,4.143135,False
nymag.com,prospect.org,12.0,2.564949,False
fivethirtyeight.com,prospect.org,5.0,1.791759,False
d-day.blogspot.com,prospect.org,296.0,5.693732,False
kennysideshow.blogspot.com,prospect.org,3.0,1.386294,False
danceswithanxiety.blogspot.com,prospect.org,3.0,1.386294,False
blog.badtux.net,prospect.org,3.0,1.386294,False
cujo359.blogspot.com,prospect.org,35.0,3.583519,False
gawker.com,prospect.org,11.0,2.484907,False
dailykos.com,prospect.org,3.0,1.386294,False
huffingtonpost.com,prospect.org,20.0,3.044522,False
alterdestiny.blogspot.com,prospect.org,95.0,4.564348,False
buckmire.blogspot.com,prospect.org,3.0,1.386294,False
icestationtango.blogspot.com,prospect.org,8.0,2.197225,False
corner.nationalreview.com,prospect.org,5.0,1.791759,False
jezebel.com,prospect.org,11.0,2.484907,False
leftword.blogdig.net,prospect.org,7.0,2.079442,False
otherclub.blogspot.com,prospect.org,2.0,1.098612,False
lefarkins.blogspot.com,prospect.org,741.0,6.609349,False
feedproxy.google.com,prospect.org,15.0,2.772589,False
economist.com,prospect.org,2.0,1.098612,False
google.com,prospect.org,11.0,2.484907,False
nytimes.com,prospect.org,61.0,4.127134,False
en.wikipedia.org,prospect.org,10.0,2.397895,False
edition.cnn.com,prospect.org,2.0,1.098612,False
breitbart.com,prospect.org,2.0,1.098612,False
news.yahoo.com,prospect.org,2.0,1.098612,False
chicagotribune.com,prospect.org,2.0,1.098612,False
amazon.com,prospect.org,6.0,1.94591,False
cbsnews.com,prospect.org,4.0,1.609438,False
guardian.co.uk,prospect.org,4.0,1.609438,False
boston.com,prospect.org,10.0,2.397895,False
michellemalkin.com,prospect.org,7.0,2.079442,False
newsweek.com,prospect.org,10.0,2.397895,False
abcnews.go.com,prospect.org,2.0,1.098612,False
newyorker.com,prospect.org,3.0,1.386294,False
politico.com,prospect.org,14.0,2.70805,False
firstread.msnbc.msn.com,prospect.org,3.0,1.386294,False
online.wsj.com,prospect.org,10.0,2.397895,False
nypost.com,prospect.org,4.0,1.609438,False
haaretz.com,prospect.org,4.0,1.609438,False
latimesblogs.latimes.com,prospect.org,3.0,1.386294,False
latimes.com,prospect.org,6.0,1.94591,False
ft.com,prospect.org,4.0,1.609438,False
mediamatters.org,prospect.org,20.0,3.044522,False
cnn.com,prospect.org,6.0,1.94591,False
hotair.com,prospect.org,2.0,1.098612,False
npr.org,prospect.org,6.0,1.94591,False
dumpbachmann.blogspot.com,psycmeistr.blogspot.com,60.0,4.110874,False
forbes.com,psycmeistr.blogspot.com,6.0,1.94591,False
msnbc.msn.com,psycmeistr.blogspot.com,66.0,4.204693,False
cnn.com,psycmeistr.blogspot.com,103.0,4.644391,False
boston.com,psycmeistr.blogspot.com,23.0,3.178054,False
amazon.com,psycmeistr.blogspot.com,22.0,3.135494,False
commondreams.org,psycmeistr.blogspot.com,6.0,1.94591,False
cdc.gov,psycmeistr.blogspot.com,3.0,1.386294,False
news.google.com,psycmeistr.blogspot.com,110.0,4.70953,False
money.cnn.com,psycmeistr.blogspot.com,3.0,1.386294,False
3.bp.blogspot.com,psycmeistr.blogspot.com,262.0,5.572154,False
ft.com,psycmeistr.blogspot.com,5.0,1.791759,False
newsday.com,psycmeistr.blogspot.com,5.0,1.791759,False
marketwatch.com,psycmeistr.blogspot.com,2.0,1.098612,False
nypost.com,psycmeistr.blogspot.com,123.0,4.820282,False
corner.nationalreview.com,psycmeistr.blogspot.com,3.0,1.386294,False
newscientist.com,psycmeistr.blogspot.com,2.0,1.098612,False
crooksandliars.com,psycmeistr.blogspot.com,2.0,1.098612,False
online.wsj.com,psycmeistr.blogspot.com,28.0,3.367296,False
imdb.com,psycmeistr.blogspot.com,17.0,2.890372,False
cbc.ca,psycmeistr.blogspot.com,9.0,2.302585,False
dailykos.com,psycmeistr.blogspot.com,17.0,2.890372,False
guardian.co.uk,psycmeistr.blogspot.com,21.0,3.091042,False
google.com,psycmeistr.blogspot.com,123.0,4.820282,False
philly.com,psycmeistr.blogspot.com,2.0,1.098612,False
michellemalkin.com,psycmeistr.blogspot.com,32.0,3.496508,False
newsweek.com,psycmeistr.blogspot.com,3.0,1.386294,False
npr.org,psycmeistr.blogspot.com,11.0,2.484907,False
en.wikipedia.org,psycmeistr.blogspot.com,153.0,5.036953,False
2.bp.blogspot.com,psycmeistr.blogspot.com,236.0,5.46806,False
haaretz.com,psycmeistr.blogspot.com,2.0,1.098612,False
edition.cnn.com,psycmeistr.blogspot.com,2.0,1.098612,False
pbs.org,psycmeistr.blogspot.com,16.0,2.833213,False
newsbusters.org,psycmeistr.blogspot.com,32.0,3.496508,False
nytimes.com,psycmeistr.blogspot.com,68.0,4.234107,False
huffingtonpost.com,psycmeistr.blogspot.com,136.0,4.919981,False
atlasshrugs2000.typepad.com,psycmeistr.blogspot.com,3.0,1.386294,False
pajamasmedia.com,psycmeistr.blogspot.com,2.0,1.098612,False
latimes.com,psycmeistr.blogspot.com,22.0,3.135494,False
news.com.au,psycmeistr.blogspot.com,3.0,1.386294,False
del.icio.us,psycmeistr.blogspot.com,1248.0,7.130099,False
news.yahoo.com,psycmeistr.blogspot.com,73.0,4.304065,False
abcnews.go.com,psycmeistr.blogspot.com,35.0,3.583519,False
cbsnews.com,psycmeistr.blogspot.com,36.0,3.610918,False
1.bp.blogspot.com,psycmeistr.blogspot.com,251.0,5.529429,False
blogs.wsj.com,psycmeistr.blogspot.com,3.0,1.386294,False
chicagotribune.com,psycmeistr.blogspot.com,7.0,2.079442,False
bloomberg.com,psycmeistr.blogspot.com,12.0,2.564949,False
blogger.com,psycmeistr.blogspot.com,8272.0,9.020752,False
mediamatters.org,psycmeistr.blogspot.com,2.0,1.098612,False
breitbart.com,psycmeistr.blogspot.com,99.0,4.60517,False
dailymail.co.uk,psycmeistr.blogspot.com,12.0,2.564949,False
independent.co.uk,psycmeistr.blogspot.com,3.0,1.386294,False
photos1.blogger.com,psycmeistr.blogspot.com,321.0,5.774552,False
foxnews.com,psycmeistr.blogspot.com,322.0,5.777652,False
news.bbc.co.uk,psycmeistr.blogspot.com,37.0,3.637586,False
nydailynews.com,psycmeistr.blogspot.com,8.0,2.197225,False
jihadwatch.org,psycmeistr.blogspot.com,5.0,1.791759,False
blogs.abcnews.com,psycmeistr.blogspot.com,8.0,2.197225,False
iht.com,psycmeistr.blogspot.com,13.0,2.639057,False
politico.com,psycmeistr.blogspot.com,31.0,3.465736,False
chron.com,psycmeistr.blogspot.com,7.0,2.079442,False
latimesblogs.latimes.com,psycmeistr.blogspot.com,3.0,1.386294,False
flickr.com,psycmeistr.blogspot.com,2.0,1.098612,False
alternet.org,psycmeistr.blogspot.com,3.0,1.386294,False
4.bp.blogspot.com,psycmeistr.blogspot.com,131.0,4.882802,False
examiner.com,psycmeistr.blogspot.com,10.0,2.397895,False
freerepublic.com,psycmeistr.blogspot.com,33.0,3.526361,False
hotair.com,psycmeistr.blogspot.com,11.0,2.484907,False
downwithtyranny.blogspot.com,realclearpolitics.com,5.0,1.791759,False
chacha.com,realclearpolitics.com,7.0,2.079442,False
forum.dvdtalk.com,realclearpolitics.com,2.0,1.098612,False
hotair.com,realclearpolitics.com,2.0,1.098612,False
althouse.blogspot.com,realclearpolitics.com,4.0,1.609438,False
leftword.blogdig.net,realclearpolitics.com,4.0,1.609438,False
otherclub.blogspot.com,realclearpolitics.com,74.0,4.317488,False
nymag.com,realclearpolitics.com,6.0,1.94591,False
capitalfax.blogspot.com,realclearpolitics.com,36.0,3.610918,False
firstread.msnbc.msn.com,realclearpolitics.com,83.0,4.430817,False
d-day.blogspot.com,realclearpolitics.com,6.0,1.94591,False
babbazeesbrain.blogspot.com,realclearpolitics.com,8.0,2.197225,False
conservapedia.com,realclearpolitics.com,10.0,2.397895,False
boston.com,realclearpolitics.com,43.0,3.78419,False
lefarkins.blogspot.com,realclearpolitics.com,17.0,2.890372,False
mahalo.com,realclearpolitics.com,7.0,2.079442,False
holycoast.blogspot.com,realclearpolitics.com,91.0,4.521789,False
classicalvalues.com,realclearpolitics.com,14.0,2.70805,False
psycmeistr.blogspot.com,realclearpolitics.com,8.0,2.197225,False
freerepublic.com,realclearpolitics.com,3.0,1.386294,False
huffingtonpost.com,realclearpolitics.com,19.0,2.995732,False
dumpbachmann.blogspot.com,realclearpolitics.com,7.0,2.079442,False
cinie.wordpress.com,realclearpolitics.com,41.0,3.73767,False
fivethirtyeight.com,realclearpolitics.com,134.0,4.905275,False
digitalspy.co.uk,realclearpolitics.com,4.0,1.609438,False
jihadwatch.org,realclearpolitics.com,4.0,1.609438,False
blogs.abcnews.com,realclearpolitics.com,39.0,3.688879,False
greenwichroundup.blogspot.com,realclearpolitics.com,6.0,1.94591,False
danceswithanxiety.blogspot.com,realclearpolitics.com,2.0,1.098612,False
joshingpolitics.blogspot.com,realclearpolitics.com,3.0,1.386294,False
angrybear.blogspot.com,realclearpolitics.com,10.0,2.397895,False
nomoremister.blogspot.com,realclearpolitics.com,21.0,3.091042,False
ibloga.blogspot.com,realclearpolitics.com,7.0,2.079442,False
gatesofvienna.blogspot.com,realclearpolitics.com,6.0,1.94591,False
cbsnews.com,realclearpolitics.com,16.0,2.833213,False
facebook.com,realclearpolitics.com,3.0,1.386294,False
latimes.com,realclearpolitics.com,47.0,3.871201,False
nytimes.com,realclearpolitics.com,300.0,5.70711,False
politico.com,realclearpolitics.com,321.0,5.774552,False
ft.com,realclearpolitics.com,3.0,1.386294,False
en.wikipedia.org,realclearpolitics.com,2.0,1.098612,False
philly.com,realclearpolitics.com,8.0,2.197225,False
bloomberg.com,realclearpolitics.com,22.0,3.135494,False
examiner.com,realclearpolitics.com,3.0,1.386294,False
blogs.wsj.com,realclearpolitics.com,34.0,3.555348,False
money.cnn.com,realclearpolitics.com,8.0,2.197225,False
dailykos.com,realclearpolitics.com,12.0,2.564949,False
latimesblogs.latimes.com,realclearpolitics.com,39.0,3.688879,False
abcnews.go.com,realclearpolitics.com,34.0,3.555348,False
guardian.co.uk,realclearpolitics.com,2.0,1.098612,False
cnn.com,realclearpolitics.com,29.0,3.401197,False
corner.nationalreview.com,realclearpolitics.com,2.0,1.098612,False
news.yahoo.com,realclearpolitics.com,71.0,4.276666,False
foxnews.com,realclearpolitics.com,9.0,2.302585,False
nydailynews.com,realclearpolitics.com,18.0,2.944439,False
nypost.com,realclearpolitics.com,8.0,2.197225,False
chicagotribune.com,realclearpolitics.com,22.0,3.135494,False
newsday.com,realclearpolitics.com,2.0,1.098612,False
online.wsj.com,realclearpolitics.com,66.0,4.204693,False
iht.com,realclearpolitics.com,2.0,1.098612,False
chron.com,realclearpolitics.com,13.0,2.639057,False
newyorker.com,realclearpolitics.com,4.0,1.609438,False
newsweek.com,realclearpolitics.com,4.0,1.609438,False
breitbart.com,realclearpolitics.com,8.0,2.197225,False
edition.cnn.com,realclearpolitics.com,2.0,1.098612,False
msnbc.msn.com,realclearpolitics.com,19.0,2.995732,False
google.com,realclearpolitics.com,15.0,2.772589,False
amazon.com,realclearpolitics.com,4.0,1.609438,False
npr.org,realclearpolitics.com,6.0,1.94591,False
dailykos.com,reason.com,2.0,1.098612,False
angrybear.blogspot.com,reason.com,5.0,1.791759,False
feedproxy.google.com,reason.com,3.0,1.386294,False
althouse.blogspot.com,reason.com,10.0,2.397895,False
downwithtyranny.blogspot.com,reason.com,3.0,1.386294,False
forum.dvdtalk.com,reason.com,5.0,1.791759,False
danceswithanxiety.blogspot.com,reason.com,5.0,1.791759,False
kennysideshow.blogspot.com,reason.com,24.0,3.218876,False
hotair.com,reason.com,2.0,1.098612,False
examiner.com,reason.com,2.0,1.098612,False
capitalfax.blogspot.com,reason.com,4.0,1.609438,False
circleof13.blogspot.com,reason.com,10.0,2.397895,False
nomoremister.blogspot.com,reason.com,3.0,1.386294,False
corner.nationalreview.com,reason.com,12.0,2.564949,False
fivethirtyeight.com,reason.com,8.0,2.197225,False
ibloga.blogspot.com,reason.com,4.0,1.609438,False
chacha.com,reason.com,4.0,1.609438,False
lefarkins.blogspot.com,reason.com,52.0,3.970292,False
cujo359.blogspot.com,reason.com,6.0,1.94591,False
blog.openitstrategies.com,reason.com,3.0,1.386294,False
concurringopinions.com,reason.com,6.0,1.94591,False
cinie.wordpress.com,reason.com,17.0,2.890372,False
babbazeesbrain.blogspot.com,reason.com,5.0,1.791759,False
icestationtango.blogspot.com,reason.com,3.0,1.386294,False
holycoast.blogspot.com,reason.com,4.0,1.609438,False
classicalvalues.com,reason.com,41.0,3.73767,False
otherclub.blogspot.com,reason.com,99.0,4.60517,False
d-day.blogspot.com,reason.com,7.0,2.079442,False
latimes.com,reason.com,44.0,3.806662,False
mahalo.com,reason.com,5.0,1.791759,False
freerepublic.com,reason.com,3.0,1.386294,False
abcnews.go.com,reason.com,8.0,2.197225,False
informationweek.com,reason.com,2.0,1.098612,False
news.cnet.com,reason.com,2.0,1.098612,False
independent.co.uk,reason.com,4.0,1.609438,False
boston.com,reason.com,14.0,2.70805,False
blog.wired.com,reason.com,9.0,2.302585,False
cdc.gov,reason.com,5.0,1.791759,False
npr.org,reason.com,5.0,1.791759,False
michellemalkin.com,reason.com,4.0,1.609438,False
economist.com,reason.com,5.0,1.791759,False
bbc.co.uk,reason.com,4.0,1.609438,False
marketwatch.com,reason.com,2.0,1.098612,False
blogs.abcnews.com,reason.com,2.0,1.098612,False
iht.com,reason.com,2.0,1.098612,False
forbes.com,reason.com,6.0,1.94591,False
pajamasmedia.com,reason.com,4.0,1.609438,False
apple.com,reason.com,2.0,1.098612,False
news.bbc.co.uk,reason.com,22.0,3.135494,False
newscientist.com,reason.com,13.0,2.639057,False
newsweek.com,reason.com,3.0,1.386294,False
philly.com,reason.com,12.0,2.564949,False
realclearpolitics.com,reason.com,7.0,2.079442,False
alternet.org,reason.com,2.0,1.098612,False
imdb.com,reason.com,11.0,2.484907,False
online.wsj.com,reason.com,55.0,4.025352,False
en.wikipedia.org,reason.com,63.0,4.158883,False
nypost.com,reason.com,5.0,1.791759,False
latimesblogs.latimes.com,reason.com,3.0,1.386294,False
guardian.co.uk,reason.com,10.0,2.397895,False
finance.yahoo.com,reason.com,2.0,1.098612,False
chicagotribune.com,reason.com,13.0,2.639057,False
edition.cnn.com,reason.com,2.0,1.098612,False
cnn.com,reason.com,14.0,2.70805,False
nydailynews.com,reason.com,7.0,2.079442,False
money.cnn.com,reason.com,4.0,1.609438,False
amazon.com,reason.com,112.0,4.727388,False
nytimes.com,reason.com,110.0,4.70953,False
google.com,reason.com,47.0,3.871201,False
arstechnica.com,reason.com,3.0,1.386294,False
businessweek.com,reason.com,2.0,1.098612,False
msnbc.msn.com,reason.com,10.0,2.397895,False
politico.com,reason.com,21.0,3.091042,False
breitbart.com,reason.com,11.0,2.484907,False
bloomberg.com,reason.com,11.0,2.484907,False
ft.com,reason.com,5.0,1.791759,False
foxnews.com,reason.com,23.0,3.178054,False
dailymail.co.uk,reason.com,9.0,2.302585,False
cbsnews.com,reason.com,6.0,1.94591,False
firstread.msnbc.msn.com,reason.com,2.0,1.098612,False
huffingtonpost.com,reason.com,13.0,2.639057,False
prospect.org,reason.com,4.0,1.609438,False
news.yahoo.com,reason.com,13.0,2.639057,False
flickr.com,reason.com,2.0,1.098612,False
newyorker.com,reason.com,4.0,1.609438,False
nypost.com,rebellenation.blogspot.com,7.0,2.079442,False
haaretz.com,rebellenation.blogspot.com,2.0,1.098612,False
blogger.com,rebellenation.blogspot.com,20.0,3.044522,False
philly.com,rebellenation.blogspot.com,4.0,1.609438,False
bloomberg.com,rebellenation.blogspot.com,16.0,2.833213,False
cbc.ca,rebellenation.blogspot.com,3.0,1.386294,False
money.cnn.com,rebellenation.blogspot.com,3.0,1.386294,False
online.wsj.com,rebellenation.blogspot.com,14.0,2.70805,False
mediamatters.org,rebellenation.blogspot.com,116.0,4.762174,False
guardian.co.uk,rebellenation.blogspot.com,63.0,4.158883,False
nytimes.com,rebellenation.blogspot.com,173.0,5.159055,False
blogs.wsj.com,rebellenation.blogspot.com,4.0,1.609438,False
edition.cnn.com,rebellenation.blogspot.com,8.0,2.197225,False
amazon.com,rebellenation.blogspot.com,39.0,3.688879,False
gawker.com,rebellenation.blogspot.com,2.0,1.098612,False
corner.nationalreview.com,rebellenation.blogspot.com,2.0,1.098612,False
newsweek.com,rebellenation.blogspot.com,34.0,3.555348,False
independent.co.uk,rebellenation.blogspot.com,3.0,1.386294,False
news.yahoo.com,rebellenation.blogspot.com,60.0,4.110874,False
politico.com,rebellenation.blogspot.com,30.0,3.433987,False
google.com,rebellenation.blogspot.com,9.0,2.302585,False
firstread.msnbc.msn.com,rebellenation.blogspot.com,4.0,1.609438,False
news.google.com,rebellenation.blogspot.com,5.0,1.791759,False
cnn.com,rebellenation.blogspot.com,61.0,4.127134,False
en.wikipedia.org,rebellenation.blogspot.com,42.0,3.7612,False
imdb.com,rebellenation.blogspot.com,2.0,1.098612,False
pbs.org,rebellenation.blogspot.com,9.0,2.302585,False
huffingtonpost.com,rebellenation.blogspot.com,1005.0,6.913737,False
michellemalkin.com,rebellenation.blogspot.com,8.0,2.197225,False
newscientist.com,rebellenation.blogspot.com,4.0,1.609438,False
npr.org,rebellenation.blogspot.com,9.0,2.302585,False
latimes.com,rebellenation.blogspot.com,40.0,3.713572,False
news.com.au,rebellenation.blogspot.com,8.0,2.197225,False
commondreams.org,rebellenation.blogspot.com,19.0,2.995732,False
crooksandliars.com,rebellenation.blogspot.com,14.0,2.70805,False
blogs.abcnews.com,rebellenation.blogspot.com,10.0,2.397895,False
bbc.co.uk,rebellenation.blogspot.com,2.0,1.098612,False
iht.com,rebellenation.blogspot.com,15.0,2.772589,False
dailykos.com,rebellenation.blogspot.com,23.0,3.178054,False
news.bbc.co.uk,rebellenation.blogspot.com,26.0,3.295837,False
photos1.blogger.com,rebellenation.blogspot.com,17.0,2.890372,False
abcnews.go.com,rebellenation.blogspot.com,35.0,3.583519,False
chicagotribune.com,rebellenation.blogspot.com,4.0,1.609438,False
cbsnews.com,rebellenation.blogspot.com,25.0,3.258097,False
boston.com,rebellenation.blogspot.com,14.0,2.70805,False
forbes.com,rebellenation.blogspot.com,4.0,1.609438,False
latimesblogs.latimes.com,rebellenation.blogspot.com,2.0,1.098612,False
finance.yahoo.com,rebellenation.blogspot.com,9.0,2.302585,False
msnbc.msn.com,rebellenation.blogspot.com,49.0,3.912023,False
chron.com,rebellenation.blogspot.com,9.0,2.302585,False
newyorker.com,rebellenation.blogspot.com,20.0,3.044522,False
nydailynews.com,rebellenation.blogspot.com,6.0,1.94591,False
ft.com,rebellenation.blogspot.com,4.0,1.609438,False
newsday.com,rebellenation.blogspot.com,6.0,1.94591,False
realclearpolitics.com,rebellenation.blogspot.com,3.0,1.386294,False
marketwatch.com,rebellenation.blogspot.com,3.0,1.386294,False
prospect.org,rebellenation.blogspot.com,3.0,1.386294,False
foxnews.com,rebellenation.blogspot.com,16.0,2.833213,False
alternet.org,rebellenation.blogspot.com,10.0,2.397895,False
feedproxy.google.com,reuters.com,2.0,1.098612,False
ibloga.blogspot.com,reuters.com,11.0,2.484907,False
pajamasmedia.com,reuters.com,4.0,1.609438,False
alternet.org,reuters.com,8.0,2.197225,False
feeds.gothamistllc.com,reuters.com,35.0,3.583519,False
evolvehappy.com,reuters.com,17.0,2.890372,False
psycmeistr.blogspot.com,reuters.com,24.0,3.218876,False
i.gizmodo.com,reuters.com,6.0,1.94591,False
nydailynews.com,reuters.com,3.0,1.386294,False
alterdestiny.blogspot.com,reuters.com,13.0,2.639057,False
firstread.msnbc.msn.com,reuters.com,6.0,1.94591,False
downwithtyranny.blogspot.com,reuters.com,36.0,3.610918,False
blog.wired.com,reuters.com,17.0,2.890372,False
forum.dvdtalk.com,reuters.com,30.0,3.433987,False
capitalfax.blogspot.com,reuters.com,25.0,3.258097,False
rebellenation.blogspot.com,reuters.com,13.0,2.639057,False
nymag.com,reuters.com,3.0,1.386294,False
greenwichroundup.blogspot.com,reuters.com,434.0,6.075346,False
newsbusters.org,reuters.com,5.0,1.791759,False
prospect.org,reuters.com,3.0,1.386294,False
reason.com,reuters.com,16.0,2.833213,False
ionarts.blogspot.com,reuters.com,7.0,2.079442,False
classicalvalues.com,reuters.com,13.0,2.639057,False
feeds.gawker.com,reuters.com,21.0,3.091042,False
arstechnica.com,reuters.com,5.0,1.791759,False
jezebel.com,reuters.com,65.0,4.189655,False
economist.com,reuters.com,2.0,1.098612,False
chacha.com,reuters.com,7.0,2.079442,False
examiner.com,reuters.com,4.0,1.609438,False
otherclub.blogspot.com,reuters.com,118.0,4.779123,False
concurringopinions.com,reuters.com,22.0,3.135494,False
crooksandliars.com,reuters.com,7.0,2.079442,False
dumpbachmann.blogspot.com,reuters.com,3.0,1.386294,False
leftword.blogdig.net,reuters.com,31.0,3.465736,False
icestationtango.blogspot.com,reuters.com,11.0,2.484907,False
conservapedia.com,reuters.com,14.0,2.70805,False
angrybear.blogspot.com,reuters.com,16.0,2.833213,False
cinie.wordpress.com,reuters.com,53.0,3.988984,False
jihadwatch.org,reuters.com,123.0,4.820282,False
fivethirtyeight.com,reuters.com,2.0,1.098612,False
djtechnocrat.blogspot.com,reuters.com,89.0,4.49981,False
d-day.blogspot.com,reuters.com,51.0,3.951244,False
cujo359.blogspot.com,reuters.com,10.0,2.397895,False
ourlatinamerica.blogspot.com,reuters.com,528.0,6.270988,False
holycoast.blogspot.com,reuters.com,37.0,3.637586,False
money.cnn.com,reuters.com,8.0,2.197225,False
digitalspy.co.uk,reuters.com,7.0,2.079442,False
lefarkins.blogspot.com,reuters.com,8.0,2.197225,False
commondreams.org,reuters.com,4.0,1.609438,False
joshingpolitics.blogspot.com,reuters.com,33.0,3.526361,False
blog.openitstrategies.com,reuters.com,4.0,1.609438,False
informationweek.com,reuters.com,31.0,3.465736,False
blogs.wsj.com,reuters.com,8.0,2.197225,False
plime.com,reuters.com,64.0,4.174387,False
blog.badtux.net,reuters.com,8.0,2.197225,False
cbsnews.com,reuters.com,2.0,1.098612,False
news.cnet.com,reuters.com,28.0,3.367296,False
kennysideshow.blogspot.com,reuters.com,39.0,3.688879,False
gatesofvienna.blogspot.com,reuters.com,8.0,2.197225,False
nomoremister.blogspot.com,reuters.com,9.0,2.302585,False
cajunboyinthecity.blogspot.com,reuters.com,17.0,2.890372,False
newportcity.blogspot.com,reuters.com,8.0,2.197225,False
deadspin.com,reuters.com,7.0,2.079442,False
nandigramunited.blogspot.com,reuters.com,29.0,3.401197,False
realclearpolitics.com,reuters.com,11.0,2.484907,False
freerepublic.com,reuters.com,6.0,1.94591,False
circleof13.blogspot.com,reuters.com,17.0,2.890372,False
kotaku.com,reuters.com,9.0,2.302585,False
blogs.zdnet.com,reuters.com,4.0,1.609438,False
philly.com,reuters.com,7.0,2.079442,False
mahalo.com,reuters.com,235.0,5.463832,False
guardian.co.uk,reuters.com,23.0,3.178054,False
huffingtonpost.com,reuters.com,14.0,2.70805,False
hotair.com,reuters.com,7.0,2.079442,False
gawker.com,reuters.com,33.0,3.526361,False
dailykos.com,reuters.com,3.0,1.386294,False
politico.com,reuters.com,2.0,1.098612,False
blogs.abcnews.com,reuters.com,2.0,1.098612,False
boston.com,reuters.com,3.0,1.386294,False
atlasshrugs2000.typepad.com,reuters.com,14.0,2.70805,False
megite.com,reuters.com,457.0,6.126869,False
danceswithanxiety.blogspot.com,reuters.com,8.0,2.197225,False
buckmire.blogspot.com,reuters.com,9.0,2.302585,False
babbazeesbrain.blogspot.com,reuters.com,544.0,6.300786,False
news.google.com,reuters.com,33.0,3.526361,False
cdc.gov,reuters.com,2.0,1.098612,False
breitbart.com,reuters.com,5.0,1.791759,False
google.com,reuters.com,6.0,1.94591,False
hotair.com,ronmwangaguhunga.blogspot.com,2.0,1.098612,False
google.com,ronmwangaguhunga.blogspot.com,19.0,2.995732,False
flickr.com,ronmwangaguhunga.blogspot.com,6.0,1.94591,False
newsweek.com,ronmwangaguhunga.blogspot.com,7.0,2.079442,False
money.cnn.com,ronmwangaguhunga.blogspot.com,25.0,3.258097,False
facebook.com,ronmwangaguhunga.blogspot.com,2.0,1.098612,False
finance.yahoo.com,ronmwangaguhunga.blogspot.com,9.0,2.302585,False
cbc.ca,ronmwangaguhunga.blogspot.com,2.0,1.098612,False
imdb.com,ronmwangaguhunga.blogspot.com,224.0,5.4161,False
cnn.com,ronmwangaguhunga.blogspot.com,97.0,4.584967,False
nydailynews.com,ronmwangaguhunga.blogspot.com,221.0,5.402677,False
breitbart.com,ronmwangaguhunga.blogspot.com,5.0,1.791759,False
chron.com,ronmwangaguhunga.blogspot.com,8.0,2.197225,False
cbsnews.com,ronmwangaguhunga.blogspot.com,91.0,4.521789,False
bloomberg.com,ronmwangaguhunga.blogspot.com,108.0,4.691348,False
freerepublic.com,ronmwangaguhunga.blogspot.com,5.0,1.791759,False
politico.com,ronmwangaguhunga.blogspot.com,151.0,5.023881,False
nymag.com,ronmwangaguhunga.blogspot.com,75.0,4.330733,False
online.wsj.com,ronmwangaguhunga.blogspot.com,32.0,3.496508,False
chicagotribune.com,ronmwangaguhunga.blogspot.com,9.0,2.302585,False
apple.com,ronmwangaguhunga.blogspot.com,4.0,1.609438,False
mediamatters.org,ronmwangaguhunga.blogspot.com,6.0,1.94591,False
newsbusters.org,ronmwangaguhunga.blogspot.com,2.0,1.098612,False
reuters.com,ronmwangaguhunga.blogspot.com,24.0,3.218876,False
dailykos.com,ronmwangaguhunga.blogspot.com,7.0,2.079442,False
commondreams.org,ronmwangaguhunga.blogspot.com,5.0,1.791759,False
news.yahoo.com,ronmwangaguhunga.blogspot.com,27.0,3.332205,False
marketwatch.com,ronmwangaguhunga.blogspot.com,11.0,2.484907,False
blogs.wsj.com,ronmwangaguhunga.blogspot.com,7.0,2.079442,False
npr.org,ronmwangaguhunga.blogspot.com,17.0,2.890372,False
amazon.com,ronmwangaguhunga.blogspot.com,95.0,4.564348,False
boston.com,ronmwangaguhunga.blogspot.com,22.0,3.135494,False
digitalspy.co.uk,ronmwangaguhunga.blogspot.com,2.0,1.098612,False
foxnews.com,ronmwangaguhunga.blogspot.com,55.0,4.025352,False
abcnews.go.com,ronmwangaguhunga.blogspot.com,53.0,3.988984,False
businessweek.com,ronmwangaguhunga.blogspot.com,30.0,3.433987,False
myspace.com,ronmwangaguhunga.blogspot.com,10.0,2.397895,False
latimesblogs.latimes.com,ronmwangaguhunga.blogspot.com,15.0,2.772589,False
news.cnet.com,ronmwangaguhunga.blogspot.com,2.0,1.098612,False
gizmodo.com,ronmwangaguhunga.blogspot.com,2.0,1.098612,False
dailymail.co.uk,ronmwangaguhunga.blogspot.com,18.0,2.944439,False
latimes.com,ronmwangaguhunga.blogspot.com,34.0,3.555348,False
independent.co.uk,ronmwangaguhunga.blogspot.com,3.0,1.386294,False
gawker.com,ronmwangaguhunga.blogspot.com,134.0,4.905275,False
news.bbc.co.uk,ronmwangaguhunga.blogspot.com,77.0,4.356709,False
blogs.abcnews.com,ronmwangaguhunga.blogspot.com,22.0,3.135494,False
edition.cnn.com,ronmwangaguhunga.blogspot.com,9.0,2.302585,False
iht.com,ronmwangaguhunga.blogspot.com,36.0,3.610918,False
newsday.com,ronmwangaguhunga.blogspot.com,19.0,2.995732,False
guardian.co.uk,ronmwangaguhunga.blogspot.com,36.0,3.610918,False
newyorker.com,ronmwangaguhunga.blogspot.com,21.0,3.091042,False
nypost.com,ronmwangaguhunga.blogspot.com,514.0,6.244167,False
firstread.msnbc.msn.com,ronmwangaguhunga.blogspot.com,6.0,1.94591,False
jezebel.com,ronmwangaguhunga.blogspot.com,2.0,1.098612,False
philly.com,ronmwangaguhunga.blogspot.com,5.0,1.791759,False
deadspin.com,ronmwangaguhunga.blogspot.com,2.0,1.098612,False
pbs.org,ronmwangaguhunga.blogspot.com,59.0,4.094345,False
realclearpolitics.com,ronmwangaguhunga.blogspot.com,2.0,1.098612,False
en.wikipedia.org,ronmwangaguhunga.blogspot.com,108.0,4.691348,False
msnbc.msn.com,ronmwangaguhunga.blogspot.com,82.0,4.418841,False
eonline.com,ronmwangaguhunga.blogspot.com,26.0,3.295837,False
huffingtonpost.com,ronmwangaguhunga.blogspot.com,73.0,4.304065,False
forbes.com,ronmwangaguhunga.blogspot.com,31.0,3.465736,False
crooksandliars.com,ronmwangaguhunga.blogspot.com,2.0,1.098612,False
ft.com,ronmwangaguhunga.blogspot.com,28.0,3.367296,False
corner.nationalreview.com,ronmwangaguhunga.blogspot.com,2.0,1.098612,False
nytimes.com,ronmwangaguhunga.blogspot.com,412.0,6.023448,False
engadget.com,ronmwangaguhunga.blogspot.com,6.0,1.94591,False
economist.com,ronmwangaguhunga.blogspot.com,8.0,2.197225,False
haaretz.com,ronmwangaguhunga.blogspot.com,3.0,1.386294,False
msnbc.msn.com,rss.feedsportal.com,7.0,2.079442,False
apple.com,rss.feedsportal.com,91.0,4.521789,False
nytimes.com,rss.feedsportal.com,79.0,4.382027,False
chicagotribune.com,rss.feedsportal.com,5.0,1.791759,False
foxnews.com,rss.feedsportal.com,7.0,2.079442,False
google.com,rss.feedsportal.com,248.0,5.517453,False
nymag.com,rss.feedsportal.com,9.0,2.302585,False
ft.com,rss.feedsportal.com,10.0,2.397895,False
kotaku.com,rss.feedsportal.com,16.0,2.833213,False
economist.com,rss.feedsportal.com,193.0,5.267858,False
guardian.co.uk,rss.feedsportal.com,101.0,4.624973,False
cbc.ca,rss.feedsportal.com,2.0,1.098612,False
edition.cnn.com,rss.feedsportal.com,77.0,4.356709,False
pbs.org,rss.feedsportal.com,4.0,1.609438,False
latimesblogs.latimes.com,rss.feedsportal.com,5.0,1.791759,False
news.bbc.co.uk,rss.feedsportal.com,186.0,5.231109,False
nydailynews.com,rss.feedsportal.com,15.0,2.772589,False
feedproxy.google.com,rss.feedsportal.com,7.0,2.079442,False
cdc.gov,rss.feedsportal.com,6.0,1.94591,False
facebook.com,rss.feedsportal.com,185.0,5.225747,False
arstechnica.com,rss.feedsportal.com,33.0,3.526361,False
bloomberg.com,rss.feedsportal.com,21.0,3.091042,False
dailymail.co.uk,rss.feedsportal.com,64.0,4.174387,False
i.gizmodo.com,rss.feedsportal.com,6.0,1.94591,False
newscientist.com,rss.feedsportal.com,4.0,1.609438,False
forbes.com,rss.feedsportal.com,8.0,2.197225,False
latimes.com,rss.feedsportal.com,17.0,2.890372,False
blog.wired.com,rss.feedsportal.com,7.0,2.079442,False
blogs.zdnet.com,rss.feedsportal.com,16.0,2.833213,False
news.cnet.com,rss.feedsportal.com,51.0,3.951244,False
en.wikipedia.org,rss.feedsportal.com,380.0,5.942799,False
huffingtonpost.com,rss.feedsportal.com,5.0,1.791759,False
myspace.com,rss.feedsportal.com,91.0,4.521789,False
maps.google.com,rss.feedsportal.com,8.0,2.197225,False
abcnews.go.com,rss.feedsportal.com,28.0,3.367296,False
independent.co.uk,rss.feedsportal.com,161.0,5.087596,False
blogs.wsj.com,rss.feedsportal.com,3.0,1.386294,False
engadget.com,rss.feedsportal.com,16.0,2.833213,False
del.icio.us,rss.feedsportal.com,149.0,5.010635,False
digitalspy.co.uk,rss.feedsportal.com,3.0,1.386294,False
news.yahoo.com,rss.feedsportal.com,77.0,4.356709,False
bbc.co.uk,rss.feedsportal.com,19.0,2.995732,False
microsoft.com,rss.feedsportal.com,149.0,5.010635,False
imdb.com,rss.feedsportal.com,24.0,3.218876,False
cnn.com,rss.feedsportal.com,7.0,2.079442,False
amazon.com,rss.feedsportal.com,14.0,2.70805,False
cbsnews.com,rss.feedsportal.com,16.0,2.833213,False
newsweek.com,rss.feedsportal.com,2.0,1.098612,False
online.wsj.com,rss.feedsportal.com,47.0,3.871201,False
politico.com,rss.feedsportal.com,8.0,2.197225,False
businessweek.com,rss.feedsportal.com,22.0,3.135494,False
digg.com,rss.feedsportal.com,153.0,5.036953,False
money.cnn.com,rss.feedsportal.com,7.0,2.079442,False
finance.yahoo.com,rss.feedsportal.com,6.0,1.94591,False
nypost.com,rss.feedsportal.com,5.0,1.791759,False
eonline.com,rss.feedsportal.com,3.0,1.386294,False
reuters.com,rss.feedsportal.com,55.0,4.025352,False
pcworld.com,rss.feedsportal.com,15.0,2.772589,False
flickr.com,rss.feedsportal.com,9.0,2.302585,False
examiner.com,rss.feedsportal.com,3.0,1.386294,False
news.cnet.com,salon.com,12.0,2.564949,False
examiner.com,salon.com,3.0,1.386294,False
alternet.org,salon.com,8.0,2.197225,False
evolvehappy.com,salon.com,6.0,1.94591,False
buckmire.blogspot.com,salon.com,7.0,2.079442,False
realclearpolitics.com,salon.com,5.0,1.791759,False
nandigramunited.blogspot.com,salon.com,5.0,1.791759,False
leftword.blogdig.net,salon.com,30.0,3.433987,False
cajunboyinthecity.blogspot.com,salon.com,13.0,2.639057,False
kennysideshow.blogspot.com,salon.com,34.0,3.555348,False
huffingtonpost.com,salon.com,65.0,4.189655,False
capitalfax.blogspot.com,salon.com,3.0,1.386294,False
downwithtyranny.blogspot.com,salon.com,89.0,4.49981,False
firstread.msnbc.msn.com,salon.com,22.0,3.135494,False
newyorker.com,salon.com,3.0,1.386294,False
mahalo.com,salon.com,91.0,4.521789,False
cinie.wordpress.com,salon.com,95.0,4.564348,False
fivethirtyeight.com,salon.com,10.0,2.397895,False
holycoast.blogspot.com,salon.com,7.0,2.079442,False
concurringopinions.com,salon.com,56.0,4.043051,False
gizmodo.com,salon.com,4.0,1.609438,False
joshingpolitics.blogspot.com,salon.com,25.0,3.258097,False
cujo359.blogspot.com,salon.com,156.0,5.056246,False
prospect.org,salon.com,22.0,3.135494,False
babbazeesbrain.blogspot.com,salon.com,7.0,2.079442,False
kotaku.com,salon.com,3.0,1.386294,False
feedproxy.google.com,salon.com,2.0,1.098612,False
djtechnocrat.blogspot.com,salon.com,9.0,2.302585,False
icestationtango.blogspot.com,salon.com,22.0,3.135494,False
dailykos.com,salon.com,10.0,2.397895,False
commondreams.org,salon.com,42.0,3.7612,False
althouse.blogspot.com,salon.com,16.0,2.833213,False
feeds.gawker.com,salon.com,9.0,2.302585,False
circleof13.blogspot.com,salon.com,11.0,2.484907,False
nymag.com,salon.com,10.0,2.397895,False
atlasshrugs2000.typepad.com,salon.com,2.0,1.098612,False
cbsnews.com,salon.com,4.0,1.609438,False
hotair.com,salon.com,7.0,2.079442,False
nomoremister.blogspot.com,salon.com,22.0,3.135494,False
pbs.org,salon.com,5.0,1.791759,False
reason.com,salon.com,11.0,2.484907,False
crooksandliars.com,salon.com,10.0,2.397895,False
angrybear.blogspot.com,salon.com,34.0,3.555348,False
blog.badtux.net,salon.com,4.0,1.609438,False
blogs.abcnews.com,salon.com,7.0,2.079442,False
alterdestiny.blogspot.com,salon.com,155.0,5.049856,False
d-day.blogspot.com,salon.com,162.0,5.09375,False
jezebel.com,salon.com,38.0,3.663562,False
lefarkins.blogspot.com,salon.com,197.0,5.288267,False
classicalvalues.com,salon.com,29.0,3.401197,False
rebellenation.blogspot.com,salon.com,48.0,3.89182,False
plime.com,salon.com,10.0,2.397895,False
gawker.com,salon.com,10.0,2.397895,False
danceswithanxiety.blogspot.com,salon.com,62.0,4.143135,False
ionarts.blogspot.com,salon.com,5.0,1.791759,False
ourlatinamerica.blogspot.com,salon.com,2.0,1.098612,False
guardian.co.uk,salon.com,47.0,3.871201,False
pajamasmedia.com,salon.com,3.0,1.386294,False
otherclub.blogspot.com,salon.com,5.0,1.791759,False
ronmwangaguhunga.blogspot.com,salon.com,43.0,3.78419,False
psycmeistr.blogspot.com,salon.com,16.0,2.833213,False
deadspin.com,salon.com,4.0,1.609438,False
ibloga.blogspot.com,salon.com,3.0,1.386294,False
msnbc.msn.com,salon.com,54.0,4.007333,False
dumpbachmann.blogspot.com,salon.com,4.0,1.609438,False
blogs.zdnet.com,salon.com,7.0,2.079442,False
philly.com,salon.com,2.0,1.098612,False
mediamatters.org,salon.com,30.0,3.433987,False
money.cnn.com,salon.com,11.0,2.484907,False
bloomberg.com,salon.com,12.0,2.564949,False
chron.com,salon.com,8.0,2.197225,False
latimes.com,salon.com,29.0,3.401197,False
politico.com,salon.com,93.0,4.543295,False
cdc.gov,salon.com,9.0,2.302585,False
online.wsj.com,salon.com,130.0,4.875197,False
nypost.com,salon.com,29.0,3.401197,False
news.yahoo.com,salon.com,17.0,2.890372,False
amazon.com,salon.com,78.0,4.369448,False
nytimes.com,salon.com,348.0,5.855072,False
latimesblogs.latimes.com,salon.com,14.0,2.70805,False
foxnews.com,salon.com,46.0,3.850148,False
newscientist.com,salon.com,2.0,1.098612,False
google.com,salon.com,53.0,3.988984,False
dailymail.co.uk,salon.com,9.0,2.302585,False
independent.co.uk,salon.com,22.0,3.135494,False
reuters.com,salon.com,34.0,3.555348,False
businessweek.com,salon.com,20.0,3.044522,False
ft.com,salon.com,31.0,3.465736,False
nydailynews.com,salon.com,29.0,3.401197,False
blogs.wsj.com,salon.com,14.0,2.70805,False
newsweek.com,salon.com,26.0,3.295837,False
cnn.com,salon.com,29.0,3.401197,False
economist.com,salon.com,2.0,1.098612,False
npr.org,salon.com,9.0,2.302585,False
michellemalkin.com,salon.com,4.0,1.609438,False
newsbusters.org,salon.com,21.0,3.091042,False
flickr.com,salon.com,12.0,2.564949,False
blog.wired.com,salon.com,7.0,2.079442,False
forbes.com,salon.com,18.0,2.944439,False
marketwatch.com,salon.com,44.0,3.806662,False
news.com.au,salon.com,17.0,2.890372,False
finance.yahoo.com,salon.com,5.0,1.791759,False
microsoft.com,salon.com,2.0,1.098612,False
abcnews.go.com,salon.com,3.0,1.386294,False
edition.cnn.com,salon.com,3.0,1.386294,False
news.bbc.co.uk,salon.com,22.0,3.135494,False
boston.com,salon.com,4.0,1.609438,False
apple.com,salon.com,8.0,2.197225,False
imdb.com,salon.com,7.0,2.079442,False
facebook.com,salon.com,4.0,1.609438,False
corner.nationalreview.com,salon.com,6.0,1.94591,False
en.wikipedia.org,salon.com,142.0,4.962845,False
chicagotribune.com,salon.com,11.0,2.484907,False
informationweek.com,salon.com,6.0,1.94591,False
newsday.com,salon.com,13.0,2.639057,False
ronmwangaguhunga.blogspot.com,scienceblogs.com,2.0,1.098612,False
feedproxy.google.com,scienceblogs.com,20.0,3.044522,False
feeds.gothamistllc.com,scienceblogs.com,2.0,1.098612,False
joshingpolitics.blogspot.com,scienceblogs.com,3.0,1.386294,False
classicalvalues.com,scienceblogs.com,4.0,1.609438,False
blog.badtux.net,scienceblogs.com,5.0,1.791759,False
newscientist.com,scienceblogs.com,6.0,1.94591,False
icestationtango.blogspot.com,scienceblogs.com,51.0,3.951244,False
danceswithanxiety.blogspot.com,scienceblogs.com,264.0,5.57973,False
dumpbachmann.blogspot.com,scienceblogs.com,31.0,3.465736,False
dailykos.com,scienceblogs.com,6.0,1.94591,False
leftword.blogdig.net,scienceblogs.com,4.0,1.609438,False
forum.dvdtalk.com,scienceblogs.com,6.0,1.94591,False
downwithtyranny.blogspot.com,scienceblogs.com,2.0,1.098612,False
plime.com,scienceblogs.com,12.0,2.564949,False
evolvehappy.com,scienceblogs.com,4.0,1.609438,False
examiner.com,scienceblogs.com,2.0,1.098612,False
psycmeistr.blogspot.com,scienceblogs.com,3.0,1.386294,False
huffingtonpost.com,scienceblogs.com,18.0,2.944439,False
buckmire.blogspot.com,scienceblogs.com,2.0,1.098612,False
angrybear.blogspot.com,scienceblogs.com,3.0,1.386294,False
d-day.blogspot.com,scienceblogs.com,2.0,1.098612,False
feeds.gawker.com,scienceblogs.com,2.0,1.098612,False
kotaku.com,scienceblogs.com,3.0,1.386294,False
conservapedia.com,scienceblogs.com,8.0,2.197225,False
jezebel.com,scienceblogs.com,3.0,1.386294,False
lefarkins.blogspot.com,scienceblogs.com,20.0,3.044522,False
cujo359.blogspot.com,scienceblogs.com,300.0,5.70711,False
mahalo.com,scienceblogs.com,7.0,2.079442,False
digitalspy.co.uk,scienceblogs.com,3.0,1.386294,False
bloomberg.com,scienceblogs.com,13.0,2.639057,False
latimesblogs.latimes.com,scienceblogs.com,5.0,1.791759,False
cnn.com,scienceblogs.com,7.0,2.079442,False
realclearpolitics.com,scienceblogs.com,3.0,1.386294,False
newsweek.com,scienceblogs.com,4.0,1.609438,False
latimes.com,scienceblogs.com,6.0,1.94591,False
reuters.com,scienceblogs.com,5.0,1.791759,False
mediamatters.org,scienceblogs.com,3.0,1.386294,False
pbs.org,scienceblogs.com,5.0,1.791759,False
news.google.com,scienceblogs.com,18.0,2.944439,False
en.wikipedia.org,scienceblogs.com,269.0,5.598422,False
google.com,scienceblogs.com,16.0,2.833213,False
msnbc.msn.com,scienceblogs.com,11.0,2.484907,False
cdc.gov,scienceblogs.com,27.0,3.332205,False
chicagotribune.com,scienceblogs.com,5.0,1.791759,False
amazon.com,scienceblogs.com,79.0,4.382027,False
news.yahoo.com,scienceblogs.com,3.0,1.386294,False
dailymail.co.uk,scienceblogs.com,10.0,2.397895,False
newyorker.com,scienceblogs.com,4.0,1.609438,False
4.bp.blogspot.com,scienceblogs.com,2.0,1.098612,False
politico.com,scienceblogs.com,3.0,1.386294,False
myspace.com,scienceblogs.com,4.0,1.609438,False
nypost.com,scienceblogs.com,2.0,1.098612,False
facebook.com,scienceblogs.com,3.0,1.386294,False
salon.com,scienceblogs.com,5.0,1.791759,False
online.wsj.com,scienceblogs.com,4.0,1.609438,False
foxnews.com,scienceblogs.com,2.0,1.098612,False
abcnews.go.com,scienceblogs.com,3.0,1.386294,False
guardian.co.uk,scienceblogs.com,11.0,2.484907,False
news.com.au,scienceblogs.com,3.0,1.386294,False
nytimes.com,scienceblogs.com,87.0,4.477337,False
cbc.ca,scienceblogs.com,8.0,2.197225,False
independent.co.uk,scienceblogs.com,5.0,1.791759,False
npr.org,scienceblogs.com,10.0,2.397895,False
imdb.com,scienceblogs.com,6.0,1.94591,False
news.bbc.co.uk,scienceblogs.com,19.0,2.995732,False
flickr.com,scienceblogs.com,5.0,1.791759,False
boston.com,scienceblogs.com,4.0,1.609438,False
photos1.blogger.com,scienceblogs.com,2.0,1.098612,False
fivethirtyeight.com,seattletimes.nwsource.com,3.0,1.386294,False
megite.com,seattletimes.nwsource.com,54.0,4.007333,False
digitalspy.co.uk,seattletimes.nwsource.com,4.0,1.609438,False
realclearpolitics.com,seattletimes.nwsource.com,10.0,2.397895,False
nomoremister.blogspot.com,seattletimes.nwsource.com,6.0,1.94591,False
blog.badtux.net,seattletimes.nwsource.com,12.0,2.564949,False
icestationtango.blogspot.com,seattletimes.nwsource.com,11.0,2.484907,False
blogs.zdnet.com,seattletimes.nwsource.com,2.0,1.098612,False
leftword.blogdig.net,seattletimes.nwsource.com,2.0,1.098612,False
chacha.com,seattletimes.nwsource.com,7.0,2.079442,False
blog.openitstrategies.com,seattletimes.nwsource.com,3.0,1.386294,False
newsbusters.org,seattletimes.nwsource.com,10.0,2.397895,False
evolvehappy.com,seattletimes.nwsource.com,6.0,1.94591,False
ourlatinamerica.blogspot.com,seattletimes.nwsource.com,2.0,1.098612,False
babbazeesbrain.blogspot.com,seattletimes.nwsource.com,7.0,2.079442,False
feedproxy.google.com,seattletimes.nwsource.com,4.0,1.609438,False
feeds.gothamistllc.com,seattletimes.nwsource.com,58.0,4.077537,False
d-day.blogspot.com,seattletimes.nwsource.com,10.0,2.397895,False
greenwichroundup.blogspot.com,seattletimes.nwsource.com,3.0,1.386294,False
conservapedia.com,seattletimes.nwsource.com,95.0,4.564348,False
kennysideshow.blogspot.com,seattletimes.nwsource.com,7.0,2.079442,False
forum.dvdtalk.com,seattletimes.nwsource.com,2.0,1.098612,False
danceswithanxiety.blogspot.com,seattletimes.nwsource.com,2.0,1.098612,False
deadspin.com,seattletimes.nwsource.com,2.0,1.098612,False
circleof13.blogspot.com,seattletimes.nwsource.com,3.0,1.386294,False
alterdestiny.blogspot.com,seattletimes.nwsource.com,4.0,1.609438,False
ibloga.blogspot.com,seattletimes.nwsource.com,2.0,1.098612,False
holycoast.blogspot.com,seattletimes.nwsource.com,6.0,1.94591,False
huffingtonpost.com,seattletimes.nwsource.com,5.0,1.791759,False
jihadwatch.org,seattletimes.nwsource.com,27.0,3.332205,False
scienceblogs.com,seattletimes.nwsource.com,2.0,1.098612,False
alternet.org,seattletimes.nwsource.com,13.0,2.639057,False
otherclub.blogspot.com,seattletimes.nwsource.com,60.0,4.110874,False
cinie.wordpress.com,seattletimes.nwsource.com,12.0,2.564949,False
classicalvalues.com,seattletimes.nwsource.com,9.0,2.302585,False
npr.org,seattletimes.nwsource.com,7.0,2.079442,False
ronmwangaguhunga.blogspot.com,seattletimes.nwsource.com,3.0,1.386294,False
guardian.co.uk,seattletimes.nwsource.com,4.0,1.609438,False
newportcity.blogspot.com,seattletimes.nwsource.com,2.0,1.098612,False
reason.com,seattletimes.nwsource.com,2.0,1.098612,False
lefarkins.blogspot.com,seattletimes.nwsource.com,25.0,3.258097,False
mahalo.com,seattletimes.nwsource.com,103.0,4.644391,False
downwithtyranny.blogspot.com,seattletimes.nwsource.com,6.0,1.94591,False
psycmeistr.blogspot.com,seattletimes.nwsource.com,3.0,1.386294,False
concurringopinions.com,seattletimes.nwsource.com,4.0,1.609438,False
rebellenation.blogspot.com,seattletimes.nwsource.com,6.0,1.94591,False
cujo359.blogspot.com,seattletimes.nwsource.com,20.0,3.044522,False
salon.com,seattletimes.nwsource.com,2.0,1.098612,False
ionarts.blogspot.com,seattletimes.nwsource.com,6.0,1.94591,False
firstread.msnbc.msn.com,seattletimes.nwsource.com,2.0,1.098612,False
joshingpolitics.blogspot.com,seattletimes.nwsource.com,6.0,1.94591,False
capitalfax.blogspot.com,seattletimes.nwsource.com,2.0,1.098612,False
news.cnet.com,seattletimes.nwsource.com,4.0,1.609438,False
buckmire.blogspot.com,seattletimes.nwsource.com,13.0,2.639057,False
nandigramunited.blogspot.com,seattletimes.nwsource.com,5.0,1.791759,False
nydailynews.com,seattletimes.nwsource.com,2.0,1.098612,False
myspace.com,seattletimes.nwsource.com,11.0,2.484907,False
cdc.gov,seattletimes.nwsource.com,2.0,1.098612,False
amazon.com,seattletimes.nwsource.com,14.0,2.70805,False
forbes.com,seattletimes.nwsource.com,2.0,1.098612,False
blogs.wsj.com,seekingalpha.com,16.0,2.833213,False
blogs.zdnet.com,seekingalpha.com,35.0,3.583519,False
reason.com,seekingalpha.com,2.0,1.098612,False
angrybear.blogspot.com,seekingalpha.com,2.0,1.098612,False
crooksandliars.com,seekingalpha.com,2.0,1.098612,False
mahalo.com,seekingalpha.com,12.0,2.564949,False
circleof13.blogspot.com,seekingalpha.com,5.0,1.791759,False
babbazeesbrain.blogspot.com,seekingalpha.com,37.0,3.637586,False
informationweek.com,seekingalpha.com,9.0,2.302585,False
blog.openitstrategies.com,seekingalpha.com,56.0,4.043051,False
news.cnet.com,seekingalpha.com,12.0,2.564949,False
guardian.co.uk,seekingalpha.com,28.0,3.367296,False
greenwichroundup.blogspot.com,seekingalpha.com,97.0,4.584967,False
money.cnn.com,seekingalpha.com,25.0,3.258097,False
nypost.com,seekingalpha.com,8.0,2.197225,False
businessweek.com,seekingalpha.com,17.0,2.890372,False
finance.yahoo.com,seekingalpha.com,150.0,5.01728,False
cbsnews.com,seekingalpha.com,2.0,1.098612,False
cbc.ca,seekingalpha.com,2.0,1.098612,False
online.wsj.com,seekingalpha.com,251.0,5.529429,False
en.wikipedia.org,seekingalpha.com,250.0,5.525453,False
economist.com,seekingalpha.com,18.0,2.944439,False
apple.com,seekingalpha.com,16.0,2.833213,False
facebook.com,seekingalpha.com,4.0,1.609438,False
news.yahoo.com,seekingalpha.com,11.0,2.484907,False
newyorker.com,seekingalpha.com,4.0,1.609438,False
nymag.com,seekingalpha.com,8.0,2.197225,False
microsoft.com,seekingalpha.com,2.0,1.098612,False
myspace.com,seekingalpha.com,4.0,1.609438,False
ft.com,seekingalpha.com,42.0,3.7612,False
3.bp.blogspot.com,seekingalpha.com,2.0,1.098612,False
prospect.org,seekingalpha.com,2.0,1.098612,False
boston.com,seekingalpha.com,4.0,1.609438,False
blogger.com,seekingalpha.com,3.0,1.386294,False
reuters.com,seekingalpha.com,76.0,4.343805,False
latimes.com,seekingalpha.com,12.0,2.564949,False
google.com,seekingalpha.com,81.0,4.406719,False
engadget.com,seekingalpha.com,2.0,1.098612,False
npr.org,seekingalpha.com,3.0,1.386294,False
cnn.com,seekingalpha.com,9.0,2.302585,False
foxnews.com,seekingalpha.com,5.0,1.791759,False
arstechnica.com,seekingalpha.com,4.0,1.609438,False
huffingtonpost.com,seekingalpha.com,13.0,2.639057,False
politico.com,seekingalpha.com,3.0,1.386294,False
nytimes.com,seekingalpha.com,128.0,4.859812,False
news.bbc.co.uk,seekingalpha.com,5.0,1.791759,False
amazon.com,seekingalpha.com,42.0,3.7612,False
bloomberg.com,seekingalpha.com,260.0,5.56452,False
pbs.org,seekingalpha.com,3.0,1.386294,False
salon.com,seekingalpha.com,3.0,1.386294,False
blog.wired.com,seekingalpha.com,2.0,1.098612,False
feedproxy.google.com,seekingalpha.com,9.0,2.302585,False
newsweek.com,seekingalpha.com,6.0,1.94591,False
imdb.com,seekingalpha.com,4.0,1.609438,False
forbes.com,seekingalpha.com,35.0,3.583519,False
news.google.com,seekingalpha.com,9.0,2.302585,False
independent.co.uk,seekingalpha.com,4.0,1.609438,False
marketwatch.com,seekingalpha.com,47.0,3.871201,False
ronmwangaguhunga.blogspot.com,sepiamutiny.com,2.0,1.098612,False
scienceblogs.com,sepiamutiny.com,5.0,1.791759,False
bloomberg.com,sepiamutiny.com,10.0,2.397895,False
blog.wired.com,sepiamutiny.com,2.0,1.098612,False
politico.com,sepiamutiny.com,25.0,3.258097,False
msnbc.msn.com,sepiamutiny.com,86.0,4.465908,False
apple.com,sepiamutiny.com,4.0,1.609438,False
blogs.abcnews.com,sepiamutiny.com,7.0,2.079442,False
informationweek.com,sepiamutiny.com,5.0,1.791759,False
nymag.com,sepiamutiny.com,21.0,3.091042,False
salon.com,sepiamutiny.com,40.0,3.713572,False
cnn.com,sepiamutiny.com,66.0,4.204693,False
mediamatters.org,sepiamutiny.com,5.0,1.791759,False
newsday.com,sepiamutiny.com,15.0,2.772589,False
blogger.com,sepiamutiny.com,6.0,1.94591,False
commondreams.org,sepiamutiny.com,5.0,1.791759,False
abcnews.go.com,sepiamutiny.com,19.0,2.995732,False
nypost.com,sepiamutiny.com,15.0,2.772589,False
independent.co.uk,sepiamutiny.com,4.0,1.609438,False
maps.google.com,sepiamutiny.com,15.0,2.772589,False
nydailynews.com,sepiamutiny.com,36.0,3.610918,False
dailykos.com,sepiamutiny.com,8.0,2.197225,False
latimes.com,sepiamutiny.com,78.0,4.369448,False
edition.cnn.com,sepiamutiny.com,20.0,3.044522,False
news.google.com,sepiamutiny.com,16.0,2.833213,False
myspace.com,sepiamutiny.com,41.0,3.73767,False
news.com.au,sepiamutiny.com,2.0,1.098612,False
realclearpolitics.com,sepiamutiny.com,4.0,1.609438,False
examiner.com,sepiamutiny.com,2.0,1.098612,False
nytimes.com,sepiamutiny.com,535.0,6.284134,False
news.yahoo.com,sepiamutiny.com,57.0,4.060443,False
chicagotribune.com,sepiamutiny.com,19.0,2.995732,False
gawker.com,sepiamutiny.com,22.0,3.135494,False
economist.com,sepiamutiny.com,11.0,2.484907,False
cbsnews.com,sepiamutiny.com,14.0,2.70805,False
npr.org,sepiamutiny.com,66.0,4.204693,False
facebook.com,sepiamutiny.com,7.0,2.079442,False
newyorker.com,sepiamutiny.com,40.0,3.713572,False
digg.com,sepiamutiny.com,2.0,1.098612,False
iht.com,sepiamutiny.com,30.0,3.433987,False
seattletimes.nwsource.com,sepiamutiny.com,11.0,2.484907,False
philly.com,sepiamutiny.com,19.0,2.995732,False
latimesblogs.latimes.com,sepiamutiny.com,10.0,2.397895,False
alternet.org,sepiamutiny.com,12.0,2.564949,False
businessweek.com,sepiamutiny.com,24.0,3.218876,False
newscientist.com,sepiamutiny.com,4.0,1.609438,False
newsweek.com,sepiamutiny.com,18.0,2.944439,False
eonline.com,sepiamutiny.com,5.0,1.791759,False
money.cnn.com,sepiamutiny.com,11.0,2.484907,False
foxnews.com,sepiamutiny.com,4.0,1.609438,False
en.wikipedia.org,sepiamutiny.com,1480.0,7.300473,False
pbs.org,sepiamutiny.com,21.0,3.091042,False
google.com,sepiamutiny.com,32.0,3.496508,False
huffingtonpost.com,sepiamutiny.com,15.0,2.772589,False
jezebel.com,sepiamutiny.com,10.0,2.397895,False
dailymail.co.uk,sepiamutiny.com,17.0,2.890372,False
flickr.com,sepiamutiny.com,210.0,5.351858,False
amazon.com,sepiamutiny.com,188.0,5.241747,False
chron.com,sepiamutiny.com,14.0,2.70805,False
cdc.gov,sepiamutiny.com,2.0,1.098612,False
cbc.ca,sepiamutiny.com,20.0,3.044522,False
breitbart.com,sepiamutiny.com,4.0,1.609438,False
boston.com,sepiamutiny.com,23.0,3.178054,False
freerepublic.com,sepiamutiny.com,2.0,1.098612,False
online.wsj.com,sepiamutiny.com,34.0,3.555348,False
fivethirtyeight.com,sepiamutiny.com,2.0,1.098612,False
bbc.co.uk,sepiamutiny.com,26.0,3.295837,False
reason.com,sepiamutiny.com,2.0,1.098612,False
ft.com,sepiamutiny.com,3.0,1.386294,False
reuters.com,sepiamutiny.com,16.0,2.833213,False
imdb.com,sepiamutiny.com,175.0,5.170484,False
news.bbc.co.uk,sepiamutiny.com,500.0,6.216606,False
deadspin.com,sepiamutiny.com,2.0,1.098612,False
guardian.co.uk,sepiamutiny.com,68.0,4.234107,False
forbes.com,sepiamutiny.com,27.0,3.332205,False
ronmwangaguhunga.blogspot.com,sfgate.com,31.0,3.465736,False
alterdestiny.blogspot.com,sfgate.com,2.0,1.098612,False
blogs.wsj.com,sfgate.com,3.0,1.386294,False
blog.openitstrategies.com,sfgate.com,27.0,3.332205,False
djtechnocrat.blogspot.com,sfgate.com,11.0,2.484907,False
classicalvalues.com,sfgate.com,45.0,3.828641,False
seekingalpha.com,sfgate.com,2.0,1.098612,False
gatesofvienna.blogspot.com,sfgate.com,4.0,1.609438,False
alternet.org,sfgate.com,2.0,1.098612,False
deadspin.com,sfgate.com,30.0,3.433987,False
rss.feedsportal.com,sfgate.com,7.0,2.079442,False
danceswithanxiety.blogspot.com,sfgate.com,7.0,2.079442,False
nymag.com,sfgate.com,3.0,1.386294,False
greenwichroundup.blogspot.com,sfgate.com,9.0,2.302585,False
blogs.abcnews.com,sfgate.com,3.0,1.386294,False
firstread.msnbc.msn.com,sfgate.com,18.0,2.944439,False
psycmeistr.blogspot.com,sfgate.com,19.0,2.995732,False
d-day.blogspot.com,sfgate.com,84.0,4.442651,False
pcworld.com,sfgate.com,2.0,1.098612,False
chacha.com,sfgate.com,11.0,2.484907,False
concurringopinions.com,sfgate.com,23.0,3.178054,False
capitalfax.blogspot.com,sfgate.com,41.0,3.73767,False
jihadwatch.org,sfgate.com,22.0,3.135494,False
gawker.com,sfgate.com,25.0,3.258097,False
ourlatinamerica.blogspot.com,sfgate.com,6.0,1.94591,False
babbazeesbrain.blogspot.com,sfgate.com,31.0,3.465736,False
lefarkins.blogspot.com,sfgate.com,16.0,2.833213,False
latimes.com,sfgate.com,6.0,1.94591,False
sepiamutiny.com,sfgate.com,69.0,4.248495,False
i.gizmodo.com,sfgate.com,13.0,2.639057,False
feeds.gothamistllc.com,sfgate.com,92.0,4.532599,False
cinie.wordpress.com,sfgate.com,48.0,3.89182,False
nomoremister.blogspot.com,sfgate.com,26.0,3.295837,False
mahalo.com,sfgate.com,304.0,5.720312,False
althouse.blogspot.com,sfgate.com,11.0,2.484907,False
reason.com,sfgate.com,10.0,2.397895,False
cujo359.blogspot.com,sfgate.com,8.0,2.197225,False
forum.dvdtalk.com,sfgate.com,9.0,2.302585,False
newsbusters.org,sfgate.com,7.0,2.079442,False
huffingtonpost.com,sfgate.com,12.0,2.564949,False
holycoast.blogspot.com,sfgate.com,36.0,3.610918,False
news.cnet.com,sfgate.com,9.0,2.302585,False
ibloga.blogspot.com,sfgate.com,3.0,1.386294,False
freerepublic.com,sfgate.com,7.0,2.079442,False
joshingpolitics.blogspot.com,sfgate.com,26.0,3.295837,False
commondreams.org,sfgate.com,7.0,2.079442,False
blog.badtux.net,sfgate.com,48.0,3.89182,False
circleof13.blogspot.com,sfgate.com,8.0,2.197225,False
realclearpolitics.com,sfgate.com,8.0,2.197225,False
dailykos.com,sfgate.com,4.0,1.609438,False
buckmire.blogspot.com,sfgate.com,50.0,3.931826,False
jezebel.com,sfgate.com,10.0,2.397895,False
angrybear.blogspot.com,sfgate.com,10.0,2.397895,False
icestationtango.blogspot.com,sfgate.com,26.0,3.295837,False
otherclub.blogspot.com,sfgate.com,5.0,1.791759,False
kennysideshow.blogspot.com,sfgate.com,30.0,3.433987,False
newscientist.com,sfgate.com,2.0,1.098612,False
leftword.blogdig.net,sfgate.com,8.0,2.197225,False
dumpbachmann.blogspot.com,sfgate.com,2.0,1.098612,False
feeds.gawker.com,sfgate.com,10.0,2.397895,False
plime.com,sfgate.com,40.0,3.713572,False
blog.wired.com,sfgate.com,12.0,2.564949,False
scienceblogs.com,sfgate.com,2.0,1.098612,False
salon.com,sfgate.com,16.0,2.833213,False
evolvehappy.com,sfgate.com,33.0,3.526361,False
downwithtyranny.blogspot.com,sfgate.com,32.0,3.496508,False
newportcity.blogspot.com,sfgate.com,2.0,1.098612,False
ionarts.blogspot.com,sfgate.com,36.0,3.610918,False
rebellenation.blogspot.com,sfgate.com,13.0,2.639057,False
conservapedia.com,sfgate.com,10.0,2.397895,False
examiner.com,sfgate.com,27.0,3.332205,False
flickr.com,sfgate.com,6.0,1.94591,False
bbc.co.uk,sfgate.com,3.0,1.386294,False
nydailynews.com,sfgate.com,2.0,1.098612,False
myspace.com,sfgate.com,2.0,1.098612,False
amazon.com,sfgate.com,7.0,2.079442,False
google.com,sfgate.com,7.0,2.079442,False
ft.com,sfgate.com,2.0,1.098612,False
foxnews.com,sfgate.com,2.0,1.098612,False
imdb.com,sfgate.com,7.0,2.079442,False
news.yahoo.com,sfgate.com,2.0,1.098612,False
abcnews.go.com,sfgate.com,3.0,1.386294,False
news.google.com,sfgate.com,9.0,2.302585,False
reuters.com,sfgate.com,4.0,1.609438,False
dailymail.co.uk,sfgate.com,5.0,1.791759,False
msnbc.msn.com,sfgate.com,5.0,1.791759,False
online.wsj.com,sfgate.com,9.0,2.302585,False
maps.google.com,sfgate.com,4.0,1.609438,False
facebook.com,sfgate.com,3.0,1.386294,False
nytimes.com,sfgate.com,15.0,2.772589,False
forbes.com,sfgate.com,2.0,1.098612,False
cbsnews.com,sfgate.com,2.0,1.098612,False
news.bbc.co.uk,sfgate.com,2.0,1.098612,False
en.wikipedia.org,sfgate.com,73.0,4.304065,False
apple.com,sfgate.com,8.0,2.197225,False
pbs.org,sfgate.com,4.0,1.609438,False
cnn.com,sfgate.com,9.0,2.302585,False
3.bp.blogspot.com,sfgate.com,3.0,1.386294,False
arstechnica.com,sfgate.com,3.0,1.386294,False
latimesblogs.latimes.com,sfgate.com,3.0,1.386294,False
cujo359.blogspot.com,slate.com,4.0,1.609438,False
npr.org,slate.com,4.0,1.609438,False
mahalo.com,slate.com,96.0,4.574711,False
chacha.com,slate.com,16.0,2.833213,False
evolvehappy.com,slate.com,7.0,2.079442,False
guardian.co.uk,slate.com,12.0,2.564949,False
i.gizmodo.com,slate.com,4.0,1.609438,False
icestationtango.blogspot.com,slate.com,8.0,2.197225,False
firstread.msnbc.msn.com,slate.com,2.0,1.098612,False
informationweek.com,slate.com,9.0,2.302585,False
nandigramunited.blogspot.com,slate.com,3.0,1.386294,False
blog.openitstrategies.com,slate.com,2.0,1.098612,False
ionarts.blogspot.com,slate.com,5.0,1.791759,False
plime.com,slate.com,4.0,1.609438,False
scienceblogs.com,slate.com,10.0,2.397895,False
buckmire.blogspot.com,slate.com,5.0,1.791759,False
leftword.blogdig.net,slate.com,10.0,2.397895,False
circleof13.blogspot.com,slate.com,5.0,1.791759,False
nymag.com,slate.com,7.0,2.079442,False
blogs.abcnews.com,slate.com,7.0,2.079442,False
cajunboyinthecity.blogspot.com,slate.com,19.0,2.995732,False
amazon.com,slate.com,132.0,4.890349,False
psycmeistr.blogspot.com,slate.com,8.0,2.197225,False
fivethirtyeight.com,slate.com,12.0,2.564949,False
althouse.blogspot.com,slate.com,36.0,3.610918,False
huffingtonpost.com,slate.com,14.0,2.70805,False
gatesofvienna.blogspot.com,slate.com,2.0,1.098612,False
reason.com,slate.com,15.0,2.772589,False
atlasshrugs2000.typepad.com,slate.com,6.0,1.94591,False
rebellenation.blogspot.com,slate.com,14.0,2.70805,False
ronmwangaguhunga.blogspot.com,slate.com,26.0,3.295837,False
cnn.com,slate.com,5.0,1.791759,False
jezebel.com,slate.com,18.0,2.944439,False
concurringopinions.com,slate.com,143.0,4.969813,False
babbazeesbrain.blogspot.com,slate.com,5.0,1.791759,False
megite.com,slate.com,15.0,2.772589,False
holycoast.blogspot.com,slate.com,17.0,2.890372,False
angrybear.blogspot.com,slate.com,5.0,1.791759,False
conservapedia.com,slate.com,148.0,5.003946,False
danceswithanxiety.blogspot.com,slate.com,29.0,3.401197,False
gawker.com,slate.com,31.0,3.465736,False
sepiamutiny.com,slate.com,53.0,3.988984,False
feeds.gothamistllc.com,slate.com,6.0,1.94591,False
blog.badtux.net,slate.com,8.0,2.197225,False
feeds.gawker.com,slate.com,6.0,1.94591,False
kennysideshow.blogspot.com,slate.com,6.0,1.94591,False
alterdestiny.blogspot.com,slate.com,9.0,2.302585,False
nomoremister.blogspot.com,slate.com,14.0,2.70805,False
forum.dvdtalk.com,slate.com,17.0,2.890372,False
classicalvalues.com,slate.com,30.0,3.433987,False
capitalfax.blogspot.com,slate.com,13.0,2.639057,False
freerepublic.com,slate.com,2.0,1.098612,False
joshingpolitics.blogspot.com,slate.com,16.0,2.833213,False
salon.com,slate.com,8.0,2.197225,False
greenwichroundup.blogspot.com,slate.com,6.0,1.94591,False
prospect.org,slate.com,11.0,2.484907,False
newsweek.com,slate.com,9.0,2.302585,False
economist.com,slate.com,2.0,1.098612,False
downwithtyranny.blogspot.com,slate.com,28.0,3.367296,False
cinie.wordpress.com,slate.com,39.0,3.688879,False
lefarkins.blogspot.com,slate.com,531.0,6.276643,False
otherclub.blogspot.com,slate.com,22.0,3.135494,False
feedproxy.google.com,slate.com,2.0,1.098612,False
dailykos.com,slate.com,3.0,1.386294,False
blog.wired.com,slate.com,5.0,1.791759,False
forbes.com,slate.com,7.0,2.079442,False
seekingalpha.com,slate.com,8.0,2.197225,False
pajamasmedia.com,slate.com,2.0,1.098612,False
d-day.blogspot.com,slate.com,51.0,3.951244,False
ibloga.blogspot.com,slate.com,7.0,2.079442,False
jihadwatch.org,slate.com,5.0,1.791759,False
djtechnocrat.blogspot.com,slate.com,2.0,1.098612,False
corner.nationalreview.com,slate.com,4.0,1.609438,False
hotair.com,slate.com,7.0,2.079442,False
commondreams.org,slate.com,3.0,1.386294,False
bloomberg.com,slate.com,5.0,1.791759,False
news.bbc.co.uk,slate.com,9.0,2.302585,False
cbsnews.com,slate.com,8.0,2.197225,False
philly.com,slate.com,4.0,1.609438,False
apple.com,slate.com,4.0,1.609438,False
foxnews.com,slate.com,3.0,1.386294,False
seattletimes.nwsource.com,slate.com,2.0,1.098612,False
microsoft.com,slate.com,3.0,1.386294,False
en.wikipedia.org,slate.com,80.0,4.394449,False
reuters.com,slate.com,6.0,1.94591,False
online.wsj.com,slate.com,101.0,4.624973,False
finance.yahoo.com,slate.com,8.0,2.197225,False
nytimes.com,slate.com,270.0,5.602119,False
blogs.wsj.com,slate.com,2.0,1.098612,False
latimes.com,slate.com,108.0,4.691348,False
alternet.org,slate.com,2.0,1.098612,False
politico.com,slate.com,25.0,3.258097,False
cdc.gov,slate.com,13.0,2.639057,False
abcnews.go.com,slate.com,4.0,1.609438,False
news.cnet.com,slate.com,6.0,1.94591,False
nypost.com,slate.com,2.0,1.098612,False
chicagotribune.com,slate.com,5.0,1.791759,False
latimesblogs.latimes.com,slate.com,7.0,2.079442,False
boston.com,slate.com,4.0,1.609438,False
news.yahoo.com,slate.com,6.0,1.94591,False
imdb.com,slate.com,2.0,1.098612,False
marketwatch.com,slate.com,7.0,2.079442,False
google.com,slate.com,27.0,3.332205,False
gizmodo.com,slate.com,2.0,1.098612,False
haaretz.com,slate.com,2.0,1.098612,False
msnbc.msn.com,slate.com,4.0,1.609438,False
newyorker.com,slate.com,2.0,1.098612,False
dailymail.co.uk,slate.com,2.0,1.098612,False
4.bp.blogspot.com,slate.com,2.0,1.098612,False
pbs.org,slate.com,8.0,2.197225,False
feeds.gawker.com,sports.espn.go.com,4.0,1.609438,False
chacha.com,sports.espn.go.com,345.0,5.846439,False
bbc.co.uk,sports.espn.go.com,2.0,1.098612,False
danceswithanxiety.blogspot.com,sports.espn.go.com,2.0,1.098612,False
lefarkins.blogspot.com,sports.espn.go.com,164.0,5.105945,False
ronmwangaguhunga.blogspot.com,sports.espn.go.com,2.0,1.098612,False
mahalo.com,sports.espn.go.com,5099.0,8.536996,False
concurringopinions.com,sports.espn.go.com,14.0,2.70805,False
blog.wired.com,sports.espn.go.com,3.0,1.386294,False
forum.dvdtalk.com,sports.espn.go.com,171.0,5.147494,False
guardian.co.uk,sports.espn.go.com,4.0,1.609438,False
ourlatinamerica.blogspot.com,sports.espn.go.com,3.0,1.386294,False
digitalspy.co.uk,sports.espn.go.com,4.0,1.609438,False
examiner.com,sports.espn.go.com,19.0,2.995732,False
bloomberg.com,sports.espn.go.com,5.0,1.791759,False
sepiamutiny.com,sports.espn.go.com,10.0,2.397895,False
feeds.gothamistllc.com,sports.espn.go.com,58.0,4.077537,False
buckmire.blogspot.com,sports.espn.go.com,23.0,3.178054,False
jezebel.com,sports.espn.go.com,2.0,1.098612,False
plime.com,sports.espn.go.com,2.0,1.098612,False
deadspin.com,sports.espn.go.com,202.0,5.313206,False
newsday.com,sports.espn.go.com,23.0,3.178054,False
news.cnet.com,sports.espn.go.com,3.0,1.386294,False
angrybear.blogspot.com,sports.espn.go.com,3.0,1.386294,False
sfgate.com,sports.espn.go.com,2.0,1.098612,False
philly.com,sports.espn.go.com,15.0,2.772589,False
conservapedia.com,sports.espn.go.com,12.0,2.564949,False
huffingtonpost.com,sports.espn.go.com,4.0,1.609438,False
psycmeistr.blogspot.com,sports.espn.go.com,2.0,1.098612,False
capitalfax.blogspot.com,sports.espn.go.com,3.0,1.386294,False
icestationtango.blogspot.com,sports.espn.go.com,2.0,1.098612,False
alterdestiny.blogspot.com,sports.espn.go.com,65.0,4.189655,False
holycoast.blogspot.com,sports.espn.go.com,5.0,1.791759,False
cujo359.blogspot.com,sports.espn.go.com,4.0,1.609438,False
d-day.blogspot.com,sports.espn.go.com,3.0,1.386294,False
greenwichroundup.blogspot.com,sports.espn.go.com,3.0,1.386294,False
amazon.com,sports.espn.go.com,38.0,3.663562,False
blogs.wsj.com,sports.espn.go.com,2.0,1.098612,False
cajunboyinthecity.blogspot.com,sports.espn.go.com,106.0,4.672829,False
newsbusters.org,sports.espn.go.com,3.0,1.386294,False
seattletimes.nwsource.com,sports.espn.go.com,2.0,1.098612,False
nydailynews.com,sports.espn.go.com,2.0,1.098612,False
nytimes.com,sports.espn.go.com,6.0,1.94591,False
news.google.com,sports.espn.go.com,53.0,3.988984,False
en.wikipedia.org,sports.espn.go.com,4.0,1.609438,False
blog.wired.com,sportsnipe.com,6.0,1.94591,False
edition.cnn.com,sportsnipe.com,6.0,1.94591,False
cbc.ca,sportsnipe.com,564.0,6.336826,False
pcworld.com,sportsnipe.com,9.0,2.302585,False
feeds.gawker.com,sportsnipe.com,369.0,5.913503,False
ft.com,sportsnipe.com,3.0,1.386294,False
deadspin.com,sportsnipe.com,45.0,3.828641,False
philly.com,sportsnipe.com,1443.0,7.275172,False
news.google.com,sportsnipe.com,477.0,6.169611,False
latimesblogs.latimes.com,sportsnipe.com,87.0,4.477337,False
rss.feedsportal.com,sportsnipe.com,63.0,4.158883,False
latimes.com,sportsnipe.com,222.0,5.407172,False
haaretz.com,sportsnipe.com,3.0,1.386294,False
nytimes.com,sportsnipe.com,1311.0,7.179308,False
guardian.co.uk,sportsnipe.com,1002.0,6.910751,False
huffingtonpost.com,sportsnipe.com,15.0,2.772589,False
marketwatch.com,sportsnipe.com,3.0,1.386294,False
boston.com,sportsnipe.com,912.0,6.816736,False
chicagotribune.com,sportsnipe.com,228.0,5.433722,False
abcnews.go.com,sportsnipe.com,9.0,2.302585,False
mediamatters.org,sportsnipe.com,6.0,1.94591,False
newsweek.com,sportsnipe.com,6.0,1.94591,False
news.bbc.co.uk,sportsnipe.com,1764.0,7.475906,False
sfgate.com,sportsnipe.com,168.0,5.129899,False
forbes.com,sportsnipe.com,21.0,3.091042,False
bloomberg.com,sportsnipe.com,33.0,3.526361,False
informationweek.com,sportsnipe.com,3.0,1.386294,False
cbsnews.com,sportsnipe.com,15.0,2.772589,False
flickr.com,sportsnipe.com,27.0,3.332205,False
news.com.au,sportsnipe.com,204.0,5.32301,False
eonline.com,sportsnipe.com,3.0,1.386294,False
npr.org,sportsnipe.com,6.0,1.94591,False
bbc.co.uk,sportsnipe.com,33.0,3.526361,False
foxnews.com,sportsnipe.com,12.0,2.564949,False
nydailynews.com,sportsnipe.com,105.0,4.663439,False
money.cnn.com,sportsnipe.com,3.0,1.386294,False
reuters.com,sportsnipe.com,57.0,4.060443,False
blogs.zdnet.com,sportsnipe.com,3.0,1.386294,False
examiner.com,sportsnipe.com,498.0,6.212606,False
i.gizmodo.com,sportsnipe.com,3.0,1.386294,False
independent.co.uk,sportsnipe.com,846.0,6.741701,False
seekingalpha.com,sportsnipe.com,6.0,1.94591,False
msnbc.msn.com,sportsnipe.com,21.0,3.091042,False
news.cnet.com,sportsnipe.com,6.0,1.94591,False
blogs.wsj.com,sportsnipe.com,30.0,3.433987,False
sports.espn.go.com,sportsnipe.com,3345.0,8.115521,False
scienceblogs.com,sportsnipe.com,3.0,1.386294,False
firstread.msnbc.msn.com,sportsnipe.com,6.0,1.94591,False
politico.com,sportsnipe.com,6.0,1.94591,False
salon.com,sportsnipe.com,3.0,1.386294,False
online.wsj.com,sportsnipe.com,54.0,4.007333,False
newsday.com,sportsnipe.com,72.0,4.290459,False
slate.com,sportsnipe.com,3.0,1.386294,False
nypost.com,sportsnipe.com,897.0,6.80017,False
chron.com,sportsnipe.com,228.0,5.433722,False
cnn.com,sportsnipe.com,17.0,2.890372,False
google.com,sportsnipe.com,969.0,6.877296,False
feedproxy.google.com,sportsnipe.com,8946.0,9.099074,False
seattletimes.nwsource.com,sportsnipe.com,723.0,6.584791,False
chacha.com,startribune.com,3.0,1.386294,False
prospect.org,startribune.com,2.0,1.098612,False
blog.wired.com,startribune.com,4.0,1.609438,False
politico.com,startribune.com,2.0,1.098612,False
buckmire.blogspot.com,startribune.com,3.0,1.386294,False
sportsnipe.com,startribune.com,1041.0,6.948897,False
breitbart.com,startribune.com,5.0,1.791759,False
hotair.com,startribune.com,4.0,1.609438,False
cajunboyinthecity.blogspot.com,startribune.com,3.0,1.386294,False
joshingpolitics.blogspot.com,startribune.com,7.0,2.079442,False
atlasshrugs2000.typepad.com,startribune.com,5.0,1.791759,False
dumpbachmann.blogspot.com,startribune.com,731.0,6.595781,False
angrybear.blogspot.com,startribune.com,2.0,1.098612,False
d-day.blogspot.com,startribune.com,17.0,2.890372,False
jezebel.com,startribune.com,7.0,2.079442,False
lefarkins.blogspot.com,startribune.com,5.0,1.791759,False
blog.badtux.net,startribune.com,2.0,1.098612,False
salon.com,startribune.com,37.0,3.637586,False
realclearpolitics.com,startribune.com,30.0,3.433987,False
icestationtango.blogspot.com,startribune.com,2.0,1.098612,False
fivethirtyeight.com,startribune.com,38.0,3.663562,False
circleof13.blogspot.com,startribune.com,4.0,1.609438,False
otherclub.blogspot.com,startribune.com,4.0,1.609438,False
forum.dvdtalk.com,startribune.com,2.0,1.098612,False
huffingtonpost.com,startribune.com,14.0,2.70805,False
dailykos.com,startribune.com,2.0,1.098612,False
cbsnews.com,startribune.com,11.0,2.484907,False
leftword.blogdig.net,startribune.com,5.0,1.791759,False
sepiamutiny.com,startribune.com,3.0,1.386294,False
greenwichroundup.blogspot.com,startribune.com,2.0,1.098612,False
holycoast.blogspot.com,startribune.com,8.0,2.197225,False
scienceblogs.com,startribune.com,2.0,1.098612,False
classicalvalues.com,startribune.com,3.0,1.386294,False
cinie.wordpress.com,startribune.com,10.0,2.397895,False
feeds.gawker.com,startribune.com,3.0,1.386294,False
firstread.msnbc.msn.com,startribune.com,41.0,3.73767,False
gawker.com,startribune.com,16.0,2.833213,False
capitalfax.blogspot.com,startribune.com,10.0,2.397895,False
nomoremister.blogspot.com,startribune.com,2.0,1.098612,False
plime.com,startribune.com,2.0,1.098612,False
concurringopinions.com,startribune.com,2.0,1.098612,False
seekingalpha.com,startribune.com,3.0,1.386294,False
psycmeistr.blogspot.com,startribune.com,154.0,5.043425,False
downwithtyranny.blogspot.com,startribune.com,21.0,3.091042,False
rebellenation.blogspot.com,startribune.com,3.0,1.386294,False
jihadwatch.org,startribune.com,28.0,3.367296,False
ionarts.blogspot.com,startribune.com,6.0,1.94591,False
alterdestiny.blogspot.com,startribune.com,2.0,1.098612,False
babbazeesbrain.blogspot.com,startribune.com,7.0,2.079442,False
mahalo.com,startribune.com,72.0,4.290459,False
blogs.abcnews.com,startribune.com,11.0,2.484907,False
imdb.com,startribune.com,3.0,1.386294,False
en.wikipedia.org,startribune.com,2.0,1.098612,False
facebook.com,startribune.com,2.0,1.098612,False
amazon.com,startribune.com,27.0,3.332205,False
flickr.com,startribune.com,77.0,4.356709,False
d-day.blogspot.com,suntimes.com,12.0,2.564949,False
alterdestiny.blogspot.com,suntimes.com,66.0,4.204693,False
althouse.blogspot.com,suntimes.com,6.0,1.94591,False
ionarts.blogspot.com,suntimes.com,20.0,3.044522,False
blogs.wsj.com,suntimes.com,2.0,1.098612,False
forum.dvdtalk.com,suntimes.com,3.0,1.386294,False
huffingtonpost.com,suntimes.com,9.0,2.302585,False
leftword.blogdig.net,suntimes.com,6.0,1.94591,False
evolvehappy.com,suntimes.com,35.0,3.583519,False
fivethirtyeight.com,suntimes.com,3.0,1.386294,False
capitalfax.blogspot.com,suntimes.com,1098.0,7.002156,False
jihadwatch.org,suntimes.com,7.0,2.079442,False
buckmire.blogspot.com,suntimes.com,4.0,1.609438,False
realclearpolitics.com,suntimes.com,13.0,2.639057,False
ibloga.blogspot.com,suntimes.com,3.0,1.386294,False
firstread.msnbc.msn.com,suntimes.com,15.0,2.772589,False
freerepublic.com,suntimes.com,3.0,1.386294,False
psycmeistr.blogspot.com,suntimes.com,19.0,2.995732,False
otherclub.blogspot.com,suntimes.com,37.0,3.637586,False
greenwichroundup.blogspot.com,suntimes.com,2.0,1.098612,False
plime.com,suntimes.com,8.0,2.197225,False
babbazeesbrain.blogspot.com,suntimes.com,5.0,1.791759,False
cujo359.blogspot.com,suntimes.com,4.0,1.609438,False
reason.com,suntimes.com,3.0,1.386294,False
cajunboyinthecity.blogspot.com,suntimes.com,5.0,1.791759,False
rebellenation.blogspot.com,suntimes.com,5.0,1.791759,False
boston.com,suntimes.com,3.0,1.386294,False
downwithtyranny.blogspot.com,suntimes.com,18.0,2.944439,False
gawker.com,suntimes.com,18.0,2.944439,False
djtechnocrat.blogspot.com,suntimes.com,3.0,1.386294,False
chacha.com,suntimes.com,2.0,1.098612,False
nomoremister.blogspot.com,suntimes.com,5.0,1.791759,False
cinie.wordpress.com,suntimes.com,129.0,4.867534,False
hotair.com,suntimes.com,2.0,1.098612,False
feeds.gothamistllc.com,suntimes.com,116.0,4.762174,False
classicalvalues.com,suntimes.com,18.0,2.944439,False
chicagotribune.com,suntimes.com,4.0,1.609438,False
angrybear.blogspot.com,suntimes.com,5.0,1.791759,False
scienceblogs.com,suntimes.com,2.0,1.098612,False
economist.com,suntimes.com,3.0,1.386294,False
lefarkins.blogspot.com,suntimes.com,10.0,2.397895,False
conservapedia.com,suntimes.com,40.0,3.713572,False
blogs.abcnews.com,suntimes.com,15.0,2.772589,False
icestationtango.blogspot.com,suntimes.com,7.0,2.079442,False
mahalo.com,suntimes.com,71.0,4.276666,False
concurringopinions.com,suntimes.com,3.0,1.386294,False
atlasshrugs2000.typepad.com,suntimes.com,3.0,1.386294,False
sepiamutiny.com,suntimes.com,11.0,2.484907,False
newsweek.com,suntimes.com,4.0,1.609438,False
digitalspy.co.uk,suntimes.com,6.0,1.94591,False
joshingpolitics.blogspot.com,suntimes.com,8.0,2.197225,False
deadspin.com,suntimes.com,14.0,2.70805,False
slate.com,suntimes.com,4.0,1.609438,False
ronmwangaguhunga.blogspot.com,suntimes.com,30.0,3.433987,False
sportsnipe.com,suntimes.com,174.0,5.164786,False
holycoast.blogspot.com,suntimes.com,36.0,3.610918,False
news.google.com,suntimes.com,12.0,2.564949,False
feeds.gothamistllc.com,superpunch.blogspot.com,73.0,4.304065,False
megite.com,superpunch.blogspot.com,28.0,3.367296,False
i.gizmodo.com,superpunch.blogspot.com,5.0,1.791759,False
gizmodo.com,superpunch.blogspot.com,26.0,3.295837,False
dailymail.co.uk,superpunch.blogspot.com,27.0,3.332205,False
imdb.com,superpunch.blogspot.com,12.0,2.564949,False
cnn.com,superpunch.blogspot.com,13.0,2.639057,False
newsday.com,superpunch.blogspot.com,3.0,1.386294,False
corner.nationalreview.com,superpunch.blogspot.com,2.0,1.098612,False
edition.cnn.com,superpunch.blogspot.com,3.0,1.386294,False
sports.espn.go.com,superpunch.blogspot.com,20.0,3.044522,False
economist.com,superpunch.blogspot.com,12.0,2.564949,False
hotair.com,superpunch.blogspot.com,2.0,1.098612,False
news.yahoo.com,superpunch.blogspot.com,98.0,4.59512,False
blog.wired.com,superpunch.blogspot.com,81.0,4.406719,False
nymag.com,superpunch.blogspot.com,7.0,2.079442,False
chron.com,superpunch.blogspot.com,5.0,1.791759,False
pcworld.com,superpunch.blogspot.com,2.0,1.098612,False
bloomberg.com,superpunch.blogspot.com,4.0,1.609438,False
abcnews.go.com,superpunch.blogspot.com,8.0,2.197225,False
flickr.com,superpunch.blogspot.com,2261.0,7.724005,False
cbc.ca,superpunch.blogspot.com,6.0,1.94591,False
guardian.co.uk,superpunch.blogspot.com,13.0,2.639057,False
google.com,superpunch.blogspot.com,44.0,3.806662,False
amazon.com,superpunch.blogspot.com,1591.0,7.372746,False
microsoft.com,superpunch.blogspot.com,4.0,1.609438,False
msnbc.msn.com,superpunch.blogspot.com,15.0,2.772589,False
jezebel.com,superpunch.blogspot.com,21.0,3.091042,False
newsweek.com,superpunch.blogspot.com,3.0,1.386294,False
sfgate.com,superpunch.blogspot.com,12.0,2.564949,False
cbsnews.com,superpunch.blogspot.com,3.0,1.386294,False
althouse.blogspot.com,superpunch.blogspot.com,40.0,3.713572,False
pajamasmedia.com,superpunch.blogspot.com,8.0,2.197225,False
firstread.msnbc.msn.com,superpunch.blogspot.com,2.0,1.098612,False
marketwatch.com,superpunch.blogspot.com,2.0,1.098612,False
boston.com,superpunch.blogspot.com,5.0,1.791759,False
3.bp.blogspot.com,superpunch.blogspot.com,1327.0,7.191429,False
online.wsj.com,superpunch.blogspot.com,56.0,4.043051,False
myspace.com,superpunch.blogspot.com,76.0,4.343805,False
kotaku.com,superpunch.blogspot.com,45.0,3.828641,False
chacha.com,superpunch.blogspot.com,2.0,1.098612,False
blogs.wsj.com,superpunch.blogspot.com,35.0,3.583519,False
dailykos.com,superpunch.blogspot.com,2.0,1.098612,False
reason.com,superpunch.blogspot.com,33.0,3.526361,False
4.bp.blogspot.com,superpunch.blogspot.com,1517.0,7.325149,False
deadspin.com,superpunch.blogspot.com,5.0,1.791759,False
nytimes.com,superpunch.blogspot.com,107.0,4.682131,False
blogger.com,superpunch.blogspot.com,18506.0,9.825904,False
latimes.com,superpunch.blogspot.com,74.0,4.317488,False
foxnews.com,superpunch.blogspot.com,4.0,1.609438,False
apple.com,superpunch.blogspot.com,3.0,1.386294,False
engadget.com,superpunch.blogspot.com,3.0,1.386294,False
feedproxy.google.com,superpunch.blogspot.com,170.0,5.141664,False
examiner.com,superpunch.blogspot.com,2.0,1.098612,False
feeds.gawker.com,superpunch.blogspot.com,264.0,5.57973,False
newscientist.com,superpunch.blogspot.com,3.0,1.386294,False
huffingtonpost.com,superpunch.blogspot.com,12.0,2.564949,False
nydailynews.com,superpunch.blogspot.com,12.0,2.564949,False
forbes.com,superpunch.blogspot.com,3.0,1.386294,False
latimesblogs.latimes.com,superpunch.blogspot.com,31.0,3.465736,False
chicagotribune.com,superpunch.blogspot.com,11.0,2.484907,False
michellemalkin.com,superpunch.blogspot.com,2.0,1.098612,False
npr.org,superpunch.blogspot.com,7.0,2.079442,False
scienceblogs.com,superpunch.blogspot.com,6.0,1.94591,False
slate.com,superpunch.blogspot.com,31.0,3.465736,False
politico.com,superpunch.blogspot.com,4.0,1.609438,False
1.bp.blogspot.com,superpunch.blogspot.com,1381.0,7.231287,False
newyorker.com,superpunch.blogspot.com,14.0,2.70805,False
finance.yahoo.com,superpunch.blogspot.com,2.0,1.098612,False
breitbart.com,superpunch.blogspot.com,16.0,2.833213,False
en.wikipedia.org,superpunch.blogspot.com,226.0,5.42495,False
salon.com,superpunch.blogspot.com,2.0,1.098612,False
reuters.com,superpunch.blogspot.com,10.0,2.397895,False
news.com.au,superpunch.blogspot.com,4.0,1.609438,False
iht.com,superpunch.blogspot.com,3.0,1.386294,False
2.bp.blogspot.com,superpunch.blogspot.com,1288.0,7.161622,False
businessweek.com,superpunch.blogspot.com,4.0,1.609438,False
digg.com,superpunch.blogspot.com,4.0,1.609438,False
suntimes.com,superpunch.blogspot.com,4.0,1.609438,False
news.cnet.com,superpunch.blogspot.com,3.0,1.386294,False
independent.co.uk,superpunch.blogspot.com,5.0,1.791759,False
philly.com,superpunch.blogspot.com,2.0,1.098612,False
nypost.com,superpunch.blogspot.com,14.0,2.70805,False
startribune.com,superpunch.blogspot.com,3.0,1.386294,False
news.bbc.co.uk,superpunch.blogspot.com,34.0,3.555348,False
bbc.co.uk,superpunch.blogspot.com,3.0,1.386294,False
gawker.com,superpunch.blogspot.com,15.0,2.772589,False
money.cnn.com,superpunch.blogspot.com,9.0,2.302585,False
arstechnica.com,superpunch.blogspot.com,3.0,1.386294,False
huffingtonpost.com,techcrunch.com,2.0,1.098612,False
news.cnet.com,techcrunch.com,15.0,2.772589,False
amazon.com,techcrunch.com,133.0,4.89784,False
i.gizmodo.com,techcrunch.com,20.0,3.044522,False
cajunboyinthecity.blogspot.com,techcrunch.com,4.0,1.609438,False
forbes.com,techcrunch.com,8.0,2.197225,False
concurringopinions.com,techcrunch.com,4.0,1.609438,False
blogs.wsj.com,techcrunch.com,8.0,2.197225,False
alterdestiny.blogspot.com,techcrunch.com,2.0,1.098612,False
scienceblogs.com,techcrunch.com,2.0,1.098612,False
nymag.com,techcrunch.com,4.0,1.609438,False
blog.wired.com,techcrunch.com,7.0,2.079442,False
pcworld.com,techcrunch.com,6.0,1.94591,False
djtechnocrat.blogspot.com,techcrunch.com,7.0,2.079442,False
seekingalpha.com,techcrunch.com,121.0,4.804021,False
babbazeesbrain.blogspot.com,techcrunch.com,6.0,1.94591,False
feedproxy.google.com,techcrunch.com,19.0,2.995732,False
greenwichroundup.blogspot.com,techcrunch.com,2.0,1.098612,False
businessweek.com,techcrunch.com,19.0,2.995732,False
mahalo.com,techcrunch.com,73.0,4.304065,False
salon.com,techcrunch.com,2.0,1.098612,False
chacha.com,techcrunch.com,2.0,1.098612,False
plime.com,techcrunch.com,8.0,2.197225,False
bbc.co.uk,techcrunch.com,4.0,1.609438,False
leftword.blogdig.net,techcrunch.com,2.0,1.098612,False
rss.feedsportal.com,techcrunch.com,26.0,3.295837,False
gizmodo.com,techcrunch.com,9.0,2.302585,False
sepiamutiny.com,techcrunch.com,4.0,1.609438,False
informationweek.com,techcrunch.com,11.0,2.484907,False
evolvehappy.com,techcrunch.com,2.0,1.098612,False
gawker.com,techcrunch.com,29.0,3.401197,False
blogs.zdnet.com,techcrunch.com,7.0,2.079442,False
megite.com,techcrunch.com,197.0,5.288267,False
feeds.gawker.com,techcrunch.com,11.0,2.484907,False
sfgate.com,techcrunch.com,5.0,1.791759,False
guardian.co.uk,techcrunch.com,13.0,2.639057,False
icestationtango.blogspot.com,techcrunch.com,2.0,1.098612,False
blog.openitstrategies.com,techcrunch.com,14.0,2.70805,False
slate.com,techcrunch.com,2.0,1.098612,False
nytimes.com,techcrunch.com,3.0,1.386294,False
flickr.com,techcrunch.com,3.0,1.386294,False
nypost.com,techcrunch.com,2.0,1.098612,False
bloomberg.com,techcrunch.com,3.0,1.386294,False
online.wsj.com,techcrunch.com,9.0,2.302585,False
news.google.com,techcrunch.com,5.0,1.791759,False
google.com,techcrunch.com,17.0,2.890372,False
apple.com,techcrunch.com,8.0,2.197225,False
finance.yahoo.com,techcrunch.com,6.0,1.94591,False
digg.com,techcrunch.com,4.0,1.609438,False
news.com.au,techcrunch.com,2.0,1.098612,False
myspace.com,techcrunch.com,10.0,2.397895,False
microsoft.com,techcrunch.com,7.0,2.079442,False
en.wikipedia.org,techcrunch.com,19.0,2.995732,False
cnn.com,techcrunch.com,2.0,1.098612,False
money.cnn.com,techcrunch.com,3.0,1.386294,False
facebook.com,techcrunch.com,11.0,2.484907,False
engadget.com,techcrunch.com,2.0,1.098612,False
plime.com,technologyexpert.blogspot.com,2.0,1.098612,False
sepiamutiny.com,technologyexpert.blogspot.com,2.0,1.098612,False
news.cnet.com,technologyexpert.blogspot.com,72.0,4.290459,False
cdc.gov,technologyexpert.blogspot.com,100.0,4.615121,False
online.wsj.com,technologyexpert.blogspot.com,51.0,3.951244,False
imdb.com,technologyexpert.blogspot.com,62.0,4.143135,False
google.com,technologyexpert.blogspot.com,114.0,4.744932,False
news.yahoo.com,technologyexpert.blogspot.com,29.0,3.401197,False
pcworld.com,technologyexpert.blogspot.com,21.0,3.091042,False
1.bp.blogspot.com,technologyexpert.blogspot.com,32.0,3.496508,False
breitbart.com,technologyexpert.blogspot.com,3.0,1.386294,False
huffingtonpost.com,technologyexpert.blogspot.com,2.0,1.098612,False
en.wikipedia.org,technologyexpert.blogspot.com,255.0,5.545177,False
facebook.com,technologyexpert.blogspot.com,26.0,3.295837,False
seattletimes.nwsource.com,technologyexpert.blogspot.com,5.0,1.791759,False
reuters.com,technologyexpert.blogspot.com,83.0,4.430817,False
guardian.co.uk,technologyexpert.blogspot.com,3.0,1.386294,False
iht.com,technologyexpert.blogspot.com,13.0,2.639057,False
newsday.com,technologyexpert.blogspot.com,2.0,1.098612,False
flickr.com,technologyexpert.blogspot.com,15.0,2.772589,False
arstechnica.com,technologyexpert.blogspot.com,21.0,3.091042,False
nydailynews.com,technologyexpert.blogspot.com,3.0,1.386294,False
techcrunch.com,technologyexpert.blogspot.com,19.0,2.995732,False
marketwatch.com,technologyexpert.blogspot.com,16.0,2.833213,False
4.bp.blogspot.com,technologyexpert.blogspot.com,7.0,2.079442,False
news.google.com,technologyexpert.blogspot.com,5.0,1.791759,False
bloomberg.com,technologyexpert.blogspot.com,14.0,2.70805,False
informationweek.com,technologyexpert.blogspot.com,10.0,2.397895,False
pbs.org,technologyexpert.blogspot.com,3.0,1.386294,False
3.bp.blogspot.com,technologyexpert.blogspot.com,17.0,2.890372,False
2.bp.blogspot.com,technologyexpert.blogspot.com,25.0,3.258097,False
money.cnn.com,technologyexpert.blogspot.com,11.0,2.484907,False
myspace.com,technologyexpert.blogspot.com,6.0,1.94591,False
engadget.com,technologyexpert.blogspot.com,20.0,3.044522,False
msnbc.msn.com,technologyexpert.blogspot.com,35.0,3.583519,False
amazon.com,technologyexpert.blogspot.com,85.0,4.454347,False
cnn.com,technologyexpert.blogspot.com,11.0,2.484907,False
apple.com,technologyexpert.blogspot.com,124.0,4.828314,False
blogs.wsj.com,technologyexpert.blogspot.com,6.0,1.94591,False
startribune.com,technologyexpert.blogspot.com,2.0,1.098612,False
blogs.zdnet.com,technologyexpert.blogspot.com,14.0,2.70805,False
seekingalpha.com,technologyexpert.blogspot.com,6.0,1.94591,False
nypost.com,technologyexpert.blogspot.com,5.0,1.791759,False
newsweek.com,technologyexpert.blogspot.com,5.0,1.791759,False
finance.yahoo.com,technologyexpert.blogspot.com,7.0,2.079442,False
foxnews.com,technologyexpert.blogspot.com,6.0,1.94591,False
blog.wired.com,technologyexpert.blogspot.com,13.0,2.639057,False
businessweek.com,technologyexpert.blogspot.com,9.0,2.302585,False
boston.com,technologyexpert.blogspot.com,3.0,1.386294,False
kotaku.com,technologyexpert.blogspot.com,5.0,1.791759,False
news.bbc.co.uk,technologyexpert.blogspot.com,79.0,4.382027,False
cbsnews.com,technologyexpert.blogspot.com,54.0,4.007333,False
microsoft.com,technologyexpert.blogspot.com,116.0,4.762174,False
nytimes.com,technologyexpert.blogspot.com,47.0,3.871201,False
abcnews.go.com,technologyexpert.blogspot.com,20.0,3.044522,False
ft.com,technologyexpert.blogspot.com,6.0,1.94591,False
sfgate.com,technologyexpert.blogspot.com,23.0,3.178054,False
maps.google.com,technologyexpert.blogspot.com,121.0,4.804021,False
i.gizmodo.com,technologyexpert.blogspot.com,4.0,1.609438,False
npr.org,technologyexpert.blogspot.com,5.0,1.791759,False
forbes.com,technologyexpert.blogspot.com,7.0,2.079442,False
dailymail.co.uk,technologyexpert.blogspot.com,4.0,1.609438,False
news.com.au,technologyexpert.blogspot.com,2.0,1.098612,False
gizmodo.com,technologyexpert.blogspot.com,18.0,2.944439,False
cbc.ca,technologyexpert.blogspot.com,4.0,1.609438,False
photos1.blogger.com,technologyexpert.blogspot.com,41.0,3.73767,False
digg.com,technologyexpert.blogspot.com,3.0,1.386294,False
latimesblogs.latimes.com,technologyexpert.blogspot.com,3.0,1.386294,False
blogger.com,technologyexpert.blogspot.com,7267.0,8.891236,False
latimes.com,technologyexpert.blogspot.com,4.0,1.609438,False
blog.openitstrategies.com,technorati.com,732.0,6.597146,False
gawker.com,technorati.com,2.0,1.098612,False
classicalvalues.com,technorati.com,2.0,1.098612,False
reason.com,technorati.com,3.0,1.386294,False
sepiamutiny.com,technorati.com,2.0,1.098612,False
nandigramunited.blogspot.com,technorati.com,13.0,2.639057,False
mahalo.com,technorati.com,427.0,6.059123,False
superpunch.blogspot.com,technorati.com,2.0,1.098612,False
newportcity.blogspot.com,technorati.com,7750.0,8.955577,False
psycmeistr.blogspot.com,technorati.com,45.0,3.828641,False
ourlatinamerica.blogspot.com,technorati.com,231.0,5.446737,False
otherclub.blogspot.com,technorati.com,2.0,1.098612,False
althouse.blogspot.com,technorati.com,5.0,1.791759,False
feedproxy.google.com,technorati.com,123.0,4.820282,False
conservapedia.com,technorati.com,8.0,2.197225,False
online.wsj.com,technorati.com,11.0,2.484907,False
rss.feedsportal.com,technorati.com,147.0,4.997212,False
capitalfax.blogspot.com,technorati.com,139.0,4.941642,False
lefarkins.blogspot.com,technorati.com,14.0,2.70805,False
dumpbachmann.blogspot.com,technorati.com,4.0,1.609438,False
technologyexpert.blogspot.com,technorati.com,476.0,6.167516,False
icestationtango.blogspot.com,technorati.com,1250.0,7.131699,False
reason.com,telegraph.co.uk,12.0,2.564949,False
mahalo.com,telegraph.co.uk,175.0,5.170484,False
cajunboyinthecity.blogspot.com,telegraph.co.uk,51.0,3.951244,False
ibloga.blogspot.com,telegraph.co.uk,45.0,3.828641,False
superpunch.blogspot.com,telegraph.co.uk,69.0,4.248495,False
salon.com,telegraph.co.uk,19.0,2.995732,False
digitalspy.co.uk,telegraph.co.uk,234.0,5.459586,False
althouse.blogspot.com,telegraph.co.uk,6.0,1.94591,False
ourlatinamerica.blogspot.com,telegraph.co.uk,826.0,6.717805,False
nomoremister.blogspot.com,telegraph.co.uk,6.0,1.94591,False
eonline.com,telegraph.co.uk,14.0,2.70805,False
gawker.com,telegraph.co.uk,11.0,2.484907,False
sfgate.com,telegraph.co.uk,2.0,1.098612,False
lefarkins.blogspot.com,telegraph.co.uk,15.0,2.772589,False
i.gizmodo.com,telegraph.co.uk,11.0,2.484907,False
sepiamutiny.com,telegraph.co.uk,18.0,2.944439,False
alternet.org,telegraph.co.uk,2.0,1.098612,False
ionarts.blogspot.com,telegraph.co.uk,61.0,4.127134,False
deadspin.com,telegraph.co.uk,3.0,1.386294,False
jezebel.com,telegraph.co.uk,81.0,4.406719,False
holycoast.blogspot.com,telegraph.co.uk,51.0,3.951244,False
blog.wired.com,telegraph.co.uk,11.0,2.484907,False
feedproxy.google.com,telegraph.co.uk,2.0,1.098612,False
news.bbc.co.uk,telegraph.co.uk,7.0,2.079442,False
boston.com,telegraph.co.uk,9.0,2.302585,False
sportsnipe.com,telegraph.co.uk,156.0,5.056246,False
fivethirtyeight.com,telegraph.co.uk,2.0,1.098612,False
gatesofvienna.blogspot.com,telegraph.co.uk,80.0,4.394449,False
plime.com,telegraph.co.uk,144.0,4.976734,False
philly.com,telegraph.co.uk,3.0,1.386294,False
forum.dvdtalk.com,telegraph.co.uk,11.0,2.484907,False
chacha.com,telegraph.co.uk,11.0,2.484907,False
conservapedia.com,telegraph.co.uk,107.0,4.682131,False
babbazeesbrain.blogspot.com,telegraph.co.uk,147.0,4.997212,False
circleof13.blogspot.com,telegraph.co.uk,34.0,3.555348,False
newsbusters.org,telegraph.co.uk,9.0,2.302585,False
feeds.gawker.com,telegraph.co.uk,16.0,2.833213,False
d-day.blogspot.com,telegraph.co.uk,14.0,2.70805,False
kotaku.com,telegraph.co.uk,11.0,2.484907,False
blogs.wsj.com,telegraph.co.uk,5.0,1.791759,False
classicalvalues.com,telegraph.co.uk,22.0,3.135494,False
joshingpolitics.blogspot.com,telegraph.co.uk,8.0,2.197225,False
latimes.com,telegraph.co.uk,2.0,1.098612,False
nandigramunited.blogspot.com,telegraph.co.uk,81.0,4.406719,False
evolvehappy.com,telegraph.co.uk,19.0,2.995732,False
concurringopinions.com,telegraph.co.uk,7.0,2.079442,False
feeds.gothamistllc.com,telegraph.co.uk,53.0,3.988984,False
seekingalpha.com,telegraph.co.uk,17.0,2.890372,False
newsweek.com,telegraph.co.uk,2.0,1.098612,False
blog.badtux.net,telegraph.co.uk,16.0,2.833213,False
hotair.com,telegraph.co.uk,10.0,2.397895,False
arstechnica.com,telegraph.co.uk,2.0,1.098612,False
guardian.co.uk,telegraph.co.uk,72.0,4.290459,False
edition.cnn.com,telegraph.co.uk,3.0,1.386294,False
alterdestiny.blogspot.com,telegraph.co.uk,5.0,1.791759,False
cbc.ca,telegraph.co.uk,2.0,1.098612,False
rss.feedsportal.com,telegraph.co.uk,63.0,4.158883,False
economist.com,telegraph.co.uk,3.0,1.386294,False
cinie.wordpress.com,telegraph.co.uk,20.0,3.044522,False
newportcity.blogspot.com,telegraph.co.uk,402.0,5.998937,False
slate.com,telegraph.co.uk,2.0,1.098612,False
djtechnocrat.blogspot.com,telegraph.co.uk,35.0,3.583519,False
jihadwatch.org,telegraph.co.uk,429.0,6.063785,False
freerepublic.com,telegraph.co.uk,9.0,2.302585,False
cujo359.blogspot.com,telegraph.co.uk,3.0,1.386294,False
news.com.au,telegraph.co.uk,11.0,2.484907,False
downwithtyranny.blogspot.com,telegraph.co.uk,11.0,2.484907,False
danceswithanxiety.blogspot.com,telegraph.co.uk,22.0,3.135494,False
ronmwangaguhunga.blogspot.com,telegraph.co.uk,23.0,3.178054,False
huffingtonpost.com,telegraph.co.uk,13.0,2.639057,False
cnn.com,telegraph.co.uk,8.0,2.197225,False
angrybear.blogspot.com,telegraph.co.uk,6.0,1.94591,False
technologyexpert.blogspot.com,telegraph.co.uk,17.0,2.890372,False
commondreams.org,telegraph.co.uk,5.0,1.791759,False
prospect.org,telegraph.co.uk,3.0,1.386294,False
psycmeistr.blogspot.com,telegraph.co.uk,21.0,3.091042,False
newyorker.com,telegraph.co.uk,2.0,1.098612,False
rebellenation.blogspot.com,telegraph.co.uk,14.0,2.70805,False
megite.com,telegraph.co.uk,67.0,4.219508,False
icestationtango.blogspot.com,telegraph.co.uk,15.0,2.772589,False
corner.nationalreview.com,telegraph.co.uk,3.0,1.386294,False
news.cnet.com,telegraph.co.uk,9.0,2.302585,False
atlasshrugs2000.typepad.com,telegraph.co.uk,18.0,2.944439,False
blogs.zdnet.com,telegraph.co.uk,2.0,1.098612,False
pajamasmedia.com,telegraph.co.uk,4.0,1.609438,False
bbc.co.uk,telegraph.co.uk,19.0,2.995732,False
leftword.blogdig.net,telegraph.co.uk,10.0,2.397895,False
scienceblogs.com,telegraph.co.uk,8.0,2.197225,False
newscientist.com,telegraph.co.uk,10.0,2.397895,False
greenwichroundup.blogspot.com,telegraph.co.uk,7.0,2.079442,False
forbes.com,telegraph.co.uk,3.0,1.386294,False
crooksandliars.com,telegraph.co.uk,2.0,1.098612,False
blog.openitstrategies.com,telegraph.co.uk,5.0,1.791759,False
dailykos.com,telegraph.co.uk,4.0,1.609438,False
kennysideshow.blogspot.com,telegraph.co.uk,44.0,3.806662,False
informationweek.com,telegraph.co.uk,12.0,2.564949,False
otherclub.blogspot.com,telegraph.co.uk,86.0,4.465908,False
capitalfax.blogspot.com,telegraph.co.uk,2.0,1.098612,False
nymag.com,telegraph.co.uk,5.0,1.791759,False
news.google.com,telegraph.co.uk,4.0,1.609438,False
amazon.com,telegraph.co.uk,2.0,1.098612,False
en.wikipedia.org,telegraph.co.uk,5.0,1.791759,False
independent.co.uk,theautomaticearth.blogspot.com,238.0,5.476464,False
alternet.org,theautomaticearth.blogspot.com,20.0,3.044522,False
nydailynews.com,theautomaticearth.blogspot.com,3.0,1.386294,False
cbc.ca,theautomaticearth.blogspot.com,8.0,2.197225,False
foxnews.com,theautomaticearth.blogspot.com,9.0,2.302585,False
news.google.com,theautomaticearth.blogspot.com,4.0,1.609438,False
news.bbc.co.uk,theautomaticearth.blogspot.com,91.0,4.521789,False
newsweek.com,theautomaticearth.blogspot.com,40.0,3.713572,False
cnn.com,theautomaticearth.blogspot.com,25.0,3.258097,False
reuters.com,theautomaticearth.blogspot.com,544.0,6.300786,False
iht.com,theautomaticearth.blogspot.com,103.0,4.644391,False
edition.cnn.com,theautomaticearth.blogspot.com,4.0,1.609438,False
startribune.com,theautomaticearth.blogspot.com,4.0,1.609438,False
dailykos.com,theautomaticearth.blogspot.com,13.0,2.639057,False
google.com,theautomaticearth.blogspot.com,61.0,4.127134,False
commondreams.org,theautomaticearth.blogspot.com,5.0,1.791759,False
boston.com,theautomaticearth.blogspot.com,13.0,2.639057,False
nypost.com,theautomaticearth.blogspot.com,21.0,3.091042,False
politico.com,theautomaticearth.blogspot.com,10.0,2.397895,False
latimes.com,theautomaticearth.blogspot.com,89.0,4.49981,False
slate.com,theautomaticearth.blogspot.com,30.0,3.433987,False
bloomberg.com,theautomaticearth.blogspot.com,2701.0,7.901748,False
blogger.com,theautomaticearth.blogspot.com,1773.0,7.480992,False
guardian.co.uk,theautomaticearth.blogspot.com,453.0,6.118097,False
businessweek.com,theautomaticearth.blogspot.com,284.0,5.652489,False
prospect.org,theautomaticearth.blogspot.com,11.0,2.484907,False
suntimes.com,theautomaticearth.blogspot.com,2.0,1.098612,False
nymag.com,theautomaticearth.blogspot.com,7.0,2.079442,False
mediamatters.org,theautomaticearth.blogspot.com,2.0,1.098612,False
4.bp.blogspot.com,theautomaticearth.blogspot.com,350.0,5.860786,False
abcnews.go.com,theautomaticearth.blogspot.com,20.0,3.044522,False
newscientist.com,theautomaticearth.blogspot.com,4.0,1.609438,False
chron.com,theautomaticearth.blogspot.com,21.0,3.091042,False
seattletimes.nwsource.com,theautomaticearth.blogspot.com,8.0,2.197225,False
economist.com,theautomaticearth.blogspot.com,76.0,4.343805,False
pbs.org,theautomaticearth.blogspot.com,8.0,2.197225,False
seekingalpha.com,theautomaticearth.blogspot.com,114.0,4.744932,False
amazon.com,theautomaticearth.blogspot.com,4.0,1.609438,False
cbsnews.com,theautomaticearth.blogspot.com,9.0,2.302585,False
newsday.com,theautomaticearth.blogspot.com,3.0,1.386294,False
telegraph.co.uk,theautomaticearth.blogspot.com,1037.0,6.945051,False
sfgate.com,theautomaticearth.blogspot.com,39.0,3.688879,False
ft.com,theautomaticearth.blogspot.com,813.0,6.70196,False
huffingtonpost.com,theautomaticearth.blogspot.com,43.0,3.78419,False
newyorker.com,theautomaticearth.blogspot.com,6.0,1.94591,False
dailymail.co.uk,theautomaticearth.blogspot.com,10.0,2.397895,False
finance.yahoo.com,theautomaticearth.blogspot.com,60.0,4.110874,False
blogs.abcnews.com,theautomaticearth.blogspot.com,4.0,1.609438,False
online.wsj.com,theautomaticearth.blogspot.com,1151.0,7.049255,False
1.bp.blogspot.com,theautomaticearth.blogspot.com,335.0,5.817111,False
breitbart.com,theautomaticearth.blogspot.com,7.0,2.079442,False
news.yahoo.com,theautomaticearth.blogspot.com,75.0,4.330733,False
npr.org,theautomaticearth.blogspot.com,6.0,1.94591,False
blogs.wsj.com,theautomaticearth.blogspot.com,85.0,4.454347,False
marketwatch.com,theautomaticearth.blogspot.com,300.0,5.70711,False
salon.com,theautomaticearth.blogspot.com,15.0,2.772589,False
latimesblogs.latimes.com,theautomaticearth.blogspot.com,13.0,2.639057,False
3.bp.blogspot.com,theautomaticearth.blogspot.com,392.0,5.97381,False
en.wikipedia.org,theautomaticearth.blogspot.com,27.0,3.332205,False
money.cnn.com,theautomaticearth.blogspot.com,297.0,5.697093,False
chicagotribune.com,theautomaticearth.blogspot.com,14.0,2.70805,False
forbes.com,theautomaticearth.blogspot.com,219.0,5.393628,False
news.com.au,theautomaticearth.blogspot.com,8.0,2.197225,False
nytimes.com,theautomaticearth.blogspot.com,680.0,6.523562,False
bbc.co.uk,theautomaticearth.blogspot.com,7.0,2.079442,False
2.bp.blogspot.com,theautomaticearth.blogspot.com,328.0,5.796058,False
msnbc.msn.com,theautomaticearth.blogspot.com,19.0,2.995732,False
philly.com,theautomaticearth.blogspot.com,3.0,1.386294,False
philly.com,thedisbrimstone-dailypitchfork.blogspot.com,6.0,1.94591,False
money.cnn.com,thedisbrimstone-dailypitchfork.blogspot.com,8.0,2.197225,False
cbsnews.com,thedisbrimstone-dailypitchfork.blogspot.com,50.0,3.931826,False
althouse.blogspot.com,thedisbrimstone-dailypitchfork.blogspot.com,2.0,1.098612,False
en.wikipedia.org,thedisbrimstone-dailypitchfork.blogspot.com,232.0,5.451038,False
sports.espn.go.com,thedisbrimstone-dailypitchfork.blogspot.com,2.0,1.098612,False
nymag.com,thedisbrimstone-dailypitchfork.blogspot.com,5.0,1.791759,False
news.bbc.co.uk,thedisbrimstone-dailypitchfork.blogspot.com,28.0,3.367296,False
eonline.com,thedisbrimstone-dailypitchfork.blogspot.com,4.0,1.609438,False
nytimes.com,thedisbrimstone-dailypitchfork.blogspot.com,80.0,4.394449,False
realclearpolitics.com,thedisbrimstone-dailypitchfork.blogspot.com,3.0,1.386294,False
conservapedia.com,thedisbrimstone-dailypitchfork.blogspot.com,2.0,1.098612,False
firstread.msnbc.msn.com,thedisbrimstone-dailypitchfork.blogspot.com,3.0,1.386294,False
nydailynews.com,thedisbrimstone-dailypitchfork.blogspot.com,9.0,2.302585,False
freerepublic.com,thedisbrimstone-dailypitchfork.blogspot.com,15.0,2.772589,False
huffingtonpost.com,thedisbrimstone-dailypitchfork.blogspot.com,39.0,3.688879,False
pbs.org,thedisbrimstone-dailypitchfork.blogspot.com,3.0,1.386294,False
newsbusters.org,thedisbrimstone-dailypitchfork.blogspot.com,4.0,1.609438,False
online.wsj.com,thedisbrimstone-dailypitchfork.blogspot.com,12.0,2.564949,False
reuters.com,thedisbrimstone-dailypitchfork.blogspot.com,14.0,2.70805,False
msnbc.msn.com,thedisbrimstone-dailypitchfork.blogspot.com,30.0,3.433987,False
marketwatch.com,thedisbrimstone-dailypitchfork.blogspot.com,2.0,1.098612,False
mediamatters.org,thedisbrimstone-dailypitchfork.blogspot.com,20.0,3.044522,False
corner.nationalreview.com,thedisbrimstone-dailypitchfork.blogspot.com,5.0,1.791759,False
arstechnica.com,thedisbrimstone-dailypitchfork.blogspot.com,3.0,1.386294,False
examiner.com,thedisbrimstone-dailypitchfork.blogspot.com,2.0,1.098612,False
nypost.com,thedisbrimstone-dailypitchfork.blogspot.com,14.0,2.70805,False
michellemalkin.com,thedisbrimstone-dailypitchfork.blogspot.com,12.0,2.564949,False
pajamasmedia.com,thedisbrimstone-dailypitchfork.blogspot.com,4.0,1.609438,False
cnn.com,thedisbrimstone-dailypitchfork.blogspot.com,126.0,4.844187,False
suntimes.com,thedisbrimstone-dailypitchfork.blogspot.com,7.0,2.079442,False
boston.com,thedisbrimstone-dailypitchfork.blogspot.com,7.0,2.079442,False
latimes.com,thedisbrimstone-dailypitchfork.blogspot.com,47.0,3.871201,False
dailykos.com,thedisbrimstone-dailypitchfork.blogspot.com,6.0,1.94591,False
politico.com,thedisbrimstone-dailypitchfork.blogspot.com,7.0,2.079442,False
forbes.com,thedisbrimstone-dailypitchfork.blogspot.com,8.0,2.197225,False
newsweek.com,thedisbrimstone-dailypitchfork.blogspot.com,3.0,1.386294,False
sfgate.com,thedisbrimstone-dailypitchfork.blogspot.com,13.0,2.639057,False
news.yahoo.com,thedisbrimstone-dailypitchfork.blogspot.com,9.0,2.302585,False
myspace.com,thedisbrimstone-dailypitchfork.blogspot.com,3.0,1.386294,False
newsday.com,thedisbrimstone-dailypitchfork.blogspot.com,5.0,1.791759,False
businessweek.com,thedisbrimstone-dailypitchfork.blogspot.com,2.0,1.098612,False
seattletimes.nwsource.com,thedisbrimstone-dailypitchfork.blogspot.com,11.0,2.484907,False
newyorker.com,thedisbrimstone-dailypitchfork.blogspot.com,7.0,2.079442,False
news.google.com,thedisbrimstone-dailypitchfork.blogspot.com,6.0,1.94591,False
foxnews.com,thedisbrimstone-dailypitchfork.blogspot.com,33.0,3.526361,False
abcnews.go.com,thedisbrimstone-dailypitchfork.blogspot.com,23.0,3.178054,False
commondreams.org,thedisbrimstone-dailypitchfork.blogspot.com,5.0,1.791759,False
facebook.com,thedisbrimstone-dailypitchfork.blogspot.com,2.0,1.098612,False
haaretz.com,thedisbrimstone-dailypitchfork.blogspot.com,2.0,1.098612,False
news.com.au,thedisbrimstone-dailypitchfork.blogspot.com,6.0,1.94591,False
latimesblogs.latimes.com,thedisbrimstone-dailypitchfork.blogspot.com,7.0,2.079442,False
amazon.com,thedisbrimstone-dailypitchfork.blogspot.com,10.0,2.397895,False
google.com,thedisbrimstone-dailypitchfork.blogspot.com,14.0,2.70805,False
blogs.wsj.com,thedisbrimstone-dailypitchfork.blogspot.com,2.0,1.098612,False
blogs.abcnews.com,thedisbrimstone-dailypitchfork.blogspot.com,2.0,1.098612,False
blogger.com,thedisbrimstone-dailypitchfork.blogspot.com,10.0,2.397895,False
chicagotribune.com,thedisbrimstone-dailypitchfork.blogspot.com,16.0,2.833213,False
chron.com,thedisbrimstone-dailypitchfork.blogspot.com,13.0,2.639057,False
edition.cnn.com,thedisbrimstone-dailypitchfork.blogspot.com,9.0,2.302585,False
cdc.gov,thedisbrimstone-dailypitchfork.blogspot.com,2.0,1.098612,False
npr.org,thedisbrimstone-dailypitchfork.blogspot.com,5.0,1.791759,False
imdb.com,thedisbrimstone-dailypitchfork.blogspot.com,17.0,2.890372,False
crooksandliars.com,thedisbrimstone-dailypitchfork.blogspot.com,5.0,1.791759,False
slate.com,thedisbrimstone-dailypitchfork.blogspot.com,8.0,2.197225,False
alternet.org,thedisbrimstone-dailypitchfork.blogspot.com,7.0,2.079442,False
salon.com,thedisbrimstone-dailypitchfork.blogspot.com,19.0,2.995732,False
dailymail.co.uk,thedisbrimstone-dailypitchfork.blogspot.com,5.0,1.791759,False
iht.com,thedisbrimstone-dailypitchfork.blogspot.com,6.0,1.94591,False
flickr.com,thedisbrimstone-dailypitchfork.blogspot.com,4.0,1.609438,False
guardian.co.uk,thedisbrimstone-dailypitchfork.blogspot.com,10.0,2.397895,False
telegraph.co.uk,thedisbrimstone-dailypitchfork.blogspot.com,12.0,2.564949,False
bloomberg.com,thedisbrimstone-dailypitchfork.blogspot.com,19.0,2.995732,False
sepiamutiny.com,theglobeandmail.com,19.0,2.995732,False
technologyexpert.blogspot.com,theglobeandmail.com,6.0,1.94591,False
newsbusters.org,theglobeandmail.com,2.0,1.098612,False
rebellenation.blogspot.com,theglobeandmail.com,2.0,1.098612,False
mahalo.com,theglobeandmail.com,23.0,3.178054,False
cajunboyinthecity.blogspot.com,theglobeandmail.com,2.0,1.098612,False
amazon.com,theglobeandmail.com,319.0,5.768321,False
circleof13.blogspot.com,theglobeandmail.com,5.0,1.791759,False
commondreams.org,theglobeandmail.com,2.0,1.098612,False
i.gizmodo.com,theglobeandmail.com,2.0,1.098612,False
guardian.co.uk,theglobeandmail.com,4.0,1.609438,False
icestationtango.blogspot.com,theglobeandmail.com,2.0,1.098612,False
gatesofvienna.blogspot.com,theglobeandmail.com,2.0,1.098612,False
ronmwangaguhunga.blogspot.com,theglobeandmail.com,3.0,1.386294,False
d-day.blogspot.com,theglobeandmail.com,5.0,1.791759,False
babbazeesbrain.blogspot.com,theglobeandmail.com,12.0,2.564949,False
concurringopinions.com,theglobeandmail.com,6.0,1.94591,False
blog.badtux.net,theglobeandmail.com,4.0,1.609438,False
lefarkins.blogspot.com,theglobeandmail.com,22.0,3.135494,False
rss.feedsportal.com,theglobeandmail.com,4.0,1.609438,False
businessweek.com,theglobeandmail.com,2.0,1.098612,False
jezebel.com,theglobeandmail.com,4.0,1.609438,False
digitalspy.co.uk,theglobeandmail.com,8.0,2.197225,False
buckmire.blogspot.com,theglobeandmail.com,4.0,1.609438,False
blogs.zdnet.com,theglobeandmail.com,2.0,1.098612,False
leftword.blogdig.net,theglobeandmail.com,2.0,1.098612,False
danceswithanxiety.blogspot.com,theglobeandmail.com,4.0,1.609438,False
blog.openitstrategies.com,theglobeandmail.com,4.0,1.609438,False
ourlatinamerica.blogspot.com,theglobeandmail.com,5.0,1.791759,False
sportsnipe.com,theglobeandmail.com,54.0,4.007333,False
huffingtonpost.com,theglobeandmail.com,3.0,1.386294,False
otherclub.blogspot.com,theglobeandmail.com,15.0,2.772589,False
evolvehappy.com,theglobeandmail.com,5.0,1.791759,False
psycmeistr.blogspot.com,theglobeandmail.com,7.0,2.079442,False
feeds.gothamistllc.com,theglobeandmail.com,36.0,3.610918,False
jihadwatch.org,theglobeandmail.com,53.0,3.988984,False
theautomaticearth.blogspot.com,theglobeandmail.com,57.0,4.060443,False
greenwichroundup.blogspot.com,theglobeandmail.com,4.0,1.609438,False
scienceblogs.com,theglobeandmail.com,2.0,1.098612,False
djtechnocrat.blogspot.com,theglobeandmail.com,3.0,1.386294,False
deadspin.com,theglobeandmail.com,2.0,1.098612,False
blog.wired.com,theglobeandmail.com,12.0,2.564949,False
thedisbrimstone-dailypitchfork.blogspot.com,theglobeandmail.com,7.0,2.079442,False
feedproxy.google.com,theglobeandmail.com,2.0,1.098612,False
ionarts.blogspot.com,theglobeandmail.com,6.0,1.94591,False
seekingalpha.com,theglobeandmail.com,2.0,1.098612,False
online.wsj.com,theglobeandmail.com,2.0,1.098612,False
facebook.com,theglobeandmail.com,3.0,1.386294,False
techcrunch.com,theglobeandmail.com,2.0,1.098612,False
cbc.ca,theglobeandmail.com,6.0,1.94591,False
news.bbc.co.uk,theglobeandmail.com,3.0,1.386294,False
en.wikipedia.org,theglobeandmail.com,24.0,3.218876,False
nytimes.com,theglobeandmail.com,4.0,1.609438,False
nydailynews.com,theglobeandmail.com,2.0,1.098612,False
economist.com,theglobeandmail.com,4.0,1.609438,False
joshingpolitics.blogspot.com,thenation.com,141.0,4.955827,False
huffingtonpost.com,thenation.com,13.0,2.639057,False
circleof13.blogspot.com,thenation.com,20.0,3.044522,False
blog.badtux.net,thenation.com,3.0,1.386294,False
danceswithanxiety.blogspot.com,thenation.com,4.0,1.609438,False
seekingalpha.com,thenation.com,2.0,1.098612,False
salon.com,thenation.com,12.0,2.564949,False
nandigramunited.blogspot.com,thenation.com,9.0,2.302585,False
commondreams.org,thenation.com,25.0,3.258097,False
kennysideshow.blogspot.com,thenation.com,15.0,2.772589,False
leftword.blogdig.net,thenation.com,10.0,2.397895,False
theautomaticearth.blogspot.com,thenation.com,4.0,1.609438,False
babbazeesbrain.blogspot.com,thenation.com,9.0,2.302585,False
dumpbachmann.blogspot.com,thenation.com,4.0,1.609438,False
scienceblogs.com,thenation.com,3.0,1.386294,False
reason.com,thenation.com,3.0,1.386294,False
angrybear.blogspot.com,thenation.com,6.0,1.94591,False
evolvehappy.com,thenation.com,3.0,1.386294,False
cajunboyinthecity.blogspot.com,thenation.com,5.0,1.791759,False
ionarts.blogspot.com,thenation.com,3.0,1.386294,False
dailykos.com,thenation.com,4.0,1.609438,False
concurringopinions.com,thenation.com,24.0,3.218876,False
corner.nationalreview.com,thenation.com,2.0,1.098612,False
classicalvalues.com,thenation.com,4.0,1.609438,False
cujo359.blogspot.com,thenation.com,6.0,1.94591,False
althouse.blogspot.com,thenation.com,2.0,1.098612,False
cinie.wordpress.com,thenation.com,68.0,4.234107,False
lefarkins.blogspot.com,thenation.com,118.0,4.779123,False
slate.com,thenation.com,12.0,2.564949,False
thedisbrimstone-dailypitchfork.blogspot.com,thenation.com,12.0,2.564949,False
buckmire.blogspot.com,thenation.com,7.0,2.079442,False
ronmwangaguhunga.blogspot.com,thenation.com,12.0,2.564949,False
alternet.org,thenation.com,2.0,1.098612,False
jihadwatch.org,thenation.com,4.0,1.609438,False
icestationtango.blogspot.com,thenation.com,15.0,2.772589,False
fivethirtyeight.com,thenation.com,2.0,1.098612,False
guardian.co.uk,thenation.com,10.0,2.397895,False
nomoremister.blogspot.com,thenation.com,20.0,3.044522,False
d-day.blogspot.com,thenation.com,53.0,3.988984,False
mahalo.com,thenation.com,14.0,2.70805,False
alterdestiny.blogspot.com,thenation.com,30.0,3.433987,False
downwithtyranny.blogspot.com,thenation.com,43.0,3.78419,False
holycoast.blogspot.com,thenation.com,3.0,1.386294,False
jezebel.com,thenation.com,12.0,2.564949,False
rebellenation.blogspot.com,thenation.com,20.0,3.044522,False
superpunch.blogspot.com,thenation.com,3.0,1.386294,False
capitalfax.blogspot.com,thenation.com,6.0,1.94591,False
blogs.abcnews.com,thenation.com,7.0,2.079442,False
prospect.org,thenation.com,9.0,2.302585,False
news.bbc.co.uk,thenation.com,11.0,2.484907,False
forbes.com,thenation.com,2.0,1.098612,False
en.wikipedia.org,thenation.com,15.0,2.772589,False
haaretz.com,thenation.com,2.0,1.098612,False
cdc.gov,thenation.com,2.0,1.098612,False
cnn.com,thenation.com,6.0,1.94591,False
cbsnews.com,thenation.com,2.0,1.098612,False
myspace.com,thenation.com,2.0,1.098612,False
ft.com,thenation.com,4.0,1.609438,False
npr.org,thenation.com,11.0,2.484907,False
facebook.com,thenation.com,3.0,1.386294,False
pbs.org,thenation.com,2.0,1.098612,False
latimes.com,thenation.com,2.0,1.098612,False
amazon.com,thenation.com,17.0,2.890372,False
nytimes.com,thenation.com,52.0,3.970292,False
pajamasmedia.com,thenation.com,2.0,1.098612,False
online.wsj.com,thenation.com,4.0,1.609438,False
abcnews.go.com,thenation.com,2.0,1.098612,False
money.cnn.com,thenation.com,2.0,1.098612,False
politico.com,thenation.com,13.0,2.639057,False
mediamatters.org,thenation.com,9.0,2.302585,False
google.com,thenation.com,4.0,1.609438,False
edition.cnn.com,thenation.com,2.0,1.098612,False
deadspin.com,thenation.com,3.0,1.386294,False
nymag.com,thenation.com,3.0,1.386294,False
news.yahoo.com,thenation.com,8.0,2.197225,False
telegraph.co.uk,thenation.com,2.0,1.098612,False
bloomberg.com,thenation.com,4.0,1.609438,False
latimesblogs.latimes.com,thenation.com,4.0,1.609438,False
foxnews.com,thenation.com,5.0,1.791759,False
businessweek.com,thenation.com,2.0,1.098612,False
forum.dvdtalk.com,theplaylist.blogspot.com,12.0,2.564949,False
blog.wired.com,theplaylist.blogspot.com,11.0,2.484907,False
news.yahoo.com,theplaylist.blogspot.com,185.0,5.225747,False
apple.com,theplaylist.blogspot.com,54.0,4.007333,False
bloomberg.com,theplaylist.blogspot.com,2.0,1.098612,False
foxnews.com,theplaylist.blogspot.com,27.0,3.332205,False
bbc.co.uk,theplaylist.blogspot.com,10.0,2.397895,False
cnn.com,theplaylist.blogspot.com,15.0,2.772589,False
salon.com,theplaylist.blogspot.com,18.0,2.944439,False
gawker.com,theplaylist.blogspot.com,15.0,2.772589,False
amazon.com,theplaylist.blogspot.com,2138.0,7.668094,False
imdb.com,theplaylist.blogspot.com,2299.0,7.740664,False
nydailynews.com,theplaylist.blogspot.com,16.0,2.833213,False
msnbc.msn.com,theplaylist.blogspot.com,13.0,2.639057,False
huffingtonpost.com,theplaylist.blogspot.com,22.0,3.135494,False
sfgate.com,theplaylist.blogspot.com,7.0,2.079442,False
nypost.com,theplaylist.blogspot.com,177.0,5.181784,False
1.bp.blogspot.com,theplaylist.blogspot.com,11.0,2.484907,False
3.bp.blogspot.com,theplaylist.blogspot.com,8.0,2.197225,False
boston.com,theplaylist.blogspot.com,7.0,2.079442,False
myspace.com,theplaylist.blogspot.com,209.0,5.347108,False
examiner.com,theplaylist.blogspot.com,2.0,1.098612,False
seattletimes.nwsource.com,theplaylist.blogspot.com,2.0,1.098612,False
nytimes.com,theplaylist.blogspot.com,379.0,5.940171,False
ft.com,theplaylist.blogspot.com,2.0,1.098612,False
money.cnn.com,theplaylist.blogspot.com,4.0,1.609438,False
newyorker.com,theplaylist.blogspot.com,8.0,2.197225,False
cbc.ca,theplaylist.blogspot.com,10.0,2.397895,False
latimes.com,theplaylist.blogspot.com,208.0,5.342334,False
chicagotribune.com,theplaylist.blogspot.com,3.0,1.386294,False
edition.cnn.com,theplaylist.blogspot.com,3.0,1.386294,False
nymag.com,theplaylist.blogspot.com,798.0,6.683361,False
theglobeandmail.com,theplaylist.blogspot.com,2.0,1.098612,False
marketwatch.com,theplaylist.blogspot.com,2.0,1.098612,False
guardian.co.uk,theplaylist.blogspot.com,419.0,6.040255,False
google.com,theplaylist.blogspot.com,156.0,5.056246,False
en.wikipedia.org,theplaylist.blogspot.com,1465.0,7.290293,False
flickr.com,theplaylist.blogspot.com,5.0,1.791759,False
dailymail.co.uk,theplaylist.blogspot.com,21.0,3.091042,False
digitalspy.co.uk,theplaylist.blogspot.com,383.0,5.950643,False
newsday.com,theplaylist.blogspot.com,2.0,1.098612,False
news.bbc.co.uk,theplaylist.blogspot.com,50.0,3.931826,False
slate.com,theplaylist.blogspot.com,18.0,2.944439,False
independent.co.uk,theplaylist.blogspot.com,8.0,2.197225,False
deadspin.com,theplaylist.blogspot.com,2.0,1.098612,False
online.wsj.com,theplaylist.blogspot.com,8.0,2.197225,False
2.bp.blogspot.com,theplaylist.blogspot.com,11.0,2.484907,False
jezebel.com,theplaylist.blogspot.com,132.0,4.890349,False
facebook.com,theplaylist.blogspot.com,23.0,3.178054,False
latimesblogs.latimes.com,theplaylist.blogspot.com,233.0,5.455321,False
newsweek.com,theplaylist.blogspot.com,4.0,1.609438,False
telegraph.co.uk,theplaylist.blogspot.com,21.0,3.091042,False
suntimes.com,theplaylist.blogspot.com,3.0,1.386294,False
feedproxy.google.com,theplaylist.blogspot.com,3.0,1.386294,False
breitbart.com,theplaylist.blogspot.com,2.0,1.098612,False
pbs.org,theplaylist.blogspot.com,6.0,1.94591,False
blogger.com,theplaylist.blogspot.com,25292.0,10.138283,False
npr.org,theplaylist.blogspot.com,5.0,1.791759,False
news.com.au,theplaylist.blogspot.com,10.0,2.397895,False
iht.com,theplaylist.blogspot.com,7.0,2.079442,False
eonline.com,theplaylist.blogspot.com,148.0,5.003946,False
news.google.com,theplaylist.blogspot.com,139.0,4.941642,False
reuters.com,theplaylist.blogspot.com,305.0,5.723585,False
abcnews.go.com,theplaylist.blogspot.com,6.0,1.94591,False
4.bp.blogspot.com,theplaylist.blogspot.com,17.0,2.890372,False
cujo359.blogspot.com,thepoliticalcarnival.blogspot.com,2.0,1.098612,False
mediamatters.org,thepoliticalcarnival.blogspot.com,93.0,4.543295,False
2.bp.blogspot.com,thepoliticalcarnival.blogspot.com,414.0,6.028279,False
digg.com,thepoliticalcarnival.blogspot.com,9.0,2.302585,False
blogger.com,thepoliticalcarnival.blogspot.com,8263.0,9.019664,False
google.com,thepoliticalcarnival.blogspot.com,43.0,3.78419,False
salon.com,thepoliticalcarnival.blogspot.com,33.0,3.526361,False
online.wsj.com,thepoliticalcarnival.blogspot.com,43.0,3.78419,False
chron.com,thepoliticalcarnival.blogspot.com,9.0,2.302585,False
politico.com,thepoliticalcarnival.blogspot.com,288.0,5.666427,False
nydailynews.com,thepoliticalcarnival.blogspot.com,15.0,2.772589,False
sfgate.com,thepoliticalcarnival.blogspot.com,12.0,2.564949,False
commondreams.org,thepoliticalcarnival.blogspot.com,3.0,1.386294,False
msnbc.msn.com,thepoliticalcarnival.blogspot.com,499.0,6.214608,False
corner.nationalreview.com,thepoliticalcarnival.blogspot.com,8.0,2.197225,False
blogs.wsj.com,thepoliticalcarnival.blogspot.com,13.0,2.639057,False
newyorker.com,thepoliticalcarnival.blogspot.com,4.0,1.609438,False
examiner.com,thepoliticalcarnival.blogspot.com,108.0,4.691348,False
iht.com,thepoliticalcarnival.blogspot.com,10.0,2.397895,False
newsbusters.org,thepoliticalcarnival.blogspot.com,5.0,1.791759,False
cnn.com,thepoliticalcarnival.blogspot.com,145.0,4.983607,False
abcnews.go.com,thepoliticalcarnival.blogspot.com,114.0,4.744932,False
nypost.com,thepoliticalcarnival.blogspot.com,13.0,2.639057,False
nymag.com,thepoliticalcarnival.blogspot.com,11.0,2.484907,False
suntimes.com,thepoliticalcarnival.blogspot.com,52.0,3.970292,False
fivethirtyeight.com,thepoliticalcarnival.blogspot.com,11.0,2.484907,False
ft.com,thepoliticalcarnival.blogspot.com,12.0,2.564949,False
imdb.com,thepoliticalcarnival.blogspot.com,39.0,3.688879,False
boston.com,thepoliticalcarnival.blogspot.com,51.0,3.951244,False
michellemalkin.com,thepoliticalcarnival.blogspot.com,6.0,1.94591,False
1.bp.blogspot.com,thepoliticalcarnival.blogspot.com,431.0,6.068426,False
hotair.com,thepoliticalcarnival.blogspot.com,19.0,2.995732,False
news.bbc.co.uk,thepoliticalcarnival.blogspot.com,61.0,4.127134,False
maps.google.com,thepoliticalcarnival.blogspot.com,3.0,1.386294,False
latimesblogs.latimes.com,thepoliticalcarnival.blogspot.com,2.0,1.098612,False
seattletimes.nwsource.com,thepoliticalcarnival.blogspot.com,6.0,1.94591,False
huffingtonpost.com,thepoliticalcarnival.blogspot.com,193.0,5.267858,False
prospect.org,thepoliticalcarnival.blogspot.com,4.0,1.609438,False
d-day.blogspot.com,thepoliticalcarnival.blogspot.com,3.0,1.386294,False
haaretz.com,thepoliticalcarnival.blogspot.com,3.0,1.386294,False
facebook.com,thepoliticalcarnival.blogspot.com,5.0,1.791759,False
flickr.com,thepoliticalcarnival.blogspot.com,10.0,2.397895,False
nytimes.com,thepoliticalcarnival.blogspot.com,294.0,5.686975,False
npr.org,thepoliticalcarnival.blogspot.com,18.0,2.944439,False
amazon.com,thepoliticalcarnival.blogspot.com,37.0,3.637586,False
dailymail.co.uk,thepoliticalcarnival.blogspot.com,182.0,5.209486,False
blog.wired.com,thepoliticalcarnival.blogspot.com,2.0,1.098612,False
money.cnn.com,thepoliticalcarnival.blogspot.com,10.0,2.397895,False
theglobeandmail.com,thepoliticalcarnival.blogspot.com,5.0,1.791759,False
latimes.com,thepoliticalcarnival.blogspot.com,135.0,4.912655,False
dailykos.com,thepoliticalcarnival.blogspot.com,135.0,4.912655,False
guardian.co.uk,thepoliticalcarnival.blogspot.com,44.0,3.806662,False
edition.cnn.com,thepoliticalcarnival.blogspot.com,4.0,1.609438,False
4.bp.blogspot.com,thepoliticalcarnival.blogspot.com,400.0,5.993961,False
engadget.com,thepoliticalcarnival.blogspot.com,3.0,1.386294,False
crooksandliars.com,thepoliticalcarnival.blogspot.com,36.0,3.610918,False
gawker.com,thepoliticalcarnival.blogspot.com,18.0,2.944439,False
blogs.abcnews.com,thepoliticalcarnival.blogspot.com,55.0,4.025352,False
news.yahoo.com,thepoliticalcarnival.blogspot.com,143.0,4.969813,False
foxnews.com,thepoliticalcarnival.blogspot.com,93.0,4.543295,False
slate.com,thepoliticalcarnival.blogspot.com,8.0,2.197225,False
forbes.com,thepoliticalcarnival.blogspot.com,12.0,2.564949,False
cbsnews.com,thepoliticalcarnival.blogspot.com,105.0,4.663439,False
alternet.org,thepoliticalcarnival.blogspot.com,14.0,2.70805,False
startribune.com,thepoliticalcarnival.blogspot.com,35.0,3.583519,False
reuters.com,thepoliticalcarnival.blogspot.com,36.0,3.610918,False
en.wikipedia.org,thepoliticalcarnival.blogspot.com,336.0,5.820083,False
bloomberg.com,thepoliticalcarnival.blogspot.com,32.0,3.496508,False
news.cnet.com,thepoliticalcarnival.blogspot.com,3.0,1.386294,False
newsweek.com,thepoliticalcarnival.blogspot.com,11.0,2.484907,False
telegraph.co.uk,thepoliticalcarnival.blogspot.com,12.0,2.564949,False
news.com.au,thepoliticalcarnival.blogspot.com,6.0,1.94591,False
3.bp.blogspot.com,thepoliticalcarnival.blogspot.com,458.0,6.12905,False
finance.yahoo.com,thepoliticalcarnival.blogspot.com,3.0,1.386294,False
thenation.com,thepoliticalcarnival.blogspot.com,4.0,1.609438,False
firstread.msnbc.msn.com,thepoliticalcarnival.blogspot.com,103.0,4.644391,False
chicagotribune.com,thepoliticalcarnival.blogspot.com,20.0,3.044522,False
dumpbachmann.blogspot.com,thepoliticalcarnival.blogspot.com,6.0,1.94591,False
kennysideshow.blogspot.com,theragblog.blogspot.com,2.0,1.098612,False
salon.com,theragblog.blogspot.com,82.0,4.418841,False
economist.com,theragblog.blogspot.com,2.0,1.098612,False
examiner.com,theragblog.blogspot.com,7.0,2.079442,False
crooksandliars.com,theragblog.blogspot.com,5.0,1.791759,False
slate.com,theragblog.blogspot.com,18.0,2.944439,False
guardian.co.uk,theragblog.blogspot.com,62.0,4.143135,False
latimesblogs.latimes.com,theragblog.blogspot.com,5.0,1.791759,False
cbc.ca,theragblog.blogspot.com,4.0,1.609438,False
chron.com,theragblog.blogspot.com,51.0,3.951244,False
seekingalpha.com,theragblog.blogspot.com,2.0,1.098612,False
news.yahoo.com,theragblog.blogspot.com,46.0,3.850148,False
3.bp.blogspot.com,theragblog.blogspot.com,619.0,6.429719,False
msnbc.msn.com,theragblog.blogspot.com,22.0,3.135494,False
iht.com,theragblog.blogspot.com,27.0,3.332205,False
dailykos.com,theragblog.blogspot.com,25.0,3.258097,False
nymag.com,theragblog.blogspot.com,3.0,1.386294,False
alternet.org,theragblog.blogspot.com,116.0,4.762174,False
bbc.co.uk,theragblog.blogspot.com,4.0,1.609438,False
businessweek.com,theragblog.blogspot.com,3.0,1.386294,False
newyorker.com,theragblog.blogspot.com,21.0,3.091042,False
pbs.org,theragblog.blogspot.com,9.0,2.302585,False
blog.wired.com,theragblog.blogspot.com,13.0,2.639057,False
2.bp.blogspot.com,theragblog.blogspot.com,691.0,6.539586,False
blogs.zdnet.com,theragblog.blogspot.com,4.0,1.609438,False
online.wsj.com,theragblog.blogspot.com,14.0,2.70805,False
news.com.au,theragblog.blogspot.com,5.0,1.791759,False
digg.com,theragblog.blogspot.com,3.0,1.386294,False
edition.cnn.com,theragblog.blogspot.com,6.0,1.94591,False
boston.com,theragblog.blogspot.com,19.0,2.995732,False
haaretz.com,theragblog.blogspot.com,19.0,2.995732,False
money.cnn.com,theragblog.blogspot.com,4.0,1.609438,False
bloomberg.com,theragblog.blogspot.com,23.0,3.178054,False
seattletimes.nwsource.com,theragblog.blogspot.com,17.0,2.890372,False
blogger.com,theragblog.blogspot.com,11764.0,9.372884,False
commondreams.org,theragblog.blogspot.com,157.0,5.062595,False
telegraph.co.uk,theragblog.blogspot.com,22.0,3.135494,False
1.bp.blogspot.com,theragblog.blogspot.com,673.0,6.51323,False
cbsnews.com,theragblog.blogspot.com,9.0,2.302585,False
newsday.com,theragblog.blogspot.com,4.0,1.609438,False
latimes.com,theragblog.blogspot.com,51.0,3.951244,False
photos1.blogger.com,theragblog.blogspot.com,213.0,5.365976,False
del.icio.us,theragblog.blogspot.com,2.0,1.098612,False
facebook.com,theragblog.blogspot.com,7.0,2.079442,False
reuters.com,theragblog.blogspot.com,36.0,3.610918,False
npr.org,theragblog.blogspot.com,13.0,2.639057,False
suntimes.com,theragblog.blogspot.com,2.0,1.098612,False
flickr.com,theragblog.blogspot.com,19.0,2.995732,False
4.bp.blogspot.com,theragblog.blogspot.com,655.0,6.486161,False
sfgate.com,theragblog.blogspot.com,33.0,3.526361,False
politico.com,theragblog.blogspot.com,16.0,2.833213,False
dailymail.co.uk,theragblog.blogspot.com,2.0,1.098612,False
nydailynews.com,theragblog.blogspot.com,6.0,1.94591,False
theglobeandmail.com,theragblog.blogspot.com,4.0,1.609438,False
cnn.com,theragblog.blogspot.com,37.0,3.637586,False
amazon.com,theragblog.blogspot.com,56.0,4.043051,False
google.com,theragblog.blogspot.com,13.0,2.639057,False
news.bbc.co.uk,theragblog.blogspot.com,37.0,3.637586,False
prospect.org,theragblog.blogspot.com,6.0,1.94591,False
nytimes.com,theragblog.blogspot.com,248.0,5.517453,False
marketwatch.com,theragblog.blogspot.com,2.0,1.098612,False
abcnews.go.com,theragblog.blogspot.com,16.0,2.833213,False
blogs.wsj.com,theragblog.blogspot.com,5.0,1.791759,False
independent.co.uk,theragblog.blogspot.com,32.0,3.496508,False
en.wikipedia.org,theragblog.blogspot.com,82.0,4.418841,False
ft.com,theragblog.blogspot.com,4.0,1.609438,False
myspace.com,theragblog.blogspot.com,12.0,2.564949,False
philly.com,theragblog.blogspot.com,3.0,1.386294,False
mediamatters.org,theragblog.blogspot.com,91.0,4.521789,False
newsweek.com,theragblog.blogspot.com,8.0,2.197225,False
chicagotribune.com,theragblog.blogspot.com,16.0,2.833213,False
blogs.abcnews.com,theragblog.blogspot.com,3.0,1.386294,False
startribune.com,theragblog.blogspot.com,6.0,1.94591,False
foxnews.com,theragblog.blogspot.com,5.0,1.791759,False
thenation.com,theragblog.blogspot.com,62.0,4.143135,False
huffingtonpost.com,theragblog.blogspot.com,126.0,4.844187,False
ronmwangaguhunga.blogspot.com,thinkprogress.org,3.0,1.386294,False
slate.com,thinkprogress.org,4.0,1.609438,False
sportsnipe.com,thinkprogress.org,3.0,1.386294,False
babbazeesbrain.blogspot.com,thinkprogress.org,2.0,1.098612,False
theragblog.blogspot.com,thinkprogress.org,34.0,3.555348,False
alternet.org,thinkprogress.org,26.0,3.295837,False
mahalo.com,thinkprogress.org,12.0,2.564949,False
feeds.gawker.com,thinkprogress.org,11.0,2.484907,False
concurringopinions.com,thinkprogress.org,11.0,2.484907,False
circleof13.blogspot.com,thinkprogress.org,15.0,2.772589,False
thenation.com,thinkprogress.org,8.0,2.197225,False
prospect.org,thinkprogress.org,28.0,3.367296,False
icestationtango.blogspot.com,thinkprogress.org,163.0,5.099866,False
joshingpolitics.blogspot.com,thinkprogress.org,283.0,5.648974,False
jezebel.com,thinkprogress.org,27.0,3.332205,False
ourlatinamerica.blogspot.com,thinkprogress.org,2.0,1.098612,False
kennysideshow.blogspot.com,thinkprogress.org,33.0,3.526361,False
nomoremister.blogspot.com,thinkprogress.org,38.0,3.663562,False
alterdestiny.blogspot.com,thinkprogress.org,84.0,4.442651,False
fivethirtyeight.com,thinkprogress.org,6.0,1.94591,False
feeds.gothamistllc.com,thinkprogress.org,6.0,1.94591,False
angrybear.blogspot.com,thinkprogress.org,49.0,3.912023,False
guardian.co.uk,thinkprogress.org,11.0,2.484907,False
plime.com,thinkprogress.org,2.0,1.098612,False
cinie.wordpress.com,thinkprogress.org,33.0,3.526361,False
thepoliticalcarnival.blogspot.com,thinkprogress.org,343.0,5.840642,False
holycoast.blogspot.com,thinkprogress.org,3.0,1.386294,False
cajunboyinthecity.blogspot.com,thinkprogress.org,6.0,1.94591,False
cujo359.blogspot.com,thinkprogress.org,63.0,4.158883,False
dailykos.com,thinkprogress.org,19.0,2.995732,False
salon.com,thinkprogress.org,8.0,2.197225,False
d-day.blogspot.com,thinkprogress.org,588.0,6.378426,False
rebellenation.blogspot.com,thinkprogress.org,64.0,4.174387,False
classicalvalues.com,thinkprogress.org,2.0,1.098612,False
blog.badtux.net,thinkprogress.org,12.0,2.564949,False
lefarkins.blogspot.com,thinkprogress.org,77.0,4.356709,False
scienceblogs.com,thinkprogress.org,5.0,1.791759,False
gawker.com,thinkprogress.org,34.0,3.555348,False
politico.com,thinkprogress.org,49.0,3.912023,False
cbsnews.com,thinkprogress.org,16.0,2.833213,False
greenwichroundup.blogspot.com,thinkprogress.org,3.0,1.386294,False
dumpbachmann.blogspot.com,thinkprogress.org,280.0,5.638355,False
jihadwatch.org,thinkprogress.org,2.0,1.098612,False
psycmeistr.blogspot.com,thinkprogress.org,5.0,1.791759,False
huffingtonpost.com,thinkprogress.org,35.0,3.583519,False
sepiamutiny.com,thinkprogress.org,2.0,1.098612,False
leftword.blogdig.net,thinkprogress.org,204.0,5.32301,False
crooksandliars.com,thinkprogress.org,40.0,3.713572,False
buckmire.blogspot.com,thinkprogress.org,6.0,1.94591,False
danceswithanxiety.blogspot.com,thinkprogress.org,104.0,4.65396,False
thedisbrimstone-dailypitchfork.blogspot.com,thinkprogress.org,10.0,2.397895,False
theautomaticearth.blogspot.com,thinkprogress.org,2.0,1.098612,False
downwithtyranny.blogspot.com,thinkprogress.org,179.0,5.192957,False
newsbusters.org,thinkprogress.org,2.0,1.098612,False
nymag.com,thinkprogress.org,6.0,1.94591,False
newsweek.com,thinkprogress.org,2.0,1.098612,False
philly.com,thinkprogress.org,4.0,1.609438,False
news.bbc.co.uk,thinkprogress.org,5.0,1.791759,False
nytimes.com,thinkprogress.org,115.0,4.75359,False
foxnews.com,thinkprogress.org,24.0,3.218876,False
news.yahoo.com,thinkprogress.org,18.0,2.944439,False
blogs.abcnews.com,thinkprogress.org,13.0,2.639057,False
boston.com,thinkprogress.org,7.0,2.079442,False
firstread.msnbc.msn.com,thinkprogress.org,4.0,1.609438,False
ft.com,thinkprogress.org,3.0,1.386294,False
chron.com,thinkprogress.org,4.0,1.609438,False
economist.com,thinkprogress.org,2.0,1.098612,False
chicagotribune.com,thinkprogress.org,3.0,1.386294,False
facebook.com,thinkprogress.org,2.0,1.098612,False
abcnews.go.com,thinkprogress.org,24.0,3.218876,False
npr.org,thinkprogress.org,8.0,2.197225,False
google.com,thinkprogress.org,22.0,3.135494,False
mediamatters.org,thinkprogress.org,64.0,4.174387,False
telegraph.co.uk,thinkprogress.org,2.0,1.098612,False
bloomberg.com,thinkprogress.org,9.0,2.302585,False
reuters.com,thinkprogress.org,10.0,2.397895,False
commondreams.org,thinkprogress.org,6.0,1.94591,False
myspace.com,thinkprogress.org,2.0,1.098612,False
en.wikipedia.org,thinkprogress.org,13.0,2.639057,False
cnn.com,thinkprogress.org,32.0,3.496508,False
iht.com,thinkprogress.org,2.0,1.098612,False
hotair.com,thinkprogress.org,2.0,1.098612,False
latimesblogs.latimes.com,thinkprogress.org,6.0,1.94591,False
examiner.com,thinkprogress.org,2.0,1.098612,False
nydailynews.com,thinkprogress.org,3.0,1.386294,False
latimes.com,thinkprogress.org,11.0,2.484907,False
online.wsj.com,thinkprogress.org,23.0,3.178054,False
msnbc.msn.com,thinkprogress.org,24.0,3.218876,False
pbs.org,thinkprogress.org,3.0,1.386294,False
forbes.com,thinkprogress.org,3.0,1.386294,False
corner.nationalreview.com,thinkprogress.org,6.0,1.94591,False
newyorker.com,thinkprogress.org,6.0,1.94591,False
sfgate.com,thinkprogress.org,7.0,2.079442,False
startribune.com,thinkprogress.org,3.0,1.386294,False
classicalvalues.com,tigerhawk.blogspot.com,2.0,1.098612,False
lefarkins.blogspot.com,tigerhawk.blogspot.com,2.0,1.098612,False
babbazeesbrain.blogspot.com,tigerhawk.blogspot.com,2.0,1.098612,False
holycoast.blogspot.com,tigerhawk.blogspot.com,2.0,1.098612,False
atlasshrugs2000.typepad.com,tigerhawk.blogspot.com,3.0,1.386294,False
hotair.com,tigerhawk.blogspot.com,18.0,2.944439,False
money.cnn.com,tigerhawk.blogspot.com,7.0,2.079442,False
nypost.com,tigerhawk.blogspot.com,10.0,2.397895,False
ft.com,tigerhawk.blogspot.com,4.0,1.609438,False
althouse.blogspot.com,tigerhawk.blogspot.com,5.0,1.791759,False
npr.org,tigerhawk.blogspot.com,4.0,1.609438,False
forbes.com,tigerhawk.blogspot.com,6.0,1.94591,False
slate.com,tigerhawk.blogspot.com,23.0,3.178054,False
jihadwatch.org,tigerhawk.blogspot.com,3.0,1.386294,False
abcnews.go.com,tigerhawk.blogspot.com,20.0,3.044522,False
latimes.com,tigerhawk.blogspot.com,13.0,2.639057,False
cbc.ca,tigerhawk.blogspot.com,3.0,1.386294,False
edition.cnn.com,tigerhawk.blogspot.com,5.0,1.791759,False
guardian.co.uk,tigerhawk.blogspot.com,32.0,3.496508,False
newyorker.com,tigerhawk.blogspot.com,10.0,2.397895,False
blogs.abcnews.com,tigerhawk.blogspot.com,9.0,2.302585,False
blogs.wsj.com,tigerhawk.blogspot.com,4.0,1.609438,False
businessweek.com,tigerhawk.blogspot.com,2.0,1.098612,False
newsbusters.org,tigerhawk.blogspot.com,5.0,1.791759,False
news.bbc.co.uk,tigerhawk.blogspot.com,48.0,3.89182,False
boston.com,tigerhawk.blogspot.com,9.0,2.302585,False
haaretz.com,tigerhawk.blogspot.com,2.0,1.098612,False
nydailynews.com,tigerhawk.blogspot.com,4.0,1.609438,False
thenation.com,tigerhawk.blogspot.com,2.0,1.098612,False
chicagotribune.com,tigerhawk.blogspot.com,13.0,2.639057,False
news.com.au,tigerhawk.blogspot.com,9.0,2.302585,False
amazon.com,tigerhawk.blogspot.com,126.0,4.844187,False
michellemalkin.com,tigerhawk.blogspot.com,27.0,3.332205,False
politico.com,tigerhawk.blogspot.com,12.0,2.564949,False
sports.espn.go.com,tigerhawk.blogspot.com,4.0,1.609438,False
reason.com,tigerhawk.blogspot.com,2.0,1.098612,False
pbs.org,tigerhawk.blogspot.com,4.0,1.609438,False
latimesblogs.latimes.com,tigerhawk.blogspot.com,2.0,1.098612,False
msnbc.msn.com,tigerhawk.blogspot.com,32.0,3.496508,False
gatesofvienna.blogspot.com,tigerhawk.blogspot.com,3.0,1.386294,False
en.wikipedia.org,tigerhawk.blogspot.com,94.0,4.553877,False
philly.com,tigerhawk.blogspot.com,6.0,1.94591,False
news.yahoo.com,tigerhawk.blogspot.com,221.0,5.402677,False
huffingtonpost.com,tigerhawk.blogspot.com,14.0,2.70805,False
examiner.com,tigerhawk.blogspot.com,2.0,1.098612,False
suntimes.com,tigerhawk.blogspot.com,4.0,1.609438,False
cnn.com,tigerhawk.blogspot.com,26.0,3.295837,False
reuters.com,tigerhawk.blogspot.com,18.0,2.944439,False
prospect.org,tigerhawk.blogspot.com,8.0,2.197225,False
flickr.com,tigerhawk.blogspot.com,4.0,1.609438,False
online.wsj.com,tigerhawk.blogspot.com,51.0,3.951244,False
telegraph.co.uk,tigerhawk.blogspot.com,31.0,3.465736,False
google.com,tigerhawk.blogspot.com,8.0,2.197225,False
finance.yahoo.com,tigerhawk.blogspot.com,6.0,1.94591,False
bloomberg.com,tigerhawk.blogspot.com,16.0,2.833213,False
dailymail.co.uk,tigerhawk.blogspot.com,6.0,1.94591,False
newsday.com,tigerhawk.blogspot.com,7.0,2.079442,False
sfgate.com,tigerhawk.blogspot.com,9.0,2.302585,False
thinkprogress.org,tigerhawk.blogspot.com,3.0,1.386294,False
cbsnews.com,tigerhawk.blogspot.com,15.0,2.772589,False
breitbart.com,tigerhawk.blogspot.com,19.0,2.995732,False
economist.com,tigerhawk.blogspot.com,5.0,1.791759,False
iht.com,tigerhawk.blogspot.com,6.0,1.94591,False
corner.nationalreview.com,tigerhawk.blogspot.com,42.0,3.7612,False
salon.com,tigerhawk.blogspot.com,10.0,2.397895,False
imdb.com,tigerhawk.blogspot.com,2.0,1.098612,False
commondreams.org,tigerhawk.blogspot.com,4.0,1.609438,False
seattletimes.nwsource.com,tigerhawk.blogspot.com,6.0,1.94591,False
realclearpolitics.com,tigerhawk.blogspot.com,8.0,2.197225,False
pajamasmedia.com,tigerhawk.blogspot.com,54.0,4.007333,False
theglobeandmail.com,tigerhawk.blogspot.com,2.0,1.098612,False
nytimes.com,tigerhawk.blogspot.com,197.0,5.288267,False
freerepublic.com,tigerhawk.blogspot.com,4.0,1.609438,False
dailykos.com,tigerhawk.blogspot.com,16.0,2.833213,False
technorati.com,tigerhawk.blogspot.com,6.0,1.94591,False
foxnews.com,tigerhawk.blogspot.com,25.0,3.258097,False
blogs.wsj.com,time.com,4.0,1.609438,False
classicalvalues.com,time.com,24.0,3.218876,False
sepiamutiny.com,time.com,58.0,4.077537,False
gatesofvienna.blogspot.com,time.com,5.0,1.791759,False
kotaku.com,time.com,2.0,1.098612,False
guardian.co.uk,time.com,13.0,2.639057,False
freerepublic.com,time.com,9.0,2.302585,False
ronmwangaguhunga.blogspot.com,time.com,68.0,4.234107,False
joshingpolitics.blogspot.com,time.com,22.0,3.135494,False
feeds.gothamistllc.com,time.com,12.0,2.564949,False
realclearpolitics.com,time.com,27.0,3.332205,False
slate.com,time.com,19.0,2.995732,False
conservapedia.com,time.com,299.0,5.703782,False
jezebel.com,time.com,35.0,3.583519,False
pcworld.com,time.com,2.0,1.098612,False
theplaylist.blogspot.com,time.com,16.0,2.833213,False
buckmire.blogspot.com,time.com,13.0,2.639057,False
firstread.msnbc.msn.com,time.com,9.0,2.302585,False
hotair.com,time.com,4.0,1.609438,False
huffingtonpost.com,time.com,19.0,2.995732,False
gawker.com,time.com,16.0,2.833213,False
nymag.com,time.com,3.0,1.386294,False
salon.com,time.com,14.0,2.70805,False
edition.cnn.com,time.com,73.0,4.304065,False
digitalspy.co.uk,time.com,12.0,2.564949,False
danceswithanxiety.blogspot.com,time.com,8.0,2.197225,False
tigerhawk.blogspot.com,time.com,6.0,1.94591,False
leftword.blogdig.net,time.com,20.0,3.044522,False
blog.openitstrategies.com,time.com,30.0,3.433987,False
superpunch.blogspot.com,time.com,17.0,2.890372,False
theragblog.blogspot.com,time.com,16.0,2.833213,False
philly.com,time.com,2.0,1.098612,False
mahalo.com,time.com,252.0,5.533389,False
commondreams.org,time.com,7.0,2.079442,False
ibloga.blogspot.com,time.com,9.0,2.302585,False
holycoast.blogspot.com,time.com,18.0,2.944439,False
evolvehappy.com,time.com,17.0,2.890372,False
latimes.com,time.com,5.0,1.791759,False
fivethirtyeight.com,time.com,15.0,2.772589,False
d-day.blogspot.com,time.com,59.0,4.094345,False
djtechnocrat.blogspot.com,time.com,17.0,2.890372,False
alterdestiny.blogspot.com,time.com,14.0,2.70805,False
thepoliticalcarnival.blogspot.com,time.com,22.0,3.135494,False
blogs.abcnews.com,time.com,67.0,4.219508,False
chacha.com,time.com,39.0,3.688879,False
thedisbrimstone-dailypitchfork.blogspot.com,time.com,8.0,2.197225,False
nandigramunited.blogspot.com,time.com,7.0,2.079442,False
blog.badtux.net,time.com,11.0,2.484907,False
reason.com,time.com,7.0,2.079442,False
cbsnews.com,time.com,7.0,2.079442,False
jihadwatch.org,time.com,11.0,2.484907,False
nomoremister.blogspot.com,time.com,33.0,3.526361,False
otherclub.blogspot.com,time.com,67.0,4.219508,False
theautomaticearth.blogspot.com,time.com,29.0,3.401197,False
babbazeesbrain.blogspot.com,time.com,30.0,3.433987,False
capitalfax.blogspot.com,time.com,29.0,3.401197,False
dumpbachmann.blogspot.com,time.com,3.0,1.386294,False
scienceblogs.com,time.com,4.0,1.609438,False
psycmeistr.blogspot.com,time.com,21.0,3.091042,False
techcrunch.com,time.com,15.0,2.772589,False
feedproxy.google.com,time.com,18.0,2.944439,False
newscientist.com,time.com,3.0,1.386294,False
feeds.gawker.com,time.com,8.0,2.197225,False
informationweek.com,time.com,4.0,1.609438,False
newyorker.com,time.com,2.0,1.098612,False
newsbusters.org,time.com,27.0,3.332205,False
concurringopinions.com,time.com,46.0,3.850148,False
alternet.org,time.com,3.0,1.386294,False
cajunboyinthecity.blogspot.com,time.com,102.0,4.634729,False
rss.feedsportal.com,time.com,24.0,3.218876,False
ourlatinamerica.blogspot.com,time.com,603.0,6.403574,False
dailykos.com,time.com,4.0,1.609438,False
plime.com,time.com,28.0,3.367296,False
bbc.co.uk,time.com,6.0,1.94591,False
corner.nationalreview.com,time.com,2.0,1.098612,False
downwithtyranny.blogspot.com,time.com,37.0,3.637586,False
i.gizmodo.com,time.com,4.0,1.609438,False
circleof13.blogspot.com,time.com,14.0,2.70805,False
cinie.wordpress.com,time.com,36.0,3.610918,False
rebellenation.blogspot.com,time.com,17.0,2.890372,False
cujo359.blogspot.com,time.com,10.0,2.397895,False
althouse.blogspot.com,time.com,10.0,2.397895,False
lefarkins.blogspot.com,time.com,21.0,3.091042,False
kennysideshow.blogspot.com,time.com,21.0,3.091042,False
greenwichroundup.blogspot.com,time.com,245.0,5.505332,False
crooksandliars.com,time.com,4.0,1.609438,False
ionarts.blogspot.com,time.com,13.0,2.639057,False
angrybear.blogspot.com,time.com,6.0,1.94591,False
prospect.org,time.com,2.0,1.098612,False
icestationtango.blogspot.com,time.com,33.0,3.526361,False
blog.wired.com,time.com,5.0,1.791759,False
chicagotribune.com,time.com,4.0,1.609438,False
npr.org,time.com,2.0,1.098612,False
newportcity.blogspot.com,time.com,2.0,1.098612,False
cnn.com,time.com,1083.0,6.988413,False
atlasshrugs2000.typepad.com,time.com,9.0,2.302585,False
thinkprogress.org,time.com,13.0,2.639057,False
nytimes.com,time.com,4.0,1.609438,False
pbs.org,time.com,3.0,1.386294,False
telegraph.co.uk,time.com,4.0,1.609438,False
politico.com,time.com,4.0,1.609438,False
nypost.com,time.com,13.0,2.639057,False
news.bbc.co.uk,time.com,2.0,1.098612,False
money.cnn.com,time.com,5.0,1.791759,False
dailymail.co.uk,time.com,6.0,1.94591,False
chron.com,time.com,3.0,1.386294,False
en.wikipedia.org,time.com,15.0,2.772589,False
blog.badtux.net,timesonline.co.uk,10.0,2.397895,False
blog.wired.com,timesonline.co.uk,4.0,1.609438,False
ourlatinamerica.blogspot.com,timesonline.co.uk,405.0,6.006353,False
gatesofvienna.blogspot.com,timesonline.co.uk,36.0,3.610918,False
downwithtyranny.blogspot.com,timesonline.co.uk,15.0,2.772589,False
cajunboyinthecity.blogspot.com,timesonline.co.uk,10.0,2.397895,False
scienceblogs.com,timesonline.co.uk,4.0,1.609438,False
theragblog.blogspot.com,timesonline.co.uk,21.0,3.091042,False
pajamasmedia.com,timesonline.co.uk,9.0,2.302585,False
conservapedia.com,timesonline.co.uk,17.0,2.890372,False
huffingtonpost.com,timesonline.co.uk,27.0,3.332205,False
digitalspy.co.uk,timesonline.co.uk,154.0,5.043425,False
feeds.gothamistllc.com,timesonline.co.uk,18.0,2.944439,False
feedproxy.google.com,timesonline.co.uk,5.0,1.791759,False
leftword.blogdig.net,timesonline.co.uk,4.0,1.609438,False
hotair.com,timesonline.co.uk,9.0,2.302585,False
reason.com,timesonline.co.uk,5.0,1.791759,False
examiner.com,timesonline.co.uk,6.0,1.94591,False
holycoast.blogspot.com,timesonline.co.uk,50.0,3.931826,False
businessweek.com,timesonline.co.uk,6.0,1.94591,False
icestationtango.blogspot.com,timesonline.co.uk,24.0,3.218876,False
corner.nationalreview.com,timesonline.co.uk,2.0,1.098612,False
jezebel.com,timesonline.co.uk,8.0,2.197225,False
atlasshrugs2000.typepad.com,timesonline.co.uk,17.0,2.890372,False
newscientist.com,timesonline.co.uk,16.0,2.833213,False
thedisbrimstone-dailypitchfork.blogspot.com,timesonline.co.uk,10.0,2.397895,False
cujo359.blogspot.com,timesonline.co.uk,2.0,1.098612,False
plime.com,timesonline.co.uk,34.0,3.555348,False
edition.cnn.com,timesonline.co.uk,3.0,1.386294,False
concurringopinions.com,timesonline.co.uk,3.0,1.386294,False
newsbusters.org,timesonline.co.uk,8.0,2.197225,False
superpunch.blogspot.com,timesonline.co.uk,14.0,2.70805,False
freerepublic.com,timesonline.co.uk,7.0,2.079442,False
circleof13.blogspot.com,timesonline.co.uk,28.0,3.367296,False
lefarkins.blogspot.com,timesonline.co.uk,19.0,2.995732,False
marketwatch.com,timesonline.co.uk,2.0,1.098612,False
rss.feedsportal.com,timesonline.co.uk,53.0,3.988984,False
psycmeistr.blogspot.com,timesonline.co.uk,17.0,2.890372,False
angrybear.blogspot.com,timesonline.co.uk,6.0,1.94591,False
classicalvalues.com,timesonline.co.uk,19.0,2.995732,False
amazon.com,timesonline.co.uk,96.0,4.574711,False
forum.dvdtalk.com,timesonline.co.uk,5.0,1.791759,False
djtechnocrat.blogspot.com,timesonline.co.uk,35.0,3.583519,False
d-day.blogspot.com,timesonline.co.uk,23.0,3.178054,False
babbazeesbrain.blogspot.com,timesonline.co.uk,124.0,4.828314,False
nandigramunited.blogspot.com,timesonline.co.uk,43.0,3.78419,False
mahalo.com,timesonline.co.uk,153.0,5.036953,False
thepoliticalcarnival.blogspot.com,timesonline.co.uk,18.0,2.944439,False
cnn.com,timesonline.co.uk,7.0,2.079442,False
cbsnews.com,timesonline.co.uk,2.0,1.098612,False
slate.com,timesonline.co.uk,4.0,1.609438,False
alterdestiny.blogspot.com,timesonline.co.uk,3.0,1.386294,False
telegraph.co.uk,timesonline.co.uk,2.0,1.098612,False
capitalfax.blogspot.com,timesonline.co.uk,5.0,1.791759,False
nomoremister.blogspot.com,timesonline.co.uk,9.0,2.302585,False
blogs.wsj.com,timesonline.co.uk,3.0,1.386294,False
tigerhawk.blogspot.com,timesonline.co.uk,19.0,2.995732,False
gawker.com,timesonline.co.uk,17.0,2.890372,False
joshingpolitics.blogspot.com,timesonline.co.uk,13.0,2.639057,False
technologyexpert.blogspot.com,timesonline.co.uk,3.0,1.386294,False
rebellenation.blogspot.com,timesonline.co.uk,23.0,3.178054,False
bbc.co.uk,timesonline.co.uk,18.0,2.944439,False
danceswithanxiety.blogspot.com,timesonline.co.uk,25.0,3.258097,False
sepiamutiny.com,timesonline.co.uk,62.0,4.143135,False
sportsnipe.com,timesonline.co.uk,141.0,4.955827,False
buckmire.blogspot.com,timesonline.co.uk,2.0,1.098612,False
deadspin.com,timesonline.co.uk,3.0,1.386294,False
theplaylist.blogspot.com,timesonline.co.uk,125.0,4.836282,False
cinie.wordpress.com,timesonline.co.uk,15.0,2.772589,False
bloomberg.com,timesonline.co.uk,2.0,1.098612,False
kennysideshow.blogspot.com,timesonline.co.uk,31.0,3.465736,False
ionarts.blogspot.com,timesonline.co.uk,28.0,3.367296,False
althouse.blogspot.com,timesonline.co.uk,9.0,2.302585,False
feeds.gawker.com,timesonline.co.uk,3.0,1.386294,False
guardian.co.uk,timesonline.co.uk,52.0,3.970292,False
thinkprogress.org,timesonline.co.uk,2.0,1.098612,False
chacha.com,timesonline.co.uk,9.0,2.302585,False
thenation.com,timesonline.co.uk,4.0,1.609438,False
otherclub.blogspot.com,timesonline.co.uk,20.0,3.044522,False
ibloga.blogspot.com,timesonline.co.uk,36.0,3.610918,False
commondreams.org,timesonline.co.uk,22.0,3.135494,False
news.cnet.com,timesonline.co.uk,2.0,1.098612,False
greenwichroundup.blogspot.com,timesonline.co.uk,3.0,1.386294,False
newportcity.blogspot.com,timesonline.co.uk,241.0,5.488938,False
salon.com,timesonline.co.uk,5.0,1.791759,False
ronmwangaguhunga.blogspot.com,timesonline.co.uk,21.0,3.091042,False
jihadwatch.org,timesonline.co.uk,370.0,5.916202,False
informationweek.com,timesonline.co.uk,9.0,2.302585,False
boston.com,timesonline.co.uk,2.0,1.098612,False
evolvehappy.com,timesonline.co.uk,14.0,2.70805,False
theautomaticearth.blogspot.com,timesonline.co.uk,65.0,4.189655,False
latimes.com,timesonline.co.uk,2.0,1.098612,False
en.wikipedia.org,timesonline.co.uk,2.0,1.098612,False
foxnews.com,timesonline.co.uk,2.0,1.098612,False
fivethirtyeight.com,tinyurl.com,6.0,1.94591,False
reuters.com,tinyurl.com,3.0,1.386294,False
newportcity.blogspot.com,tinyurl.com,9.0,2.302585,False
guardian.co.uk,tinyurl.com,41.0,3.73767,False
nandigramunited.blogspot.com,tinyurl.com,4.0,1.609438,False
amazon.com,tinyurl.com,60.0,4.110874,False
d-day.blogspot.com,tinyurl.com,4.0,1.609438,False
prospect.org,tinyurl.com,3.0,1.386294,False
boston.com,tinyurl.com,61.0,4.127134,False
dumpbachmann.blogspot.com,tinyurl.com,92.0,4.532599,False
ibloga.blogspot.com,tinyurl.com,2.0,1.098612,False
startribune.com,tinyurl.com,8.0,2.197225,False
rebellenation.blogspot.com,tinyurl.com,14.0,2.70805,False
breitbart.com,tinyurl.com,6.0,1.94591,False
nomoremister.blogspot.com,tinyurl.com,2.0,1.098612,False
digg.com,tinyurl.com,4.0,1.609438,False
cbsnews.com,tinyurl.com,5.0,1.791759,False
circleof13.blogspot.com,tinyurl.com,4.0,1.609438,False
freerepublic.com,tinyurl.com,2.0,1.098612,False
chron.com,tinyurl.com,7.0,2.079442,False
scienceblogs.com,tinyurl.com,7.0,2.079442,False
capitalfax.blogspot.com,tinyurl.com,5.0,1.791759,False
dailykos.com,tinyurl.com,2.0,1.098612,False
feeds.gothamistllc.com,tinyurl.com,5.0,1.791759,False
examiner.com,tinyurl.com,4.0,1.609438,False
blog.wired.com,tinyurl.com,3.0,1.386294,False
gatesofvienna.blogspot.com,tinyurl.com,2.0,1.098612,False
informationweek.com,tinyurl.com,4.0,1.609438,False
technologyexpert.blogspot.com,tinyurl.com,5.0,1.791759,False
atlasshrugs2000.typepad.com,tinyurl.com,27.0,3.332205,False
realclearpolitics.com,tinyurl.com,12.0,2.564949,False
time.com,tinyurl.com,10.0,2.397895,False
philly.com,tinyurl.com,5.0,1.791759,False
cnn.com,tinyurl.com,3.0,1.386294,False
holycoast.blogspot.com,tinyurl.com,3.0,1.386294,False
rss.feedsportal.com,tinyurl.com,3.0,1.386294,False
latimes.com,tinyurl.com,5.0,1.791759,False
bbc.co.uk,tinyurl.com,2.0,1.098612,False
theplaylist.blogspot.com,tinyurl.com,5.0,1.791759,False
chacha.com,tinyurl.com,8.0,2.197225,False
theragblog.blogspot.com,tinyurl.com,3.0,1.386294,False
huffingtonpost.com,tinyurl.com,8.0,2.197225,False
mahalo.com,tinyurl.com,36.0,3.610918,False
leftword.blogdig.net,tinyurl.com,2.0,1.098612,False
seattletimes.nwsource.com,tinyurl.com,3.0,1.386294,False
downwithtyranny.blogspot.com,tinyurl.com,30.0,3.433987,False
feedproxy.google.com,tinyurl.com,538.0,6.289716,False
marketwatch.com,tinyurl.com,2.0,1.098612,False
i.gizmodo.com,tinyurl.com,3.0,1.386294,False
newscientist.com,tinyurl.com,2.0,1.098612,False
salon.com,tinyurl.com,29.0,3.401197,False
foxnews.com,tinyurl.com,2.0,1.098612,False
djtechnocrat.blogspot.com,tinyurl.com,11.0,2.484907,False
timesonline.co.uk,tinyurl.com,24.0,3.218876,False
seekingalpha.com,tinyurl.com,9.0,2.302585,False
kennysideshow.blogspot.com,tinyurl.com,23.0,3.178054,False
psycmeistr.blogspot.com,tinyurl.com,2.0,1.098612,False
4.bp.blogspot.com,tinyurl.com,3.0,1.386294,False
en.wikipedia.org,tinyurl.com,4.0,1.609438,False
3.bp.blogspot.com,tinyurl.com,5.0,1.791759,False
ibloga.blogspot.com,topics.nytimes.com,61.0,4.127134,False
mahalo.com,topics.nytimes.com,85.0,4.454347,False
circleof13.blogspot.com,topics.nytimes.com,4.0,1.609438,False
nomoremister.blogspot.com,topics.nytimes.com,7.0,2.079442,False
joshingpolitics.blogspot.com,topics.nytimes.com,267.0,5.590987,False
cinie.wordpress.com,topics.nytimes.com,121.0,4.804021,False
leftword.blogdig.net,topics.nytimes.com,17.0,2.890372,False
holycoast.blogspot.com,topics.nytimes.com,4.0,1.609438,False
crooksandliars.com,topics.nytimes.com,19.0,2.995732,False
babbazeesbrain.blogspot.com,topics.nytimes.com,40.0,3.713572,False
concurringopinions.com,topics.nytimes.com,4.0,1.609438,False
theragblog.blogspot.com,topics.nytimes.com,40.0,3.713572,False
reason.com,topics.nytimes.com,11.0,2.484907,False
classicalvalues.com,topics.nytimes.com,2.0,1.098612,False
msnbc.msn.com,topics.nytimes.com,5.0,1.791759,False
ronmwangaguhunga.blogspot.com,topics.nytimes.com,8.0,2.197225,False
angrybear.blogspot.com,topics.nytimes.com,6.0,1.94591,False
nytimes.com,topics.nytimes.com,59.0,4.094345,False
nandigramunited.blogspot.com,topics.nytimes.com,4.0,1.609438,False
greenwichroundup.blogspot.com,topics.nytimes.com,408.0,6.013715,False
thepoliticalcarnival.blogspot.com,topics.nytimes.com,215.0,5.375278,False
seekingalpha.com,topics.nytimes.com,11.0,2.484907,False
psycmeistr.blogspot.com,topics.nytimes.com,14.0,2.70805,False
rebellenation.blogspot.com,topics.nytimes.com,192.0,5.26269,False
downwithtyranny.blogspot.com,topics.nytimes.com,3.0,1.386294,False
alternet.org,topics.nytimes.com,45.0,3.828641,False
icestationtango.blogspot.com,topics.nytimes.com,14.0,2.70805,False
kennysideshow.blogspot.com,topics.nytimes.com,23.0,3.178054,False
huffingtonpost.com,topics.nytimes.com,3.0,1.386294,False
newsbusters.org,topics.nytimes.com,14.0,2.70805,False
freerepublic.com,topics.nytimes.com,2.0,1.098612,False
djtechnocrat.blogspot.com,topics.nytimes.com,102.0,4.634729,False
alterdestiny.blogspot.com,topics.nytimes.com,15.0,2.772589,False
slate.com,topics.nytimes.com,2.0,1.098612,False
atlasshrugs2000.typepad.com,topics.nytimes.com,57.0,4.060443,False
lefarkins.blogspot.com,topics.nytimes.com,16.0,2.833213,False
latimes.com,topics.nytimes.com,4.0,1.609438,False
capitalfax.blogspot.com,topics.nytimes.com,2.0,1.098612,False
theplaylist.blogspot.com,topics.nytimes.com,3.0,1.386294,False
blog.openitstrategies.com,topics.nytimes.com,7.0,2.079442,False
evolvehappy.com,topics.nytimes.com,3.0,1.386294,False
gawker.com,topics.nytimes.com,5.0,1.791759,False
commondreams.org,topics.nytimes.com,7.0,2.079442,False
thedisbrimstone-dailypitchfork.blogspot.com,townhall.com,52.0,3.970292,False
jihadwatch.org,townhall.com,38.0,3.663562,False
ibloga.blogspot.com,townhall.com,8.0,2.197225,False
icestationtango.blogspot.com,townhall.com,4.0,1.609438,False
dumpbachmann.blogspot.com,townhall.com,24.0,3.218876,False
angrybear.blogspot.com,townhall.com,17.0,2.890372,False
gawker.com,townhall.com,5.0,1.791759,False
holycoast.blogspot.com,townhall.com,15.0,2.772589,False
nymag.com,townhall.com,9.0,2.302585,False
babbazeesbrain.blogspot.com,townhall.com,28.0,3.367296,False
conservapedia.com,townhall.com,35.0,3.583519,False
thepoliticalcarnival.blogspot.com,townhall.com,9.0,2.302585,False
kennysideshow.blogspot.com,townhall.com,7.0,2.079442,False
capitalfax.blogspot.com,townhall.com,47.0,3.871201,False
downwithtyranny.blogspot.com,townhall.com,9.0,2.302585,False
classicalvalues.com,townhall.com,24.0,3.218876,False
gatesofvienna.blogspot.com,townhall.com,8.0,2.197225,False
cinie.wordpress.com,townhall.com,3.0,1.386294,False
feedproxy.google.com,townhall.com,2.0,1.098612,False
reason.com,townhall.com,5.0,1.791759,False
cajunboyinthecity.blogspot.com,townhall.com,2.0,1.098612,False
otherclub.blogspot.com,townhall.com,25.0,3.258097,False
alterdestiny.blogspot.com,townhall.com,2.0,1.098612,False
realclearpolitics.com,townhall.com,5.0,1.791759,False
psycmeistr.blogspot.com,townhall.com,18.0,2.944439,False
jezebel.com,townhall.com,2.0,1.098612,False
cujo359.blogspot.com,townhall.com,2.0,1.098612,False
ronmwangaguhunga.blogspot.com,townhall.com,20.0,3.044522,False
hotair.com,townhall.com,12.0,2.564949,False
rebellenation.blogspot.com,townhall.com,5.0,1.791759,False
tigerhawk.blogspot.com,townhall.com,6.0,1.94591,False
freerepublic.com,townhall.com,6.0,1.94591,False
thenation.com,townhall.com,5.0,1.791759,False
d-day.blogspot.com,townhall.com,7.0,2.079442,False
danceswithanxiety.blogspot.com,townhall.com,6.0,1.94591,False
thinkprogress.org,townhall.com,4.0,1.609438,False
atlasshrugs2000.typepad.com,townhall.com,9.0,2.302585,False
lefarkins.blogspot.com,townhall.com,15.0,2.772589,False
megite.com,townhall.com,8.0,2.197225,False
mahalo.com,townhall.com,23.0,3.178054,False
nomoremister.blogspot.com,townhall.com,33.0,3.526361,False
amazon.com,townhall.com,248.0,5.517453,False
tinyurl.com,townhall.com,4.0,1.609438,False
finance.yahoo.com,townhall.com,3.0,1.386294,False
forbes.com,townhall.com,5.0,1.791759,False
michellemalkin.com,townhall.com,6.0,1.94591,False
slate.com,townhall.com,5.0,1.791759,False
online.wsj.com,townhall.com,7.0,2.079442,False
pbs.org,townhall.com,2.0,1.098612,False
en.wikipedia.org,townhall.com,11.0,2.484907,False
dailymail.co.uk,townhall.com,12.0,2.564949,False
nytimes.com,townhall.com,21.0,3.091042,False
maps.google.com,townhall.com,5.0,1.791759,False
foxnews.com,townhall.com,22.0,3.135494,False
bloomberg.com,townhall.com,15.0,2.772589,False
news.yahoo.com,townhall.com,8.0,2.197225,False
telegraph.co.uk,townhall.com,6.0,1.94591,False
newyorker.com,townhall.com,6.0,1.94591,False
npr.org,townhall.com,4.0,1.609438,False
cnn.com,townhall.com,9.0,2.302585,False
timesonline.co.uk,townhall.com,5.0,1.791759,False
msnbc.msn.com,townhall.com,10.0,2.397895,False
blogs.wsj.com,townhall.com,4.0,1.609438,False
politico.com,townhall.com,29.0,3.401197,False
money.cnn.com,townhall.com,5.0,1.791759,False
huffingtonpost.com,townhall.com,19.0,2.995732,False
blogs.abcnews.com,townhall.com,9.0,2.302585,False
crooksandliars.com,treehugger.com,3.0,1.386294,False
d-day.blogspot.com,treehugger.com,2.0,1.098612,False
tigerhawk.blogspot.com,treehugger.com,2.0,1.098612,False
chacha.com,treehugger.com,7.0,2.079442,False
salon.com,treehugger.com,13.0,2.639057,False
scienceblogs.com,treehugger.com,10.0,2.397895,False
huffingtonpost.com,treehugger.com,45.0,3.828641,False
i.gizmodo.com,treehugger.com,10.0,2.397895,False
technologyexpert.blogspot.com,treehugger.com,2.0,1.098612,False
megite.com,treehugger.com,10.0,2.397895,False
alterdestiny.blogspot.com,treehugger.com,5.0,1.791759,False
feeds.gothamistllc.com,treehugger.com,3.0,1.386294,False
guardian.co.uk,treehugger.com,65.0,4.189655,False
blog.wired.com,treehugger.com,4.0,1.609438,False
mahalo.com,treehugger.com,21.0,3.091042,False
evolvehappy.com,treehugger.com,106.0,4.672829,False
joshingpolitics.blogspot.com,treehugger.com,4.0,1.609438,False
gizmodo.com,treehugger.com,6.0,1.94591,False
forum.dvdtalk.com,treehugger.com,10.0,2.397895,False
en.wikipedia.org,treehugger.com,127.0,4.85203,False
3.bp.blogspot.com,treehugger.com,3.0,1.386294,False
feedproxy.google.com,treehugger.com,1749.0,7.467371,False
engadget.com,treehugger.com,2.0,1.098612,False
reuters.com,treehugger.com,42.0,3.7612,False
amazon.com,treehugger.com,13.0,2.639057,False
chron.com,treehugger.com,3.0,1.386294,False
blogs.abcnews.com,treehugger.com,2.0,1.098612,False
techcrunch.com,treehugger.com,5.0,1.791759,False
imdb.com,treehugger.com,2.0,1.098612,False
flickr.com,treehugger.com,253.0,5.537334,False
newscientist.com,treehugger.com,11.0,2.484907,False
bloomberg.com,treehugger.com,14.0,2.70805,False
arstechnica.com,treehugger.com,2.0,1.098612,False
telegraph.co.uk,treehugger.com,10.0,2.397895,False
timesonline.co.uk,treehugger.com,3.0,1.386294,False
foxnews.com,treehugger.com,3.0,1.386294,False
latimes.com,treehugger.com,16.0,2.833213,False
facebook.com,treehugger.com,4.0,1.609438,False
thenation.com,treehugger.com,3.0,1.386294,False
thinkprogress.org,treehugger.com,2.0,1.098612,False
seattletimes.nwsource.com,treehugger.com,2.0,1.098612,False
pbs.org,treehugger.com,6.0,1.94591,False
topics.nytimes.com,treehugger.com,3.0,1.386294,False
cbsnews.com,treehugger.com,5.0,1.791759,False
online.wsj.com,treehugger.com,10.0,2.397895,False
ft.com,treehugger.com,16.0,2.833213,False
economist.com,treehugger.com,8.0,2.197225,False
apple.com,treehugger.com,2.0,1.098612,False
politico.com,treehugger.com,11.0,2.484907,False
cnn.com,treehugger.com,5.0,1.791759,False
theglobeandmail.com,treehugger.com,9.0,2.302585,False
examiner.com,treehugger.com,3.0,1.386294,False
bbc.co.uk,treehugger.com,3.0,1.386294,False
news.cnet.com,treehugger.com,7.0,2.079442,False
fivethirtyeight.com,treehugger.com,2.0,1.098612,False
news.bbc.co.uk,treehugger.com,37.0,3.637586,False
myspace.com,treehugger.com,10.0,2.397895,False
npr.org,treehugger.com,4.0,1.609438,False
latimesblogs.latimes.com,treehugger.com,3.0,1.386294,False
businessweek.com,treehugger.com,8.0,2.197225,False
cbc.ca,treehugger.com,5.0,1.791759,False
sports.espn.go.com,treehugger.com,2.0,1.098612,False
money.cnn.com,treehugger.com,12.0,2.564949,False
blogs.zdnet.com,treehugger.com,2.0,1.098612,False
forbes.com,treehugger.com,7.0,2.079442,False
maps.google.com,treehugger.com,11.0,2.484907,False
google.com,treehugger.com,29.0,3.401197,False
msnbc.msn.com,treehugger.com,6.0,1.94591,False
dailymail.co.uk,treehugger.com,8.0,2.197225,False
haaretz.com,treehugger.com,5.0,1.791759,False
news.yahoo.com,treehugger.com,13.0,2.639057,False
boston.com,treehugger.com,12.0,2.564949,False
independent.co.uk,treehugger.com,10.0,2.397895,False
nytimes.com,treehugger.com,71.0,4.276666,False
cdc.gov,treehugger.com,5.0,1.791759,False
time.com,treehugger.com,3.0,1.386294,False
blogs.wsj.com,treehugger.com,4.0,1.609438,False
atlasshrugs2000.typepad.com,tundratabloid.blogspot.com,742.0,6.610696,False
dumpbachmann.blogspot.com,tundratabloid.blogspot.com,3.0,1.386294,False
gatesofvienna.blogspot.com,tundratabloid.blogspot.com,989.0,6.897705,False
jihadwatch.org,tundratabloid.blogspot.com,371.0,5.918894,False
ibloga.blogspot.com,tundratabloid.blogspot.com,5.0,1.791759,False
nypost.com,tundratabloid.blogspot.com,16.0,2.833213,False
blogger.com,tundratabloid.blogspot.com,10725.0,9.280426,False
telegraph.co.uk,tundratabloid.blogspot.com,112.0,4.727388,False
reuters.com,tundratabloid.blogspot.com,42.0,3.7612,False
forbes.com,tundratabloid.blogspot.com,54.0,4.007333,False
news.com.au,tundratabloid.blogspot.com,9.0,2.302585,False
chicagotribune.com,tundratabloid.blogspot.com,7.0,2.079442,False
townhall.com,tundratabloid.blogspot.com,14.0,2.70805,False
cnn.com,tundratabloid.blogspot.com,6.0,1.94591,False
bbc.co.uk,tundratabloid.blogspot.com,2.0,1.098612,False
news.yahoo.com,tundratabloid.blogspot.com,144.0,4.976734,False
cbc.ca,tundratabloid.blogspot.com,8.0,2.197225,False
online.wsj.com,tundratabloid.blogspot.com,23.0,3.178054,False
sfgate.com,tundratabloid.blogspot.com,5.0,1.791759,False
abcnews.go.com,tundratabloid.blogspot.com,116.0,4.762174,False
edition.cnn.com,tundratabloid.blogspot.com,40.0,3.713572,False
pbs.org,tundratabloid.blogspot.com,5.0,1.791759,False
bloomberg.com,tundratabloid.blogspot.com,6.0,1.94591,False
3.bp.blogspot.com,tundratabloid.blogspot.com,871.0,6.770789,False
2.bp.blogspot.com,tundratabloid.blogspot.com,1003.0,6.911747,False
breitbart.com,tundratabloid.blogspot.com,116.0,4.762174,False
timesonline.co.uk,tundratabloid.blogspot.com,176.0,5.17615,False
hotair.com,tundratabloid.blogspot.com,63.0,4.158883,False
blog.wired.com,tundratabloid.blogspot.com,2.0,1.098612,False
suntimes.com,tundratabloid.blogspot.com,5.0,1.791759,False
guardian.co.uk,tundratabloid.blogspot.com,24.0,3.218876,False
msnbc.msn.com,tundratabloid.blogspot.com,15.0,2.772589,False
time.com,tundratabloid.blogspot.com,7.0,2.079442,False
michellemalkin.com,tundratabloid.blogspot.com,121.0,4.804021,False
tinyurl.com,tundratabloid.blogspot.com,7.0,2.079442,False
huffingtonpost.com,tundratabloid.blogspot.com,3.0,1.386294,False
news.bbc.co.uk,tundratabloid.blogspot.com,148.0,5.003946,False
blogs.abcnews.com,tundratabloid.blogspot.com,56.0,4.043051,False
photos1.blogger.com,tundratabloid.blogspot.com,356.0,5.877736,False
dailymail.co.uk,tundratabloid.blogspot.com,152.0,5.030438,False
amazon.com,tundratabloid.blogspot.com,170.0,5.141664,False
iht.com,tundratabloid.blogspot.com,32.0,3.496508,False
theglobeandmail.com,tundratabloid.blogspot.com,3.0,1.386294,False
topics.nytimes.com,tundratabloid.blogspot.com,9.0,2.302585,False
1.bp.blogspot.com,tundratabloid.blogspot.com,952.0,6.859615,False
independent.co.uk,tundratabloid.blogspot.com,6.0,1.94591,False
corner.nationalreview.com,tundratabloid.blogspot.com,6.0,1.94591,False
boston.com,tundratabloid.blogspot.com,17.0,2.890372,False
4.bp.blogspot.com,tundratabloid.blogspot.com,766.0,6.642487,False
politico.com,tundratabloid.blogspot.com,5.0,1.791759,False
nydailynews.com,tundratabloid.blogspot.com,58.0,4.077537,False
freerepublic.com,tundratabloid.blogspot.com,8.0,2.197225,False
realclearpolitics.com,tundratabloid.blogspot.com,4.0,1.609438,False
newsday.com,tundratabloid.blogspot.com,4.0,1.609438,False
philly.com,tundratabloid.blogspot.com,2.0,1.098612,False
nytimes.com,tundratabloid.blogspot.com,50.0,3.931826,False
latimes.com,tundratabloid.blogspot.com,7.0,2.079442,False
npr.org,tundratabloid.blogspot.com,2.0,1.098612,False
foxnews.com,tundratabloid.blogspot.com,49.0,3.912023,False
en.wikipedia.org,tundratabloid.blogspot.com,878.0,6.778785,False
imdb.com,tundratabloid.blogspot.com,4.0,1.609438,False
cbsnews.com,tundratabloid.blogspot.com,14.0,2.70805,False
google.com,tundratabloid.blogspot.com,9.0,2.302585,False
ft.com,tundratabloid.blogspot.com,9.0,2.302585,False
pajamasmedia.com,tundratabloid.blogspot.com,34.0,3.555348,False
haaretz.com,tundratabloid.blogspot.com,167.0,5.123964,False
msnbc.msn.com,twitter.com,19.0,2.995732,False
ronmwangaguhunga.blogspot.com,twitter.com,61.0,4.127134,False
nydailynews.com,twitter.com,3.0,1.386294,False
dailymail.co.uk,twitter.com,2.0,1.098612,False
dailykos.com,twitter.com,10.0,2.397895,False
scienceblogs.com,twitter.com,28.0,3.367296,False
pcworld.com,twitter.com,22.0,3.135494,False
tinyurl.com,twitter.com,39.0,3.688879,False
pbs.org,twitter.com,6.0,1.94591,False
rss.feedsportal.com,twitter.com,211.0,5.356586,False
gawker.com,twitter.com,457.0,6.126869,False
mahalo.com,twitter.com,78.0,4.369448,False
feeds.gawker.com,twitter.com,154.0,5.043425,False
feeds.gothamistllc.com,twitter.com,270.0,5.602119,False
forum.dvdtalk.com,twitter.com,49.0,3.912023,False
circleof13.blogspot.com,twitter.com,3.0,1.386294,False
rebellenation.blogspot.com,twitter.com,2.0,1.098612,False
seekingalpha.com,twitter.com,4104.0,8.319961,False
althouse.blogspot.com,twitter.com,3.0,1.386294,False
jezebel.com,twitter.com,27.0,3.332205,False
breitbart.com,twitter.com,4.0,1.609438,False
leftword.blogdig.net,twitter.com,14.0,2.70805,False
realclearpolitics.com,twitter.com,2.0,1.098612,False
sepiamutiny.com,twitter.com,33.0,3.526361,False
time.com,twitter.com,3.0,1.386294,False
icestationtango.blogspot.com,twitter.com,122.0,4.812184,False
feedproxy.google.com,twitter.com,382.0,5.948035,False
arstechnica.com,twitter.com,5.0,1.791759,False
dumpbachmann.blogspot.com,twitter.com,5.0,1.791759,False
news.com.au,twitter.com,34.0,3.555348,False
examiner.com,twitter.com,17.0,2.890372,False
slate.com,twitter.com,21.0,3.091042,False
chicagotribune.com,twitter.com,27.0,3.332205,False
businessweek.com,twitter.com,4.0,1.609438,False
i.gizmodo.com,twitter.com,112.0,4.727388,False
news.cnet.com,twitter.com,179.0,5.192957,False
boston.com,twitter.com,81.0,4.406719,False
hotair.com,twitter.com,4.0,1.609438,False
greenwichroundup.blogspot.com,twitter.com,3.0,1.386294,False
theragblog.blogspot.com,twitter.com,2.0,1.098612,False
newsbusters.org,twitter.com,3.0,1.386294,False
foxnews.com,twitter.com,7.0,2.079442,False
npr.org,twitter.com,10.0,2.397895,False
seattletimes.nwsource.com,twitter.com,8.0,2.197225,False
reason.com,twitter.com,12.0,2.564949,False
huffingtonpost.com,twitter.com,47.0,3.871201,False
economist.com,twitter.com,8.0,2.197225,False
theplaylist.blogspot.com,twitter.com,562.0,6.33328,False
chacha.com,twitter.com,13.0,2.639057,False
djtechnocrat.blogspot.com,twitter.com,28.0,3.367296,False
danceswithanxiety.blogspot.com,twitter.com,5.0,1.791759,False
edition.cnn.com,twitter.com,69.0,4.248495,False
telegraph.co.uk,twitter.com,23.0,3.178054,False
reuters.com,twitter.com,11.0,2.484907,False
technologyexpert.blogspot.com,twitter.com,128.0,4.859812,False
newscientist.com,twitter.com,2.0,1.098612,False
cbsnews.com,twitter.com,11.0,2.484907,False
gizmodo.com,twitter.com,7.0,2.079442,False
capitalfax.blogspot.com,twitter.com,5.0,1.791759,False
buckmire.blogspot.com,twitter.com,5.0,1.791759,False
superpunch.blogspot.com,twitter.com,17.0,2.890372,False
forbes.com,twitter.com,10.0,2.397895,False
treehugger.com,twitter.com,7.0,2.079442,False
informationweek.com,twitter.com,36.0,3.610918,False
thenation.com,twitter.com,3.0,1.386294,False
blogs.zdnet.com,twitter.com,28.0,3.367296,False
money.cnn.com,twitter.com,13.0,2.639057,False
concurringopinions.com,twitter.com,4.0,1.609438,False
evolvehappy.com,twitter.com,2.0,1.098612,False
blog.wired.com,twitter.com,37.0,3.637586,False
cnn.com,twitter.com,233.0,5.455321,False
cbc.ca,twitter.com,6.0,1.94591,False
deadspin.com,twitter.com,55.0,4.025352,False
cajunboyinthecity.blogspot.com,twitter.com,151.0,5.023881,False
marketwatch.com,twitter.com,11.0,2.484907,False
nymag.com,twitter.com,10.0,2.397895,False
kotaku.com,twitter.com,17.0,2.890372,False
sfgate.com,twitter.com,19.0,2.995732,False
psycmeistr.blogspot.com,twitter.com,2.0,1.098612,False
bbc.co.uk,twitter.com,36.0,3.610918,False
ft.com,twitter.com,18.0,2.944439,False
sportsnipe.com,twitter.com,3.0,1.386294,False
newportcity.blogspot.com,twitter.com,2.0,1.098612,False
digitalspy.co.uk,twitter.com,243.0,5.497168,False
latimes.com,twitter.com,10.0,2.397895,False
michellemalkin.com,twitter.com,3.0,1.386294,False
blogs.wsj.com,twitter.com,34.0,3.555348,False
startribune.com,twitter.com,89.0,4.49981,False
alterdestiny.blogspot.com,twitter.com,17.0,2.890372,False
eonline.com,twitter.com,196.0,5.283204,False
downwithtyranny.blogspot.com,twitter.com,6.0,1.94591,False
d-day.blogspot.com,twitter.com,14.0,2.70805,False
blogs.abcnews.com,twitter.com,7.0,2.079442,False
thepoliticalcarnival.blogspot.com,twitter.com,128.0,4.859812,False
holycoast.blogspot.com,twitter.com,4.0,1.609438,False
guardian.co.uk,twitter.com,74.0,4.317488,False
salon.com,twitter.com,48.0,3.89182,False
theglobeandmail.com,twitter.com,8.0,2.197225,False
techcrunch.com,twitter.com,93.0,4.543295,False
thinkprogress.org,twitter.com,8.0,2.197225,False
philly.com,twitter.com,31.0,3.465736,False
commondreams.org,twitter.com,2.0,1.098612,False
ionarts.blogspot.com,twitter.com,2.0,1.098612,False
digg.com,twitter.com,6.0,1.94591,False
plime.com,uk.reuters.com,14.0,2.70805,False
concurringopinions.com,uk.reuters.com,5.0,1.791759,False
newportcity.blogspot.com,uk.reuters.com,13.0,2.639057,False
informationweek.com,uk.reuters.com,4.0,1.609438,False
evolvehappy.com,uk.reuters.com,2.0,1.098612,False
blogs.zdnet.com,uk.reuters.com,3.0,1.386294,False
kennysideshow.blogspot.com,uk.reuters.com,7.0,2.079442,False
realclearpolitics.com,uk.reuters.com,3.0,1.386294,False
downwithtyranny.blogspot.com,uk.reuters.com,5.0,1.791759,False
superpunch.blogspot.com,uk.reuters.com,2.0,1.098612,False
fivethirtyeight.com,uk.reuters.com,5.0,1.791759,False
treehugger.com,uk.reuters.com,8.0,2.197225,False
djtechnocrat.blogspot.com,uk.reuters.com,12.0,2.564949,False
sportsnipe.com,uk.reuters.com,24.0,3.218876,False
dailykos.com,uk.reuters.com,3.0,1.386294,False
feeds.gothamistllc.com,uk.reuters.com,11.0,2.484907,False
blog.wired.com,uk.reuters.com,7.0,2.079442,False
pajamasmedia.com,uk.reuters.com,4.0,1.609438,False
classicalvalues.com,uk.reuters.com,3.0,1.386294,False
salon.com,uk.reuters.com,13.0,2.639057,False
technologyexpert.blogspot.com,uk.reuters.com,54.0,4.007333,False
megite.com,uk.reuters.com,18.0,2.944439,False
alterdestiny.blogspot.com,uk.reuters.com,6.0,1.94591,False
slate.com,uk.reuters.com,2.0,1.098612,False
chacha.com,uk.reuters.com,2.0,1.098612,False
thenation.com,uk.reuters.com,3.0,1.386294,False
digitalspy.co.uk,uk.reuters.com,6.0,1.94591,False
leftword.blogdig.net,uk.reuters.com,5.0,1.791759,False
psycmeistr.blogspot.com,uk.reuters.com,2.0,1.098612,False
seekingalpha.com,uk.reuters.com,15.0,2.772589,False
cinie.wordpress.com,uk.reuters.com,22.0,3.135494,False
tundratabloid.blogspot.com,uk.reuters.com,4.0,1.609438,False
nandigramunited.blogspot.com,uk.reuters.com,26.0,3.295837,False
jezebel.com,uk.reuters.com,2.0,1.098612,False
nymag.com,uk.reuters.com,7.0,2.079442,False
huffingtonpost.com,uk.reuters.com,13.0,2.639057,False
commondreams.org,uk.reuters.com,4.0,1.609438,False
icestationtango.blogspot.com,uk.reuters.com,2.0,1.098612,False
chron.com,uk.reuters.com,2.0,1.098612,False
blogs.wsj.com,uk.reuters.com,17.0,2.890372,False
joshingpolitics.blogspot.com,uk.reuters.com,2.0,1.098612,False
mahalo.com,uk.reuters.com,50.0,3.931826,False
rss.feedsportal.com,uk.reuters.com,24.0,3.218876,False
theplaylist.blogspot.com,uk.reuters.com,7.0,2.079442,False
ronmwangaguhunga.blogspot.com,uk.reuters.com,4.0,1.609438,False
cujo359.blogspot.com,uk.reuters.com,6.0,1.94591,False
theragblog.blogspot.com,uk.reuters.com,4.0,1.609438,False
alternet.org,uk.reuters.com,2.0,1.098612,False
feedproxy.google.com,uk.reuters.com,2.0,1.098612,False
jihadwatch.org,uk.reuters.com,16.0,2.833213,False
d-day.blogspot.com,uk.reuters.com,2.0,1.098612,False
theautomaticearth.blogspot.com,uk.reuters.com,146.0,4.990433,False
time.com,uk.reuters.com,6.0,1.94591,False
greenwichroundup.blogspot.com,uk.reuters.com,4.0,1.609438,False
businessweek.com,uk.reuters.com,5.0,1.791759,False
gawker.com,uk.reuters.com,2.0,1.098612,False
circleof13.blogspot.com,uk.reuters.com,5.0,1.791759,False
guardian.co.uk,uk.reuters.com,7.0,2.079442,False
thinkprogress.org,uk.reuters.com,2.0,1.098612,False
thedisbrimstone-dailypitchfork.blogspot.com,uk.reuters.com,2.0,1.098612,False
reason.com,uk.reuters.com,2.0,1.098612,False
crooksandliars.com,uk.reuters.com,3.0,1.386294,False
firstread.msnbc.msn.com,uk.reuters.com,4.0,1.609438,False
babbazeesbrain.blogspot.com,uk.reuters.com,303.0,5.717028,False
buckmire.blogspot.com,uk.reuters.com,4.0,1.609438,False
ourlatinamerica.blogspot.com,uk.reuters.com,1435.0,7.269617,False
blogs.abcnews.com,uk.reuters.com,6.0,1.94591,False
reuters.com,uk.reuters.com,9.0,2.302585,False
news.google.com,uk.reuters.com,16.0,2.833213,False
tinyurl.com,us.rd.yahoo.com,3.0,1.386294,False
nandigramunited.blogspot.com,us.rd.yahoo.com,50.0,3.931826,False
sportsnipe.com,us.rd.yahoo.com,5184.0,8.553525,False
rebellenation.blogspot.com,us.rd.yahoo.com,16.0,2.833213,False
icestationtango.blogspot.com,us.rd.yahoo.com,2.0,1.098612,False
thepoliticalcarnival.blogspot.com,us.rd.yahoo.com,3.0,1.386294,False
news.yahoo.com,us.rd.yahoo.com,11556.0,9.355047,False
seekingalpha.com,us.rd.yahoo.com,513.0,6.242223,False
ronmwangaguhunga.blogspot.com,us.rd.yahoo.com,2.0,1.098612,False
finance.yahoo.com,us.rd.yahoo.com,3601.0,8.189245,False
forum.dvdtalk.com,us.rd.yahoo.com,48.0,3.89182,False
psycmeistr.blogspot.com,us.rd.yahoo.com,12.0,2.564949,False
d-day.blogspot.com,us.rd.yahoo.com,21.0,3.091042,False
kennysideshow.blogspot.com,us.rd.yahoo.com,5.0,1.791759,False
djtechnocrat.blogspot.com,us.rd.yahoo.com,9.0,2.302585,False
joshingpolitics.blogspot.com,us.rd.yahoo.com,4.0,1.609438,False
economist.com,us.rd.yahoo.com,4.0,1.609438,False
imdb.com,us.rd.yahoo.com,3.0,1.386294,False
bloomberg.com,us.rd.yahoo.com,43.0,3.78419,False
bbc.co.uk,us.rd.yahoo.com,3.0,1.386294,False
engadget.com,us.rd.yahoo.com,108.0,4.691348,False
telegraph.co.uk,us.rd.yahoo.com,14.0,2.70805,False
forbes.com,us.rd.yahoo.com,103.0,4.644391,False
theglobeandmail.com,us.rd.yahoo.com,5.0,1.791759,False
cdc.gov,us.rd.yahoo.com,16.0,2.833213,False
blogs.zdnet.com,us.rd.yahoo.com,39.0,3.688879,False
guardian.co.uk,us.rd.yahoo.com,63.0,4.158883,False
npr.org,us.rd.yahoo.com,17.0,2.890372,False
businessweek.com,us.rd.yahoo.com,54.0,4.007333,False
gawker.com,us.rd.yahoo.com,11.0,2.484907,False
sports.espn.go.com,us.rd.yahoo.com,31.0,3.465736,False
marketwatch.com,us.rd.yahoo.com,44.0,3.806662,False
latimesblogs.latimes.com,us.rd.yahoo.com,6.0,1.94591,False
microsoft.com,us.rd.yahoo.com,45.0,3.828641,False
news.com.au,us.rd.yahoo.com,6.0,1.94591,False
edition.cnn.com,us.rd.yahoo.com,5.0,1.791759,False
cbc.ca,us.rd.yahoo.com,27.0,3.332205,False
independent.co.uk,us.rd.yahoo.com,3.0,1.386294,False
flickr.com,us.rd.yahoo.com,16.0,2.833213,False
blog.wired.com,us.rd.yahoo.com,28.0,3.367296,False
huffingtonpost.com,us.rd.yahoo.com,3.0,1.386294,False
news.cnet.com,us.rd.yahoo.com,38.0,3.663562,False
informationweek.com,us.rd.yahoo.com,8.0,2.197225,False
cnn.com,us.rd.yahoo.com,10.0,2.397895,False
suntimes.com,us.rd.yahoo.com,3.0,1.386294,False
nymag.com,us.rd.yahoo.com,2.0,1.098612,False
myspace.com,us.rd.yahoo.com,28.0,3.367296,False
reuters.com,us.rd.yahoo.com,41.0,3.73767,False
newsweek.com,us.rd.yahoo.com,13.0,2.639057,False
blog.openitstrategies.com,us.rd.yahoo.com,13.0,2.639057,False
abcnews.go.com,us.rd.yahoo.com,5.0,1.791759,False
cbsnews.com,us.rd.yahoo.com,3.0,1.386294,False
uk.reuters.com,us.rd.yahoo.com,7.0,2.079442,False
seattletimes.nwsource.com,us.rd.yahoo.com,22.0,3.135494,False
nytimes.com,us.rd.yahoo.com,66.0,4.204693,False
blogger.com,us.rd.yahoo.com,4.0,1.609438,False
hotair.com,us.rd.yahoo.com,2.0,1.098612,False
topics.nytimes.com,us.rd.yahoo.com,12.0,2.564949,False
apple.com,us.rd.yahoo.com,26.0,3.295837,False
nypost.com,us.rd.yahoo.com,12.0,2.564949,False
google.com,us.rd.yahoo.com,46.0,3.850148,False
del.icio.us,us.rd.yahoo.com,38.0,3.663562,False
sfgate.com,us.rd.yahoo.com,7.0,2.079442,False
startribune.com,us.rd.yahoo.com,3.0,1.386294,False
gizmodo.com,us.rd.yahoo.com,45.0,3.828641,False
news.bbc.co.uk,us.rd.yahoo.com,10.0,2.397895,False
chicagotribune.com,us.rd.yahoo.com,4.0,1.609438,False
time.com,us.rd.yahoo.com,16.0,2.833213,False
blogs.wsj.com,us.rd.yahoo.com,10.0,2.397895,False
digg.com,us.rd.yahoo.com,177.0,5.181784,False
dailymail.co.uk,us.rd.yahoo.com,14.0,2.70805,False
deadspin.com,us.rd.yahoo.com,4.0,1.609438,False
i.gizmodo.com,us.rd.yahoo.com,14.0,2.70805,False
facebook.com,us.rd.yahoo.com,41.0,3.73767,False
techcrunch.com,us.rd.yahoo.com,75.0,4.330733,False
online.wsj.com,us.rd.yahoo.com,247.0,5.513429,False
latimes.com,us.rd.yahoo.com,11.0,2.484907,False
foxnews.com,us.rd.yahoo.com,4.0,1.609438,False
en.wikipedia.org,us.rd.yahoo.com,87.0,4.477337,False
twitter.com,us.rd.yahoo.com,252.0,5.533389,False
boston.com,us.rd.yahoo.com,93.0,4.543295,False
arstechnica.com,us.rd.yahoo.com,18.0,2.944439,False
ft.com,us.rd.yahoo.com,35.0,3.583519,False
newyorker.com,us.rd.yahoo.com,3.0,1.386294,False
news.google.com,us.rd.yahoo.com,2.0,1.098612,False
money.cnn.com,us.rd.yahoo.com,86.0,4.465908,False
pcworld.com,us.rd.yahoo.com,26.0,3.295837,False
amazon.com,us.rd.yahoo.com,35.0,3.583519,False
politico.com,us.rd.yahoo.com,32.0,3.496508,False
nydailynews.com,us.rd.yahoo.com,26.0,3.295837,False
maps.google.com,us.rd.yahoo.com,3.0,1.386294,False
slate.com,us.rd.yahoo.com,4.0,1.609438,False
philly.com,us.rd.yahoo.com,8.0,2.197225,False
feedproxy.google.com,us.rd.yahoo.com,4.0,1.609438,False
examiner.com,usatoday.com,7.0,2.079442,False
ourlatinamerica.blogspot.com,usatoday.com,20.0,3.044522,False
pcworld.com,usatoday.com,4.0,1.609438,False
gawker.com,usatoday.com,13.0,2.639057,False
conservapedia.com,usatoday.com,33.0,3.526361,False
news.cnet.com,usatoday.com,13.0,2.639057,False
blog.wired.com,usatoday.com,9.0,2.302585,False
ibloga.blogspot.com,usatoday.com,7.0,2.079442,False
blogs.abcnews.com,usatoday.com,385.0,5.955837,False
jezebel.com,usatoday.com,53.0,3.988984,False
theplaylist.blogspot.com,usatoday.com,42.0,3.7612,False
icestationtango.blogspot.com,usatoday.com,37.0,3.637586,False
deadspin.com,usatoday.com,41.0,3.73767,False
newportcity.blogspot.com,usatoday.com,6.0,1.94591,False
cnn.com,usatoday.com,7.0,2.079442,False
prospect.org,usatoday.com,4.0,1.609438,False
reason.com,usatoday.com,18.0,2.944439,False
superpunch.blogspot.com,usatoday.com,16.0,2.833213,False
huffingtonpost.com,usatoday.com,7.0,2.079442,False
blog.badtux.net,usatoday.com,84.0,4.442651,False
seekingalpha.com,usatoday.com,8.0,2.197225,False
money.cnn.com,usatoday.com,2.0,1.098612,False
theautomaticearth.blogspot.com,usatoday.com,54.0,4.007333,False
danceswithanxiety.blogspot.com,usatoday.com,13.0,2.639057,False
althouse.blogspot.com,usatoday.com,11.0,2.484907,False
economist.com,usatoday.com,4.0,1.609438,False
guardian.co.uk,usatoday.com,5.0,1.791759,False
classicalvalues.com,usatoday.com,20.0,3.044522,False
rss.feedsportal.com,usatoday.com,18.0,2.944439,False
downwithtyranny.blogspot.com,usatoday.com,44.0,3.806662,False
sepiamutiny.com,usatoday.com,43.0,3.78419,False
alterdestiny.blogspot.com,usatoday.com,7.0,2.079442,False
slate.com,usatoday.com,52.0,3.970292,False
joshingpolitics.blogspot.com,usatoday.com,35.0,3.583519,False
dailykos.com,usatoday.com,10.0,2.397895,False
freerepublic.com,usatoday.com,4.0,1.609438,False
theragblog.blogspot.com,usatoday.com,22.0,3.135494,False
d-day.blogspot.com,usatoday.com,54.0,4.007333,False
cinie.wordpress.com,usatoday.com,70.0,4.26268,False
blog.openitstrategies.com,usatoday.com,72.0,4.290459,False
sfgate.com,usatoday.com,3.0,1.386294,False
jihadwatch.org,usatoday.com,32.0,3.496508,False
capitalfax.blogspot.com,usatoday.com,70.0,4.26268,False
firstread.msnbc.msn.com,usatoday.com,94.0,4.553877,False
ronmwangaguhunga.blogspot.com,usatoday.com,34.0,3.555348,False
atlasshrugs2000.typepad.com,usatoday.com,10.0,2.397895,False
concurringopinions.com,usatoday.com,28.0,3.367296,False
edition.cnn.com,usatoday.com,3.0,1.386294,False
thepoliticalcarnival.blogspot.com,usatoday.com,47.0,3.871201,False
feedproxy.google.com,usatoday.com,2.0,1.098612,False
newsbusters.org,usatoday.com,19.0,2.995732,False
technologyexpert.blogspot.com,usatoday.com,61.0,4.127134,False
ionarts.blogspot.com,usatoday.com,2.0,1.098612,False
buckmire.blogspot.com,usatoday.com,36.0,3.610918,False
realclearpolitics.com,usatoday.com,50.0,3.931826,False
crooksandliars.com,usatoday.com,11.0,2.484907,False
angrybear.blogspot.com,usatoday.com,26.0,3.295837,False
thedisbrimstone-dailypitchfork.blogspot.com,usatoday.com,9.0,2.302585,False
arstechnica.com,usatoday.com,2.0,1.098612,False
salon.com,usatoday.com,5.0,1.791759,False
feeds.gothamistllc.com,usatoday.com,13.0,2.639057,False
gizmodo.com,usatoday.com,2.0,1.098612,False
cajunboyinthecity.blogspot.com,usatoday.com,12.0,2.564949,False
psycmeistr.blogspot.com,usatoday.com,25.0,3.258097,False
nandigramunited.blogspot.com,usatoday.com,9.0,2.302585,False
alternet.org,usatoday.com,11.0,2.484907,False
commondreams.org,usatoday.com,8.0,2.197225,False
plime.com,usatoday.com,16.0,2.833213,False
rebellenation.blogspot.com,usatoday.com,9.0,2.302585,False
dumpbachmann.blogspot.com,usatoday.com,4.0,1.609438,False
tigerhawk.blogspot.com,usatoday.com,17.0,2.890372,False
nomoremister.blogspot.com,usatoday.com,35.0,3.583519,False
lefarkins.blogspot.com,usatoday.com,19.0,2.995732,False
cujo359.blogspot.com,usatoday.com,13.0,2.639057,False
chacha.com,usatoday.com,52.0,3.970292,False
megite.com,usatoday.com,129.0,4.867534,False
msnbc.msn.com,usatoday.com,2.0,1.098612,False
leftword.blogdig.net,usatoday.com,21.0,3.091042,False
sportsnipe.com,usatoday.com,513.0,6.242223,False
circleof13.blogspot.com,usatoday.com,2.0,1.098612,False
babbazeesbrain.blogspot.com,usatoday.com,30.0,3.433987,False
cbsnews.com,usatoday.com,2.0,1.098612,False
kennysideshow.blogspot.com,usatoday.com,31.0,3.465736,False
djtechnocrat.blogspot.com,usatoday.com,19.0,2.995732,False
us.rd.yahoo.com,usatoday.com,17.0,2.890372,False
techcrunch.com,usatoday.com,6.0,1.94591,False
holycoast.blogspot.com,usatoday.com,25.0,3.258097,False
otherclub.blogspot.com,usatoday.com,9.0,2.302585,False
blogs.zdnet.com,usatoday.com,7.0,2.079442,False
forum.dvdtalk.com,usatoday.com,25.0,3.258097,False
fivethirtyeight.com,usatoday.com,14.0,2.70805,False
thinkprogress.org,usatoday.com,21.0,3.091042,False
thenation.com,usatoday.com,2.0,1.098612,False
boston.com,usatoday.com,3.0,1.386294,False
tundratabloid.blogspot.com,usatoday.com,13.0,2.639057,False
greenwichroundup.blogspot.com,usatoday.com,7.0,2.079442,False
feeds.gawker.com,usatoday.com,7.0,2.079442,False
mahalo.com,usatoday.com,625.0,6.43935,False
evolvehappy.com,usatoday.com,13.0,2.639057,False
twitter.com,usatoday.com,5.0,1.791759,False
newscientist.com,usatoday.com,2.0,1.098612,False
google.com,usatoday.com,27.0,3.332205,False
microsoft.com,usatoday.com,2.0,1.098612,False
amazon.com,usatoday.com,2.0,1.098612,False
news.google.com,usatoday.com,312.0,5.746203,False
greenwichroundup.blogspot.com,usnews.com,80.0,4.394449,False
sportsnipe.com,usnews.com,12.0,2.564949,False
nomoremister.blogspot.com,usnews.com,7.0,2.079442,False
scienceblogs.com,usnews.com,3.0,1.386294,False
prospect.org,usnews.com,2.0,1.098612,False
seekingalpha.com,usnews.com,3.0,1.386294,False
cujo359.blogspot.com,usnews.com,2.0,1.098612,False
althouse.blogspot.com,usnews.com,5.0,1.791759,False
jihadwatch.org,usnews.com,5.0,1.791759,False
holycoast.blogspot.com,usnews.com,18.0,2.944439,False
salon.com,usnews.com,18.0,2.944439,False
tigerhawk.blogspot.com,usnews.com,4.0,1.609438,False
forbes.com,usnews.com,6.0,1.94591,False
cinie.wordpress.com,usnews.com,24.0,3.218876,False
feeds.gothamistllc.com,usnews.com,2.0,1.098612,False
news.cnet.com,usnews.com,2.0,1.098612,False
icestationtango.blogspot.com,usnews.com,5.0,1.791759,False
downwithtyranny.blogspot.com,usnews.com,11.0,2.484907,False
alterdestiny.blogspot.com,usnews.com,64.0,4.174387,False
rebellenation.blogspot.com,usnews.com,8.0,2.197225,False
mahalo.com,usnews.com,23.0,3.178054,False
slate.com,usnews.com,4.0,1.609438,False
capitalfax.blogspot.com,usnews.com,26.0,3.295837,False
ibloga.blogspot.com,usnews.com,2.0,1.098612,False
babbazeesbrain.blogspot.com,usnews.com,33.0,3.526361,False
guardian.co.uk,usnews.com,6.0,1.94591,False
kennysideshow.blogspot.com,usnews.com,3.0,1.386294,False
superpunch.blogspot.com,usnews.com,15.0,2.772589,False
commondreams.org,usnews.com,2.0,1.098612,False
nandigramunited.blogspot.com,usnews.com,5.0,1.791759,False
businessweek.com,usnews.com,8.0,2.197225,False
classicalvalues.com,usnews.com,4.0,1.609438,False
examiner.com,usnews.com,2.0,1.098612,False
tundratabloid.blogspot.com,usnews.com,53.0,3.988984,False
newsbusters.org,usnews.com,15.0,2.772589,False
fivethirtyeight.com,usnews.com,98.0,4.59512,False
theragblog.blogspot.com,usnews.com,6.0,1.94591,False
d-day.blogspot.com,usnews.com,12.0,2.564949,False
thedisbrimstone-dailypitchfork.blogspot.com,usnews.com,6.0,1.94591,False
realclearpolitics.com,usnews.com,5.0,1.791759,False
blog.openitstrategies.com,usnews.com,4.0,1.609438,False
boston.com,usnews.com,4.0,1.609438,False
concurringopinions.com,usnews.com,14.0,2.70805,False
psycmeistr.blogspot.com,usnews.com,2.0,1.098612,False
ronmwangaguhunga.blogspot.com,usnews.com,8.0,2.197225,False
sepiamutiny.com,usnews.com,3.0,1.386294,False
thinkprogress.org,usnews.com,5.0,1.791759,False
crooksandliars.com,usnews.com,3.0,1.386294,False
danceswithanxiety.blogspot.com,usnews.com,2.0,1.098612,False
joshingpolitics.blogspot.com,usnews.com,8.0,2.197225,False
us.rd.yahoo.com,usnews.com,4.0,1.609438,False
leftword.blogdig.net,usnews.com,9.0,2.302585,False
theautomaticearth.blogspot.com,usnews.com,4.0,1.609438,False
latimes.com,usnews.com,16.0,2.833213,False
freerepublic.com,usnews.com,3.0,1.386294,False
huffingtonpost.com,usnews.com,35.0,3.583519,False
feeds.gawker.com,usnews.com,3.0,1.386294,False
atlasshrugs2000.typepad.com,usnews.com,4.0,1.609438,False
blog.badtux.net,usnews.com,3.0,1.386294,False
treehugger.com,usnews.com,6.0,1.94591,False
otherclub.blogspot.com,usnews.com,9.0,2.302585,False
economist.com,usnews.com,10.0,2.397895,False
jezebel.com,usnews.com,35.0,3.583519,False
angrybear.blogspot.com,usnews.com,7.0,2.079442,False
chacha.com,usnews.com,5.0,1.791759,False
thepoliticalcarnival.blogspot.com,usnews.com,87.0,4.477337,False
djtechnocrat.blogspot.com,usnews.com,8.0,2.197225,False
pajamasmedia.com,usnews.com,4.0,1.609438,False
cbsnews.com,usnews.com,2.0,1.098612,False
amazon.com,usnews.com,45.0,3.828641,False
mediamatters.org,usnews.com,3.0,1.386294,False
arstechnica.com,usnews.com,2.0,1.098612,False
ft.com,usnews.com,20.0,3.044522,False
startribune.com,usnews.com,4.0,1.609438,False
npr.org,usnews.com,9.0,2.302585,False
msnbc.msn.com,usnews.com,13.0,2.639057,False
news.yahoo.com,usnews.com,45.0,3.828641,False
abcnews.go.com,usnews.com,5.0,1.791759,False
sfgate.com,usnews.com,2.0,1.098612,False
firstread.msnbc.msn.com,usnews.com,2.0,1.098612,False
online.wsj.com,usnews.com,61.0,4.127134,False
latimesblogs.latimes.com,usnews.com,10.0,2.397895,False
chron.com,usnews.com,2.0,1.098612,False
pbs.org,usnews.com,122.0,4.812184,False
nypost.com,usnews.com,5.0,1.791759,False
imdb.com,usnews.com,2.0,1.098612,False
pcworld.com,usnews.com,2.0,1.098612,False
time.com,usnews.com,3.0,1.386294,False
dailykos.com,usnews.com,8.0,2.197225,False
google.com,usnews.com,40.0,3.713572,False
usatoday.com,usnews.com,21.0,3.091042,False
suntimes.com,usnews.com,7.0,2.079442,False
michellemalkin.com,usnews.com,2.0,1.098612,False
cdc.gov,usnews.com,11.0,2.484907,False
uk.reuters.com,usnews.com,6.0,1.94591,False
nytimes.com,usnews.com,75.0,4.330733,False
en.wikipedia.org,usnews.com,11.0,2.484907,False
newyorker.com,usnews.com,3.0,1.386294,False
reuters.com,usnews.com,2.0,1.098612,False
blogs.wsj.com,usnews.com,3.0,1.386294,False
nydailynews.com,usnews.com,2.0,1.098612,False
cbc.ca,usnews.com,3.0,1.386294,False
cnn.com,usnews.com,7.0,2.079442,False
twitter.com,usnews.com,6.0,1.94591,False
nymag.com,usnews.com,9.0,2.302585,False
bloomberg.com,usnews.com,15.0,2.772589,False
telegraph.co.uk,usnews.com,2.0,1.098612,False
edition.cnn.com,usnews.com,2.0,1.098612,False
finance.yahoo.com,usnews.com,4.0,1.609438,False
hotair.com,usnews.com,14.0,2.70805,False
chicagotribune.com,usnews.com,9.0,2.302585,False
corner.nationalreview.com,usnews.com,37.0,3.637586,False
foxnews.com,usnews.com,10.0,2.397895,False
facebook.com,usnews.com,2.0,1.098612,False
politico.com,usnews.com,53.0,3.988984,False
reason.com,usnews.com,13.0,2.639057,False
kotaku.com,vimeo.com,12.0,2.564949,False
theplaylist.blogspot.com,vimeo.com,7.0,2.079442,False
huffingtonpost.com,vimeo.com,9.0,2.302585,False
feedproxy.google.com,vimeo.com,16.0,2.833213,False
digitalspy.co.uk,vimeo.com,66.0,4.204693,False
forum.dvdtalk.com,vimeo.com,58.0,4.077537,False
chacha.com,vimeo.com,2.0,1.098612,False
blog.wired.com,vimeo.com,3.0,1.386294,False
downwithtyranny.blogspot.com,vimeo.com,7.0,2.079442,False
cajunboyinthecity.blogspot.com,vimeo.com,18.0,2.944439,False
treehugger.com,vimeo.com,33.0,3.526361,False
theragblog.blogspot.com,vimeo.com,14.0,2.70805,False
gawker.com,vimeo.com,59.0,4.094345,False
kennysideshow.blogspot.com,vimeo.com,3.0,1.386294,False
i.gizmodo.com,vimeo.com,19.0,2.995732,False
theautomaticearth.blogspot.com,vimeo.com,4.0,1.609438,False
us.rd.yahoo.com,vimeo.com,2.0,1.098612,False
cbc.ca,vimeo.com,2.0,1.098612,False
superpunch.blogspot.com,vimeo.com,79.0,4.382027,False
jezebel.com,vimeo.com,12.0,2.564949,False
circleof13.blogspot.com,vimeo.com,6.0,1.94591,False
buckmire.blogspot.com,vimeo.com,2.0,1.098612,False
ourlatinamerica.blogspot.com,vimeo.com,8.0,2.197225,False
icestationtango.blogspot.com,vimeo.com,3.0,1.386294,False
evolvehappy.com,vimeo.com,815.0,6.704414,False
rss.feedsportal.com,vimeo.com,8.0,2.197225,False
feeds.gothamistllc.com,vimeo.com,60.0,4.110874,False
boston.com,vimeo.com,2.0,1.098612,False
slate.com,vimeo.com,3.0,1.386294,False
joshingpolitics.blogspot.com,vimeo.com,3.0,1.386294,False
eonline.com,vimeo.com,15.0,2.772589,False
thedisbrimstone-dailypitchfork.blogspot.com,vimeo.com,2.0,1.098612,False
thepoliticalcarnival.blogspot.com,vimeo.com,7.0,2.079442,False
sepiamutiny.com,vimeo.com,2.0,1.098612,False
feeds.gawker.com,vimeo.com,6.0,1.94591,False
gizmodo.com,vimeo.com,8.0,2.197225,False
deadspin.com,vimeo.com,2.0,1.098612,False
megite.com,vimeo.com,11.0,2.484907,False
danceswithanxiety.blogspot.com,vimeo.com,21.0,3.091042,False
mahalo.com,vimeo.com,19.0,2.995732,False
djtechnocrat.blogspot.com,vimeo.com,29.0,3.401197,False
dumpbachmann.blogspot.com,voices.washingtonpost.com,2.0,1.098612,False
megite.com,voices.washingtonpost.com,54.0,4.007333,False
thepoliticalcarnival.blogspot.com,voices.washingtonpost.com,49.0,3.912023,False
townhall.com,voices.washingtonpost.com,5.0,1.791759,False
sportsnipe.com,voices.washingtonpost.com,105.0,4.663439,False
cinie.wordpress.com,voices.washingtonpost.com,113.0,4.736198,False
rss.feedsportal.com,voices.washingtonpost.com,4.0,1.609438,False
crooksandliars.com,voices.washingtonpost.com,6.0,1.94591,False
alterdestiny.blogspot.com,voices.washingtonpost.com,135.0,4.912655,False
slate.com,voices.washingtonpost.com,2.0,1.098612,False
evolvehappy.com,voices.washingtonpost.com,5.0,1.791759,False
sepiamutiny.com,voices.washingtonpost.com,5.0,1.791759,False
joshingpolitics.blogspot.com,voices.washingtonpost.com,18.0,2.944439,False
jezebel.com,voices.washingtonpost.com,14.0,2.70805,False
downwithtyranny.blogspot.com,voices.washingtonpost.com,37.0,3.637586,False
prospect.org,voices.washingtonpost.com,4.0,1.609438,False
news.cnet.com,voices.washingtonpost.com,3.0,1.386294,False
danceswithanxiety.blogspot.com,voices.washingtonpost.com,4.0,1.609438,False
tigerhawk.blogspot.com,voices.washingtonpost.com,3.0,1.386294,False
ibloga.blogspot.com,voices.washingtonpost.com,3.0,1.386294,False
cajunboyinthecity.blogspot.com,voices.washingtonpost.com,4.0,1.609438,False
althouse.blogspot.com,voices.washingtonpost.com,3.0,1.386294,False
feeds.gawker.com,voices.washingtonpost.com,4.0,1.609438,False
dailykos.com,voices.washingtonpost.com,10.0,2.397895,False
cujo359.blogspot.com,voices.washingtonpost.com,4.0,1.609438,False
alternet.org,voices.washingtonpost.com,4.0,1.609438,False
buckmire.blogspot.com,voices.washingtonpost.com,2.0,1.098612,False
guardian.co.uk,voices.washingtonpost.com,11.0,2.484907,False
realclearpolitics.com,voices.washingtonpost.com,23.0,3.178054,False
lefarkins.blogspot.com,voices.washingtonpost.com,8.0,2.197225,False
gawker.com,voices.washingtonpost.com,12.0,2.564949,False
leftword.blogdig.net,voices.washingtonpost.com,28.0,3.367296,False
michellemalkin.com,voices.washingtonpost.com,3.0,1.386294,False
reason.com,voices.washingtonpost.com,3.0,1.386294,False
kennysideshow.blogspot.com,voices.washingtonpost.com,2.0,1.098612,False
mahalo.com,voices.washingtonpost.com,20.0,3.044522,False
holycoast.blogspot.com,voices.washingtonpost.com,2.0,1.098612,False
thedisbrimstone-dailypitchfork.blogspot.com,voices.washingtonpost.com,5.0,1.791759,False
chacha.com,voices.washingtonpost.com,2.0,1.098612,False
angrybear.blogspot.com,voices.washingtonpost.com,2.0,1.098612,False
technologyexpert.blogspot.com,voices.washingtonpost.com,6.0,1.94591,False
examiner.com,voices.washingtonpost.com,18.0,2.944439,False
feeds.gothamistllc.com,voices.washingtonpost.com,47.0,3.871201,False
nomoremister.blogspot.com,voices.washingtonpost.com,5.0,1.791759,False
theragblog.blogspot.com,voices.washingtonpost.com,6.0,1.94591,False
atlasshrugs2000.typepad.com,voices.washingtonpost.com,7.0,2.079442,False
salon.com,voices.washingtonpost.com,25.0,3.258097,False
ourlatinamerica.blogspot.com,voices.washingtonpost.com,198.0,5.293305,False
rebellenation.blogspot.com,voices.washingtonpost.com,5.0,1.791759,False
ionarts.blogspot.com,voices.washingtonpost.com,168.0,5.129899,False
nymag.com,voices.washingtonpost.com,5.0,1.791759,False
seekingalpha.com,voices.washingtonpost.com,8.0,2.197225,False
concurringopinions.com,voices.washingtonpost.com,4.0,1.609438,False
blogs.abcnews.com,voices.washingtonpost.com,29.0,3.401197,False
deadspin.com,voices.washingtonpost.com,20.0,3.044522,False
conservapedia.com,voices.washingtonpost.com,9.0,2.302585,False
pcworld.com,voices.washingtonpost.com,3.0,1.386294,False
usnews.com,voices.washingtonpost.com,2.0,1.098612,False
jihadwatch.org,voices.washingtonpost.com,2.0,1.098612,False
blog.openitstrategies.com,voices.washingtonpost.com,4.0,1.609438,False
blog.badtux.net,voices.washingtonpost.com,4.0,1.609438,False
fivethirtyeight.com,voices.washingtonpost.com,105.0,4.663439,False
greenwichroundup.blogspot.com,voices.washingtonpost.com,2.0,1.098612,False
firstread.msnbc.msn.com,voices.washingtonpost.com,14.0,2.70805,False
us.rd.yahoo.com,voices.washingtonpost.com,5.0,1.791759,False
cbsnews.com,voices.washingtonpost.com,5.0,1.791759,False
thinkprogress.org,voices.washingtonpost.com,11.0,2.484907,False
ronmwangaguhunga.blogspot.com,voices.washingtonpost.com,6.0,1.94591,False
d-day.blogspot.com,voices.washingtonpost.com,25.0,3.258097,False
treehugger.com,voices.washingtonpost.com,2.0,1.098612,False
feedproxy.google.com,voices.washingtonpost.com,9.0,2.302585,False
huffingtonpost.com,voices.washingtonpost.com,17.0,2.890372,False
babbazeesbrain.blogspot.com,voices.washingtonpost.com,13.0,2.639057,False
capitalfax.blogspot.com,voices.washingtonpost.com,34.0,3.555348,False
djtechnocrat.blogspot.com,voices.washingtonpost.com,10.0,2.397895,False
informationweek.com,voices.washingtonpost.com,2.0,1.098612,False
nytimes.com,voices.washingtonpost.com,12.0,2.564949,False
digg.com,voices.washingtonpost.com,2.0,1.098612,False
blog.wired.com,voices.washingtonpost.com,3.0,1.386294,False
amazon.com,voices.washingtonpost.com,4.0,1.609438,False
google.com,voices.washingtonpost.com,4.0,1.609438,False
news.google.com,voices.washingtonpost.com,10.0,2.397895,False
politico.com,voices.washingtonpost.com,2.0,1.098612,False
blogs.wsj.com,voices.washingtonpost.com,2.0,1.098612,False
en.wikipedia.org,voices.washingtonpost.com,3.0,1.386294,False
online.wsj.com,voices.washingtonpost.com,6.0,1.94591,False
technorati.com,voices.washingtonpost.com,2.0,1.098612,False
del.icio.us,voices.washingtonpost.com,2.0,1.098612,False
twitter.com,voices.washingtonpost.com,5.0,1.791759,False
thedisbrimstone-dailypitchfork.blogspot.com,washingtonmonthly.com,6.0,1.94591,False
prospect.org,washingtonmonthly.com,255.0,5.545177,False
joshingpolitics.blogspot.com,washingtonmonthly.com,2.0,1.098612,False
nymag.com,washingtonmonthly.com,4.0,1.609438,False
capitalfax.blogspot.com,washingtonmonthly.com,2.0,1.098612,False
downwithtyranny.blogspot.com,washingtonmonthly.com,21.0,3.091042,False
superpunch.blogspot.com,washingtonmonthly.com,2.0,1.098612,False
concurringopinions.com,washingtonmonthly.com,14.0,2.70805,False
huffingtonpost.com,washingtonmonthly.com,260.0,5.56452,False
classicalvalues.com,washingtonmonthly.com,7.0,2.079442,False
philly.com,washingtonmonthly.com,11.0,2.484907,False
althouse.blogspot.com,washingtonmonthly.com,11.0,2.484907,False
boston.com,washingtonmonthly.com,56.0,4.043051,False
dumpbachmann.blogspot.com,washingtonmonthly.com,7.0,2.079442,False
seekingalpha.com,washingtonmonthly.com,2.0,1.098612,False
angrybear.blogspot.com,washingtonmonthly.com,107.0,4.682131,False
usnews.com,washingtonmonthly.com,18.0,2.944439,False
psycmeistr.blogspot.com,washingtonmonthly.com,4.0,1.609438,False
crooksandliars.com,washingtonmonthly.com,10.0,2.397895,False
scienceblogs.com,washingtonmonthly.com,18.0,2.944439,False
nomoremister.blogspot.com,washingtonmonthly.com,16.0,2.833213,False
alterdestiny.blogspot.com,washingtonmonthly.com,3.0,1.386294,False
salon.com,washingtonmonthly.com,95.0,4.564348,False
kennysideshow.blogspot.com,washingtonmonthly.com,3.0,1.386294,False
rebellenation.blogspot.com,washingtonmonthly.com,5.0,1.791759,False
alternet.org,washingtonmonthly.com,6.0,1.94591,False
tigerhawk.blogspot.com,washingtonmonthly.com,6.0,1.94591,False
cujo359.blogspot.com,washingtonmonthly.com,5.0,1.791759,False
sepiamutiny.com,washingtonmonthly.com,5.0,1.791759,False
dailykos.com,washingtonmonthly.com,66.0,4.204693,False
ibloga.blogspot.com,washingtonmonthly.com,2.0,1.098612,False
thinkprogress.org,washingtonmonthly.com,368.0,5.910797,False
icestationtango.blogspot.com,washingtonmonthly.com,7.0,2.079442,False
theragblog.blogspot.com,washingtonmonthly.com,10.0,2.397895,False
d-day.blogspot.com,washingtonmonthly.com,135.0,4.912655,False
thepoliticalcarnival.blogspot.com,washingtonmonthly.com,14.0,2.70805,False
slate.com,washingtonmonthly.com,122.0,4.812184,False
buckmire.blogspot.com,washingtonmonthly.com,13.0,2.639057,False
conservapedia.com,washingtonmonthly.com,145.0,4.983607,False
guardian.co.uk,washingtonmonthly.com,82.0,4.418841,False
ronmwangaguhunga.blogspot.com,washingtonmonthly.com,4.0,1.609438,False
lefarkins.blogspot.com,washingtonmonthly.com,201.0,5.308268,False
leftword.blogdig.net,washingtonmonthly.com,12.0,2.564949,False
newscientist.com,washingtonmonthly.com,2.0,1.098612,False
pbs.org,washingtonmonthly.com,18.0,2.944439,False
startribune.com,washingtonmonthly.com,31.0,3.465736,False
edition.cnn.com,washingtonmonthly.com,10.0,2.397895,False
money.cnn.com,washingtonmonthly.com,35.0,3.583519,False
chron.com,washingtonmonthly.com,11.0,2.484907,False
npr.org,washingtonmonthly.com,10.0,2.397895,False
telegraph.co.uk,washingtonmonthly.com,28.0,3.367296,False
nytimes.com,washingtonmonthly.com,937.0,6.84375,False
latimes.com,washingtonmonthly.com,663.0,6.498282,False
msnbc.msn.com,washingtonmonthly.com,180.0,5.198497,False
latimesblogs.latimes.com,washingtonmonthly.com,8.0,2.197225,False
mediamatters.org,washingtonmonthly.com,167.0,5.123964,False
bloomberg.com,washingtonmonthly.com,30.0,3.433987,False
nypost.com,washingtonmonthly.com,19.0,2.995732,False
newsday.com,washingtonmonthly.com,12.0,2.564949,False
online.wsj.com,washingtonmonthly.com,116.0,4.762174,False
townhall.com,washingtonmonthly.com,8.0,2.197225,False
cnn.com,washingtonmonthly.com,205.0,5.327876,False
corner.nationalreview.com,washingtonmonthly.com,94.0,4.553877,False
economist.com,washingtonmonthly.com,17.0,2.890372,False
ft.com,washingtonmonthly.com,5.0,1.791759,False
news.yahoo.com,washingtonmonthly.com,141.0,4.955827,False
google.com,washingtonmonthly.com,34.0,3.555348,False
time.com,washingtonmonthly.com,72.0,4.290459,False
newsweek.com,washingtonmonthly.com,33.0,3.526361,False
marketwatch.com,washingtonmonthly.com,5.0,1.791759,False
commondreams.org,washingtonmonthly.com,8.0,2.197225,False
chicagotribune.com,washingtonmonthly.com,27.0,3.332205,False
sports.espn.go.com,washingtonmonthly.com,2.0,1.098612,False
twitter.com,washingtonmonthly.com,6.0,1.94591,False
reason.com,washingtonmonthly.com,16.0,2.833213,False
forbes.com,washingtonmonthly.com,13.0,2.639057,False
abcnews.go.com,washingtonmonthly.com,68.0,4.234107,False
nydailynews.com,washingtonmonthly.com,32.0,3.496508,False
blogs.abcnews.com,washingtonmonthly.com,74.0,4.317488,False
imdb.com,washingtonmonthly.com,7.0,2.079442,False
maps.google.com,washingtonmonthly.com,4.0,1.609438,False
cbsnews.com,washingtonmonthly.com,47.0,3.871201,False
michellemalkin.com,washingtonmonthly.com,10.0,2.397895,False
realclearpolitics.com,washingtonmonthly.com,21.0,3.091042,False
sfgate.com,washingtonmonthly.com,17.0,2.890372,False
politico.com,washingtonmonthly.com,483.0,6.182085,False
haaretz.com,washingtonmonthly.com,11.0,2.484907,False
blogs.wsj.com,washingtonmonthly.com,39.0,3.688879,False
news.google.com,washingtonmonthly.com,3.0,1.386294,False
en.wikipedia.org,washingtonmonthly.com,49.0,3.912023,False
reuters.com,washingtonmonthly.com,23.0,3.178054,False
seattletimes.nwsource.com,washingtonmonthly.com,3.0,1.386294,False
firstread.msnbc.msn.com,washingtonmonthly.com,27.0,3.332205,False
timesonline.co.uk,washingtonmonthly.com,15.0,2.772589,False
news.bbc.co.uk,washingtonmonthly.com,61.0,4.127134,False
newsbusters.org,washingtonmonthly.com,2.0,1.098612,False
hotair.com,washingtonmonthly.com,2.0,1.098612,False
voices.washingtonpost.com,washingtonmonthly.com,72.0,4.290459,False
newyorker.com,washingtonmonthly.com,33.0,3.526361,False
fivethirtyeight.com,washingtonmonthly.com,15.0,2.772589,False
blog.wired.com,washingtonmonthly.com,9.0,2.302585,False
breitbart.com,washingtonmonthly.com,2.0,1.098612,False
iht.com,washingtonmonthly.com,6.0,1.94591,False
suntimes.com,washingtonmonthly.com,22.0,3.135494,False
usatoday.com,washingtonmonthly.com,69.0,4.248495,False
finance.yahoo.com,washingtonmonthly.com,2.0,1.098612,False
thenation.com,washingtonmonthly.com,25.0,3.258097,False
uk.reuters.com,washingtonmonthly.com,2.0,1.098612,False
businessweek.com,washingtonmonthly.com,8.0,2.197225,False
foxnews.com,washingtonmonthly.com,35.0,3.583519,False
amazon.com,washingtonmonthly.com,116.0,4.762174,False
theglobeandmail.com,washingtonmonthly.com,3.0,1.386294,False
feedproxy.google.com,washingtonmonthly.com,3.0,1.386294,False
gawker.com,washingtonmonthly.com,3.0,1.386294,False
chicagotribune.com,washingtonpost.com,2.0,1.098612,False
blogs.abcnews.com,washingtonpost.com,379.0,5.940171,False
startribune.com,washingtonpost.com,29.0,3.401197,False
newyorker.com,washingtonpost.com,14.0,2.70805,False
theautomaticearth.blogspot.com,washingtonpost.com,198.0,5.293305,False
megite.com,washingtonpost.com,12.0,2.564949,False
alternet.org,washingtonpost.com,33.0,3.526361,False
rebellenation.blogspot.com,washingtonpost.com,224.0,5.4161,False
icestationtango.blogspot.com,washingtonpost.com,221.0,5.402677,False
fivethirtyeight.com,washingtonpost.com,34.0,3.555348,False
feeds.gothamistllc.com,washingtonpost.com,163.0,5.099866,False
boston.com,washingtonpost.com,25.0,3.258097,False
time.com,washingtonpost.com,11.0,2.484907,False
huffingtonpost.com,washingtonpost.com,81.0,4.406719,False
psycmeistr.blogspot.com,washingtonpost.com,123.0,4.820282,False
thedisbrimstone-dailypitchfork.blogspot.com,washingtonpost.com,1779.0,7.484369,False
mahalo.com,washingtonpost.com,459.0,6.131226,False
newsday.com,washingtonpost.com,3.0,1.386294,False
joshingpolitics.blogspot.com,washingtonpost.com,429.0,6.063785,False
angrybear.blogspot.com,washingtonpost.com,231.0,5.446737,False
cinie.wordpress.com,washingtonpost.com,396.0,5.983936,False
ourlatinamerica.blogspot.com,washingtonpost.com,34.0,3.555348,False
pajamasmedia.com,washingtonpost.com,29.0,3.401197,False
news.cnet.com,washingtonpost.com,12.0,2.564949,False
lefarkins.blogspot.com,washingtonpost.com,298.0,5.700444,False
voices.washingtonpost.com,washingtonpost.com,164.0,5.105945,False
dailykos.com,washingtonpost.com,40.0,3.713572,False
pcworld.com,washingtonpost.com,64.0,4.174387,False
concurringopinions.com,washingtonpost.com,323.0,5.780744,False
bbc.co.uk,washingtonpost.com,2.0,1.098612,False
realclearpolitics.com,washingtonpost.com,230.0,5.442418,False
forum.dvdtalk.com,washingtonpost.com,17.0,2.890372,False
jezebel.com,washingtonpost.com,67.0,4.219508,False
digitalspy.co.uk,washingtonpost.com,39.0,3.688879,False
nomoremister.blogspot.com,washingtonpost.com,155.0,5.049856,False
sfgate.com,washingtonpost.com,3.0,1.386294,False
marketwatch.com,washingtonpost.com,5.0,1.791759,False
chron.com,washingtonpost.com,6.0,1.94591,False
msnbc.msn.com,washingtonpost.com,7.0,2.079442,False
eonline.com,washingtonpost.com,25.0,3.258097,False
salon.com,washingtonpost.com,97.0,4.584967,False
freerepublic.com,washingtonpost.com,15.0,2.772589,False
sepiamutiny.com,washingtonpost.com,219.0,5.393628,False
superpunch.blogspot.com,washingtonpost.com,31.0,3.465736,False
philly.com,washingtonpost.com,15.0,2.772589,False
blog.wired.com,washingtonpost.com,25.0,3.258097,False
sports.espn.go.com,washingtonpost.com,3.0,1.386294,False
jihadwatch.org,washingtonpost.com,182.0,5.209486,False
circleof13.blogspot.com,washingtonpost.com,23.0,3.178054,False
blog.badtux.net,washingtonpost.com,84.0,4.442651,False
feedproxy.google.com,washingtonpost.com,12.0,2.564949,False
washingtonmonthly.com,washingtonpost.com,1010.0,6.918695,False
gatesofvienna.blogspot.com,washingtonpost.com,15.0,2.772589,False
dumpbachmann.blogspot.com,washingtonpost.com,31.0,3.465736,False
d-day.blogspot.com,washingtonpost.com,908.0,6.812345,False
townhall.com,washingtonpost.com,33.0,3.526361,False
evolvehappy.com,washingtonpost.com,221.0,5.402677,False
djtechnocrat.blogspot.com,washingtonpost.com,95.0,4.564348,False
economist.com,washingtonpost.com,19.0,2.995732,False
ionarts.blogspot.com,washingtonpost.com,1854.0,7.52564,False
danceswithanxiety.blogspot.com,washingtonpost.com,36.0,3.610918,False
seekingalpha.com,washingtonpost.com,27.0,3.332205,False
cajunboyinthecity.blogspot.com,washingtonpost.com,72.0,4.290459,False
leftword.blogdig.net,washingtonpost.com,130.0,4.875197,False
greenwichroundup.blogspot.com,washingtonpost.com,20.0,3.044522,False
plime.com,washingtonpost.com,28.0,3.367296,False
examiner.com,washingtonpost.com,23.0,3.178054,False
newsweek.com,washingtonpost.com,9.0,2.302585,False
blogs.wsj.com,washingtonpost.com,42.0,3.7612,False
deadspin.com,washingtonpost.com,45.0,3.828641,False
downwithtyranny.blogspot.com,washingtonpost.com,677.0,6.519147,False
babbazeesbrain.blogspot.com,washingtonpost.com,259.0,5.560682,False
pbs.org,washingtonpost.com,7.0,2.079442,False
newscientist.com,washingtonpost.com,5.0,1.791759,False
newsbusters.org,washingtonpost.com,67.0,4.219508,False
sportsnipe.com,washingtonpost.com,183.0,5.214936,False
news.com.au,washingtonpost.com,9.0,2.302585,False
capitalfax.blogspot.com,washingtonpost.com,93.0,4.543295,False
latimes.com,washingtonpost.com,25.0,3.258097,False
i.gizmodo.com,washingtonpost.com,4.0,1.609438,False
blog.openitstrategies.com,washingtonpost.com,37.0,3.637586,False
politico.com,washingtonpost.com,6.0,1.94591,False
cnn.com,washingtonpost.com,8.0,2.197225,False
alterdestiny.blogspot.com,washingtonpost.com,64.0,4.174387,False
nandigramunited.blogspot.com,washingtonpost.com,25.0,3.258097,False
crooksandliars.com,washingtonpost.com,61.0,4.127134,False
cbsnews.com,washingtonpost.com,42.0,3.7612,False
conservapedia.com,washingtonpost.com,21.0,3.091042,False
buckmire.blogspot.com,washingtonpost.com,45.0,3.828641,False
hotair.com,washingtonpost.com,54.0,4.007333,False
us.rd.yahoo.com,washingtonpost.com,19.0,2.995732,False
amazon.com,washingtonpost.com,464.0,6.142037,False
ronmwangaguhunga.blogspot.com,washingtonpost.com,101.0,4.624973,False
kennysideshow.blogspot.com,washingtonpost.com,117.0,4.770685,False
classicalvalues.com,washingtonpost.com,97.0,4.584967,False
ibloga.blogspot.com,washingtonpost.com,78.0,4.369448,False
nydailynews.com,washingtonpost.com,2.0,1.098612,False
otherclub.blogspot.com,washingtonpost.com,301.0,5.710427,False
holycoast.blogspot.com,washingtonpost.com,189.0,5.247024,False
businessweek.com,washingtonpost.com,4.0,1.609438,False
atlasshrugs2000.typepad.com,washingtonpost.com,74.0,4.317488,False
newportcity.blogspot.com,washingtonpost.com,17.0,2.890372,False
althouse.blogspot.com,washingtonpost.com,119.0,4.787492,False
tundratabloid.blogspot.com,washingtonpost.com,87.0,4.477337,False
money.cnn.com,washingtonpost.com,4.0,1.609438,False
tigerhawk.blogspot.com,washingtonpost.com,78.0,4.369448,False
corner.nationalreview.com,washingtonpost.com,18.0,2.944439,False
theragblog.blogspot.com,washingtonpost.com,155.0,5.049856,False
treehugger.com,washingtonpost.com,21.0,3.091042,False
kotaku.com,washingtonpost.com,5.0,1.791759,False
slate.com,washingtonpost.com,210.0,5.351858,False
technologyexpert.blogspot.com,washingtonpost.com,8.0,2.197225,False
usnews.com,washingtonpost.com,59.0,4.094345,False
firstread.msnbc.msn.com,washingtonpost.com,272.0,5.609472,False
guardian.co.uk,washingtonpost.com,49.0,3.912023,False
thepoliticalcarnival.blogspot.com,washingtonpost.com,168.0,5.129899,False
scienceblogs.com,washingtonpost.com,25.0,3.258097,False
thinkprogress.org,washingtonpost.com,115.0,4.75359,False
reason.com,washingtonpost.com,86.0,4.465908,False
prospect.org,washingtonpost.com,41.0,3.73767,False
rss.feedsportal.com,washingtonpost.com,7.0,2.079442,False
commondreams.org,washingtonpost.com,35.0,3.583519,False
chacha.com,washingtonpost.com,14.0,2.70805,False
feeds.gawker.com,washingtonpost.com,14.0,2.70805,False
thenation.com,washingtonpost.com,17.0,2.890372,False
nymag.com,washingtonpost.com,22.0,3.135494,False
theplaylist.blogspot.com,washingtonpost.com,14.0,2.70805,False
forbes.com,washingtonpost.com,4.0,1.609438,False
gawker.com,washingtonpost.com,143.0,4.969813,False
cujo359.blogspot.com,washingtonpost.com,80.0,4.394449,False
online.wsj.com,washingtonpost.com,43.0,3.78419,False
cdc.gov,washingtonpost.com,7.0,2.079442,False
twitter.com,washingtonpost.com,14.0,2.70805,False
en.wikipedia.org,washingtonpost.com,18.0,2.944439,False
telegraph.co.uk,washingtonpost.com,6.0,1.94591,False
foxnews.com,washingtonpost.com,8.0,2.197225,False
microsoft.com,washingtonpost.com,4.0,1.609438,False
google.com,washingtonpost.com,28.0,3.367296,False
dailymail.co.uk,washingtonpost.com,4.0,1.609438,False
facebook.com,washingtonpost.com,4.0,1.609438,False
usatoday.com,washingtonpost.com,6.0,1.94591,False
haaretz.com,washingtonpost.com,6.0,1.94591,False
techcrunch.com,washingtonpost.com,80.0,4.394449,False
news.bbc.co.uk,washingtonpost.com,2.0,1.098612,False
nytimes.com,washingtonpost.com,33.0,3.526361,False
technorati.com,washingtonpost.com,10.0,2.397895,False
abcnews.go.com,washingtonpost.com,8.0,2.197225,False
ft.com,washingtonpost.com,5.0,1.791759,False
uk.reuters.com,washingtonpost.com,3.0,1.386294,False
news.google.com,washingtonpost.com,2.0,1.098612,False
timesonline.co.uk,washingtonpost.com,9.0,2.302585,False
reuters.com,washingtonpost.com,8.0,2.197225,False
apple.com,washingtonpost.com,16.0,2.833213,False
npr.org,washingtonpost.com,4.0,1.609438,False
finance.yahoo.com,washingtonpost.com,3.0,1.386294,False
digg.com,washingtonpost.com,10.0,2.397895,False
edition.cnn.com,washingtonpost.com,2.0,1.098612,False
del.icio.us,washingtonpost.com,32.0,3.496508,False
buckmire.blogspot.com,washingtontimes.com,2.0,1.098612,False
sportsnipe.com,washingtontimes.com,45.0,3.828641,False
thenation.com,washingtontimes.com,2.0,1.098612,False
commondreams.org,washingtontimes.com,3.0,1.386294,False
tundratabloid.blogspot.com,washingtontimes.com,13.0,2.639057,False
blogs.abcnews.com,washingtontimes.com,211.0,5.356586,False
cujo359.blogspot.com,washingtontimes.com,3.0,1.386294,False
blog.badtux.net,washingtontimes.com,7.0,2.079442,False
tigerhawk.blogspot.com,washingtontimes.com,6.0,1.94591,False
fivethirtyeight.com,washingtontimes.com,4.0,1.609438,False
althouse.blogspot.com,washingtontimes.com,5.0,1.791759,False
rebellenation.blogspot.com,washingtontimes.com,8.0,2.197225,False
downwithtyranny.blogspot.com,washingtontimes.com,37.0,3.637586,False
newportcity.blogspot.com,washingtontimes.com,2.0,1.098612,False
rss.feedsportal.com,washingtontimes.com,2.0,1.098612,False
huffingtonpost.com,washingtontimes.com,7.0,2.079442,False
gawker.com,washingtontimes.com,3.0,1.386294,False
babbazeesbrain.blogspot.com,washingtontimes.com,65.0,4.189655,False
ionarts.blogspot.com,washingtontimes.com,117.0,4.770685,False
townhall.com,washingtontimes.com,8.0,2.197225,False
seekingalpha.com,washingtontimes.com,2.0,1.098612,False
ibloga.blogspot.com,washingtontimes.com,11.0,2.484907,False
blogs.wsj.com,washingtontimes.com,4.0,1.609438,False
examiner.com,washingtontimes.com,3.0,1.386294,False
otherclub.blogspot.com,washingtontimes.com,18.0,2.944439,False
megite.com,washingtontimes.com,17.0,2.890372,False
theplaylist.blogspot.com,washingtontimes.com,3.0,1.386294,False
atlasshrugs2000.typepad.com,washingtontimes.com,16.0,2.833213,False
kennysideshow.blogspot.com,washingtontimes.com,16.0,2.833213,False
reason.com,washingtontimes.com,7.0,2.079442,False
d-day.blogspot.com,washingtontimes.com,25.0,3.258097,False
pajamasmedia.com,washingtontimes.com,3.0,1.386294,False
crooksandliars.com,washingtontimes.com,4.0,1.609438,False
classicalvalues.com,washingtontimes.com,34.0,3.555348,False
superpunch.blogspot.com,washingtontimes.com,3.0,1.386294,False
psycmeistr.blogspot.com,washingtontimes.com,31.0,3.465736,False
realclearpolitics.com,washingtontimes.com,32.0,3.496508,False
angrybear.blogspot.com,washingtontimes.com,15.0,2.772589,False
jezebel.com,washingtontimes.com,5.0,1.791759,False
feeds.gothamistllc.com,washingtontimes.com,9.0,2.302585,False
guardian.co.uk,washingtontimes.com,2.0,1.098612,False
holycoast.blogspot.com,washingtontimes.com,57.0,4.060443,False
chron.com,washingtontimes.com,2.0,1.098612,False
mahalo.com,washingtontimes.com,29.0,3.401197,False
corner.nationalreview.com,washingtontimes.com,5.0,1.791759,False
theragblog.blogspot.com,washingtontimes.com,9.0,2.302585,False
nomoremister.blogspot.com,washingtontimes.com,18.0,2.944439,False
lefarkins.blogspot.com,washingtontimes.com,9.0,2.302585,False
thinkprogress.org,washingtontimes.com,20.0,3.044522,False
gatesofvienna.blogspot.com,washingtontimes.com,10.0,2.397895,False
evolvehappy.com,washingtontimes.com,3.0,1.386294,False
greenwichroundup.blogspot.com,washingtontimes.com,4.0,1.609438,False
us.rd.yahoo.com,washingtontimes.com,2.0,1.098612,False
newsbusters.org,washingtontimes.com,14.0,2.70805,False
ronmwangaguhunga.blogspot.com,washingtontimes.com,12.0,2.564949,False
sepiamutiny.com,washingtontimes.com,15.0,2.772589,False
usnews.com,washingtontimes.com,14.0,2.70805,False
djtechnocrat.blogspot.com,washingtontimes.com,10.0,2.397895,False
concurringopinions.com,washingtontimes.com,3.0,1.386294,False
ourlatinamerica.blogspot.com,washingtontimes.com,2.0,1.098612,False
hotair.com,washingtontimes.com,10.0,2.397895,False
feeds.gawker.com,washingtontimes.com,3.0,1.386294,False
jihadwatch.org,washingtontimes.com,180.0,5.198497,False
forum.dvdtalk.com,washingtontimes.com,8.0,2.197225,False
joshingpolitics.blogspot.com,washingtontimes.com,16.0,2.833213,False
leftword.blogdig.net,washingtontimes.com,19.0,2.995732,False
icestationtango.blogspot.com,washingtontimes.com,7.0,2.079442,False
thepoliticalcarnival.blogspot.com,washingtontimes.com,37.0,3.637586,False
circleof13.blogspot.com,washingtontimes.com,4.0,1.609438,False
danceswithanxiety.blogspot.com,washingtontimes.com,3.0,1.386294,False
firstread.msnbc.msn.com,washingtontimes.com,26.0,3.295837,False
plime.com,washingtontimes.com,2.0,1.098612,False
capitalfax.blogspot.com,washingtontimes.com,57.0,4.060443,False
freerepublic.com,washingtontimes.com,12.0,2.564949,False
alterdestiny.blogspot.com,washingtontimes.com,3.0,1.386294,False
slate.com,washingtontimes.com,3.0,1.386294,False
washingtonmonthly.com,washingtontimes.com,39.0,3.688879,False
thedisbrimstone-dailypitchfork.blogspot.com,washingtontimes.com,15.0,2.772589,False
nymag.com,washingtontimes.com,4.0,1.609438,False
cinie.wordpress.com,washingtontimes.com,25.0,3.258097,False
salon.com,washingtontimes.com,6.0,1.94591,False
theautomaticearth.blogspot.com,washingtontimes.com,4.0,1.609438,False
cajunboyinthecity.blogspot.com,washingtontimes.com,3.0,1.386294,False
google.com,washingtontimes.com,4.0,1.609438,False
twitter.com,washingtontimes.com,4.0,1.609438,False
news.google.com,washingtontimes.com,50.0,3.931826,False
rebellenation.blogspot.com,weeklystandard.com,5.0,1.791759,False
psycmeistr.blogspot.com,weeklystandard.com,12.0,2.564949,False
thenation.com,weeklystandard.com,4.0,1.609438,False
hotair.com,weeklystandard.com,154.0,5.043425,False
ronmwangaguhunga.blogspot.com,weeklystandard.com,5.0,1.791759,False
cinie.wordpress.com,weeklystandard.com,12.0,2.564949,False
tundratabloid.blogspot.com,weeklystandard.com,9.0,2.302585,False
thedisbrimstone-dailypitchfork.blogspot.com,weeklystandard.com,5.0,1.791759,False
atlasshrugs2000.typepad.com,weeklystandard.com,13.0,2.639057,False
mahalo.com,weeklystandard.com,7.0,2.079442,False
capitalfax.blogspot.com,weeklystandard.com,26.0,3.295837,False
tigerhawk.blogspot.com,weeklystandard.com,5.0,1.791759,False
fivethirtyeight.com,weeklystandard.com,3.0,1.386294,False
downwithtyranny.blogspot.com,weeklystandard.com,16.0,2.833213,False
angrybear.blogspot.com,weeklystandard.com,5.0,1.791759,False
pajamasmedia.com,weeklystandard.com,25.0,3.258097,False
reason.com,weeklystandard.com,9.0,2.302585,False
dumpbachmann.blogspot.com,weeklystandard.com,3.0,1.386294,False
jihadwatch.org,weeklystandard.com,21.0,3.091042,False
gatesofvienna.blogspot.com,weeklystandard.com,12.0,2.564949,False
boston.com,weeklystandard.com,12.0,2.564949,False
thinkprogress.org,weeklystandard.com,43.0,3.78419,False
blogs.abcnews.com,weeklystandard.com,42.0,3.7612,False
realclearpolitics.com,weeklystandard.com,74.0,4.317488,False
chacha.com,weeklystandard.com,3.0,1.386294,False
concurringopinions.com,weeklystandard.com,6.0,1.94591,False
ibloga.blogspot.com,weeklystandard.com,5.0,1.791759,False
washingtonmonthly.com,weeklystandard.com,32.0,3.496508,False
rss.feedsportal.com,weeklystandard.com,2.0,1.098612,False
holycoast.blogspot.com,weeklystandard.com,42.0,3.7612,False
nymag.com,weeklystandard.com,4.0,1.609438,False
althouse.blogspot.com,weeklystandard.com,10.0,2.397895,False
kennysideshow.blogspot.com,weeklystandard.com,2.0,1.098612,False
thepoliticalcarnival.blogspot.com,weeklystandard.com,4.0,1.609438,False
leftword.blogdig.net,weeklystandard.com,3.0,1.386294,False
circleof13.blogspot.com,weeklystandard.com,2.0,1.098612,False
gawker.com,weeklystandard.com,2.0,1.098612,False
otherclub.blogspot.com,weeklystandard.com,34.0,3.555348,False
joshingpolitics.blogspot.com,weeklystandard.com,3.0,1.386294,False
nomoremister.blogspot.com,weeklystandard.com,13.0,2.639057,False
newsbusters.org,weeklystandard.com,9.0,2.302585,False
conservapedia.com,weeklystandard.com,145.0,4.983607,False
lefarkins.blogspot.com,weeklystandard.com,120.0,4.795791,False
babbazeesbrain.blogspot.com,weeklystandard.com,19.0,2.995732,False
freerepublic.com,weeklystandard.com,5.0,1.791759,False
townhall.com,weeklystandard.com,59.0,4.094345,False
classicalvalues.com,weeklystandard.com,18.0,2.944439,False
blogs.wsj.com,weeklystandard.com,8.0,2.197225,False
d-day.blogspot.com,weeklystandard.com,8.0,2.197225,False
superpunch.blogspot.com,weeklystandard.com,2.0,1.098612,False
washingtonpost.com,weeklystandard.com,190.0,5.252273,False
usatoday.com,weeklystandard.com,28.0,3.367296,False
nytimes.com,weeklystandard.com,234.0,5.459586,False
cnn.com,weeklystandard.com,62.0,4.143135,False
voices.washingtonpost.com,weeklystandard.com,3.0,1.386294,False
imdb.com,weeklystandard.com,10.0,2.397895,False
abcnews.go.com,weeklystandard.com,27.0,3.332205,False
reuters.com,weeklystandard.com,58.0,4.077537,False
foxnews.com,weeklystandard.com,73.0,4.304065,False
newsweek.com,weeklystandard.com,26.0,3.295837,False
sfgate.com,weeklystandard.com,9.0,2.302585,False
seattletimes.nwsource.com,weeklystandard.com,4.0,1.609438,False
dailymail.co.uk,weeklystandard.com,8.0,2.197225,False
newyorker.com,weeklystandard.com,10.0,2.397895,False
economist.com,weeklystandard.com,3.0,1.386294,False
slate.com,weeklystandard.com,38.0,3.663562,False
forbes.com,weeklystandard.com,9.0,2.302585,False
crooksandliars.com,weeklystandard.com,5.0,1.791759,False
en.wikipedia.org,weeklystandard.com,64.0,4.174387,False
amazon.com,weeklystandard.com,51.0,3.951244,False
salon.com,weeklystandard.com,20.0,3.044522,False
blog.wired.com,weeklystandard.com,25.0,3.258097,False
firstread.msnbc.msn.com,weeklystandard.com,23.0,3.178054,False
telegraph.co.uk,weeklystandard.com,43.0,3.78419,False
news.yahoo.com,weeklystandard.com,160.0,5.081404,False
bloomberg.com,weeklystandard.com,16.0,2.833213,False
usnews.com,weeklystandard.com,9.0,2.302585,False
theglobeandmail.com,weeklystandard.com,4.0,1.609438,False
haaretz.com,weeklystandard.com,4.0,1.609438,False
dailykos.com,weeklystandard.com,44.0,3.806662,False
news.com.au,weeklystandard.com,15.0,2.772589,False
corner.nationalreview.com,weeklystandard.com,82.0,4.418841,False
latimesblogs.latimes.com,weeklystandard.com,2.0,1.098612,False
startribune.com,weeklystandard.com,3.0,1.386294,False
bbc.co.uk,weeklystandard.com,4.0,1.609438,False
latimes.com,weeklystandard.com,39.0,3.688879,False
timesonline.co.uk,weeklystandard.com,35.0,3.583519,False
examiner.com,weeklystandard.com,7.0,2.079442,False
chicagotribune.com,weeklystandard.com,8.0,2.197225,False
nypost.com,weeklystandard.com,14.0,2.70805,False
npr.org,weeklystandard.com,2.0,1.098612,False
philly.com,weeklystandard.com,4.0,1.609438,False
michellemalkin.com,weeklystandard.com,39.0,3.688879,False
iht.com,weeklystandard.com,66.0,4.204693,False
online.wsj.com,weeklystandard.com,65.0,4.189655,False
cbsnews.com,weeklystandard.com,31.0,3.465736,False
msnbc.msn.com,weeklystandard.com,38.0,3.663562,False
pbs.org,weeklystandard.com,15.0,2.772589,False
money.cnn.com,weeklystandard.com,2.0,1.098612,False
news.bbc.co.uk,weeklystandard.com,117.0,4.770685,False
google.com,weeklystandard.com,13.0,2.639057,False
news.google.com,weeklystandard.com,4.0,1.609438,False
breitbart.com,weeklystandard.com,22.0,3.135494,False
huffingtonpost.com,weeklystandard.com,86.0,4.465908,False
time.com,weeklystandard.com,19.0,2.995732,False
nydailynews.com,weeklystandard.com,5.0,1.791759,False
cbc.ca,weeklystandard.com,2.0,1.098612,False
sports.espn.go.com,weeklystandard.com,4.0,1.609438,False
politico.com,weeklystandard.com,97.0,4.584967,False
washingtontimes.com,weeklystandard.com,32.0,3.496508,False
edition.cnn.com,weeklystandard.com,7.0,2.079442,False
prospect.org,weeklystandard.com,18.0,2.944439,False
newsday.com,weeklystandard.com,7.0,2.079442,False
mediamatters.org,weeklystandard.com,2.0,1.098612,False
twitter.com,weeklystandard.com,2.0,1.098612,False
chron.com,weeklystandard.com,6.0,1.94591,False
ft.com,weeklystandard.com,13.0,2.639057,False
uk.reuters.com,weeklystandard.com,2.0,1.098612,False
guardian.co.uk,weeklystandard.com,17.0,2.890372,False
businessweek.com,weeklystandard.com,4.0,1.609438,False
gatesofvienna.blogspot.com,wheelgun.blogspot.com,4.0,1.609438,False
townhall.com,wheelgun.blogspot.com,14.0,2.70805,False
nydailynews.com,wheelgun.blogspot.com,11.0,2.484907,False
nypost.com,wheelgun.blogspot.com,12.0,2.564949,False
boston.com,wheelgun.blogspot.com,32.0,3.496508,False
hotair.com,wheelgun.blogspot.com,6.0,1.94591,False
examiner.com,wheelgun.blogspot.com,132.0,4.890349,False
money.cnn.com,wheelgun.blogspot.com,4.0,1.609438,False
latimesblogs.latimes.com,wheelgun.blogspot.com,3.0,1.386294,False
1.bp.blogspot.com,wheelgun.blogspot.com,6.0,1.94591,False
abcnews.go.com,wheelgun.blogspot.com,24.0,3.218876,False
suntimes.com,wheelgun.blogspot.com,47.0,3.871201,False
bloomberg.com,wheelgun.blogspot.com,11.0,2.484907,False
newsweek.com,wheelgun.blogspot.com,2.0,1.098612,False
en.wikipedia.org,wheelgun.blogspot.com,49.0,3.912023,False
imdb.com,wheelgun.blogspot.com,83.0,4.430817,False
2.bp.blogspot.com,wheelgun.blogspot.com,4.0,1.609438,False
edition.cnn.com,wheelgun.blogspot.com,5.0,1.791759,False
philly.com,wheelgun.blogspot.com,15.0,2.772589,False
guardian.co.uk,wheelgun.blogspot.com,8.0,2.197225,False
newsday.com,wheelgun.blogspot.com,11.0,2.484907,False
timesonline.co.uk,wheelgun.blogspot.com,49.0,3.912023,False
reason.com,wheelgun.blogspot.com,5.0,1.791759,False
washingtontimes.com,wheelgun.blogspot.com,13.0,2.639057,False
businessweek.com,wheelgun.blogspot.com,3.0,1.386294,False
usatoday.com,wheelgun.blogspot.com,9.0,2.302585,False
cbsnews.com,wheelgun.blogspot.com,11.0,2.484907,False
news.yahoo.com,wheelgun.blogspot.com,68.0,4.234107,False
dailymail.co.uk,wheelgun.blogspot.com,11.0,2.484907,False
ft.com,wheelgun.blogspot.com,5.0,1.791759,False
newsbusters.org,wheelgun.blogspot.com,4.0,1.609438,False
informationweek.com,wheelgun.blogspot.com,4.0,1.609438,False
washingtonmonthly.com,wheelgun.blogspot.com,3.0,1.386294,False
3.bp.blogspot.com,wheelgun.blogspot.com,3.0,1.386294,False
chron.com,wheelgun.blogspot.com,32.0,3.496508,False
nytimes.com,wheelgun.blogspot.com,311.0,5.743003,False
washingtonpost.com,wheelgun.blogspot.com,97.0,4.584967,False
marketwatch.com,wheelgun.blogspot.com,2.0,1.098612,False
michellemalkin.com,wheelgun.blogspot.com,15.0,2.772589,False
time.com,wheelgun.blogspot.com,6.0,1.94591,False
blogs.wsj.com,wheelgun.blogspot.com,2.0,1.098612,False
chicagotribune.com,wheelgun.blogspot.com,204.0,5.32301,False
online.wsj.com,wheelgun.blogspot.com,17.0,2.890372,False
technorati.com,wheelgun.blogspot.com,31.0,3.465736,False
salon.com,wheelgun.blogspot.com,3.0,1.386294,False
seattletimes.nwsource.com,wheelgun.blogspot.com,10.0,2.397895,False
news.google.com,wheelgun.blogspot.com,10.0,2.397895,False
google.com,wheelgun.blogspot.com,144.0,4.976734,False
weeklystandard.com,wheelgun.blogspot.com,3.0,1.386294,False
cdc.gov,wheelgun.blogspot.com,5.0,1.791759,False
breitbart.com,wheelgun.blogspot.com,11.0,2.484907,False
pajamasmedia.com,wheelgun.blogspot.com,6.0,1.94591,False
telegraph.co.uk,wheelgun.blogspot.com,422.0,6.047372,False
news.bbc.co.uk,wheelgun.blogspot.com,89.0,4.49981,False
classicalvalues.com,wheelgun.blogspot.com,6.0,1.94591,False
startribune.com,wheelgun.blogspot.com,16.0,2.833213,False
latimes.com,wheelgun.blogspot.com,36.0,3.610918,False
iht.com,wheelgun.blogspot.com,8.0,2.197225,False
tinyurl.com,wheelgun.blogspot.com,10.0,2.397895,False
theglobeandmail.com,wheelgun.blogspot.com,6.0,1.94591,False
flickr.com,wheelgun.blogspot.com,4.0,1.609438,False
npr.org,wheelgun.blogspot.com,2.0,1.098612,False
cnn.com,wheelgun.blogspot.com,37.0,3.637586,False
politico.com,wheelgun.blogspot.com,2.0,1.098612,False
sfgate.com,wheelgun.blogspot.com,30.0,3.433987,False
treehugger.com,wheelgun.blogspot.com,2.0,1.098612,False
blogger.com,wheelgun.blogspot.com,6535.0,8.785081,False
msnbc.msn.com,wheelgun.blogspot.com,19.0,2.995732,False
reuters.com,wheelgun.blogspot.com,10.0,2.397895,False
amazon.com,wheelgun.blogspot.com,36.0,3.610918,False
freerepublic.com,wheelgun.blogspot.com,5.0,1.791759,False
forbes.com,wheelgun.blogspot.com,9.0,2.302585,False
photos1.blogger.com,wheelgun.blogspot.com,43.0,3.78419,False
atlasshrugs2000.typepad.com,wheelgun.blogspot.com,8.0,2.197225,False
foxnews.com,wheelgun.blogspot.com,35.0,3.583519,False
danceswithanxiety.blogspot.com,whitehouse.gov,7.0,2.079442,False
informationweek.com,whitehouse.gov,4.0,1.609438,False
seekingalpha.com,whitehouse.gov,4.0,1.609438,False
feeds.gothamistllc.com,whitehouse.gov,5.0,1.791759,False
huffingtonpost.com,whitehouse.gov,31.0,3.465736,False
ionarts.blogspot.com,whitehouse.gov,4.0,1.609438,False
kennysideshow.blogspot.com,whitehouse.gov,46.0,3.850148,False
gawker.com,whitehouse.gov,3.0,1.386294,False
lefarkins.blogspot.com,whitehouse.gov,14.0,2.70805,False
classicalvalues.com,whitehouse.gov,6.0,1.94591,False
tigerhawk.blogspot.com,whitehouse.gov,13.0,2.639057,False
sepiamutiny.com,whitehouse.gov,12.0,2.564949,False
weeklystandard.com,whitehouse.gov,19.0,2.995732,False
rss.feedsportal.com,whitehouse.gov,8.0,2.197225,False
economist.com,whitehouse.gov,19.0,2.995732,False
alternet.org,whitehouse.gov,3.0,1.386294,False
blogs.wsj.com,whitehouse.gov,12.0,2.564949,False
nomoremister.blogspot.com,whitehouse.gov,36.0,3.610918,False
plime.com,whitehouse.gov,8.0,2.197225,False
latimes.com,whitehouse.gov,21.0,3.091042,False
rebellenation.blogspot.com,whitehouse.gov,47.0,3.871201,False
theragblog.blogspot.com,whitehouse.gov,12.0,2.564949,False
cajunboyinthecity.blogspot.com,whitehouse.gov,2.0,1.098612,False
holycoast.blogspot.com,whitehouse.gov,3.0,1.386294,False
downwithtyranny.blogspot.com,whitehouse.gov,14.0,2.70805,False
businessweek.com,whitehouse.gov,7.0,2.079442,False
psycmeistr.blogspot.com,whitehouse.gov,31.0,3.465736,False
cinie.wordpress.com,whitehouse.gov,23.0,3.178054,False
cnn.com,whitehouse.gov,7.0,2.079442,False
bloomberg.com,whitehouse.gov,8.0,2.197225,False
conservapedia.com,whitehouse.gov,348.0,5.855072,False
atlasshrugs2000.typepad.com,whitehouse.gov,6.0,1.94591,False
slate.com,whitehouse.gov,15.0,2.772589,False
capitalfax.blogspot.com,whitehouse.gov,8.0,2.197225,False
thepoliticalcarnival.blogspot.com,whitehouse.gov,15.0,2.772589,False
forum.dvdtalk.com,whitehouse.gov,2.0,1.098612,False
reason.com,whitehouse.gov,8.0,2.197225,False
d-day.blogspot.com,whitehouse.gov,65.0,4.189655,False
us.rd.yahoo.com,whitehouse.gov,10.0,2.397895,False
arstechnica.com,whitehouse.gov,2.0,1.098612,False
babbazeesbrain.blogspot.com,whitehouse.gov,14.0,2.70805,False
djtechnocrat.blogspot.com,whitehouse.gov,8.0,2.197225,False
firstread.msnbc.msn.com,whitehouse.gov,2.0,1.098612,False
realclearpolitics.com,whitehouse.gov,2.0,1.098612,False
newscientist.com,whitehouse.gov,2.0,1.098612,False
crooksandliars.com,whitehouse.gov,2.0,1.098612,False
guardian.co.uk,whitehouse.gov,8.0,2.197225,False
commondreams.org,whitehouse.gov,3.0,1.386294,False
i.gizmodo.com,whitehouse.gov,5.0,1.791759,False
fivethirtyeight.com,whitehouse.gov,6.0,1.94591,False
ronmwangaguhunga.blogspot.com,whitehouse.gov,12.0,2.564949,False
prospect.org,whitehouse.gov,5.0,1.791759,False
washingtonpost.com,whitehouse.gov,30.0,3.433987,False
salon.com,whitehouse.gov,8.0,2.197225,False
washingtonmonthly.com,whitehouse.gov,87.0,4.477337,False
ibloga.blogspot.com,whitehouse.gov,4.0,1.609438,False
tundratabloid.blogspot.com,whitehouse.gov,9.0,2.302585,False
news.cnet.com,whitehouse.gov,35.0,3.583519,False
wheelgun.blogspot.com,whitehouse.gov,3.0,1.386294,False
althouse.blogspot.com,whitehouse.gov,5.0,1.791759,False
blog.wired.com,whitehouse.gov,4.0,1.609438,False
angrybear.blogspot.com,whitehouse.gov,121.0,4.804021,False
thinkprogress.org,whitehouse.gov,58.0,4.077537,False
dumpbachmann.blogspot.com,whitehouse.gov,9.0,2.302585,False
blog.badtux.net,whitehouse.gov,5.0,1.791759,False
forbes.com,whitehouse.gov,2.0,1.098612,False
dailykos.com,whitehouse.gov,3.0,1.386294,False
buckmire.blogspot.com,whitehouse.gov,23.0,3.178054,False
chacha.com,whitehouse.gov,155.0,5.049856,False
freerepublic.com,whitehouse.gov,5.0,1.791759,False
alterdestiny.blogspot.com,whitehouse.gov,3.0,1.386294,False
concurringopinions.com,whitehouse.gov,24.0,3.218876,False
blogs.zdnet.com,whitehouse.gov,8.0,2.197225,False
techcrunch.com,whitehouse.gov,6.0,1.94591,False
megite.com,whitehouse.gov,77.0,4.356709,False
examiner.com,whitehouse.gov,4.0,1.609438,False
thenation.com,whitehouse.gov,6.0,1.94591,False
money.cnn.com,whitehouse.gov,2.0,1.098612,False
feedproxy.google.com,whitehouse.gov,2.0,1.098612,False
npr.org,whitehouse.gov,6.0,1.94591,False
blog.openitstrategies.com,whitehouse.gov,2.0,1.098612,False
sfgate.com,whitehouse.gov,5.0,1.791759,False
blogs.abcnews.com,whitehouse.gov,15.0,2.772589,False
cbsnews.com,whitehouse.gov,2.0,1.098612,False
joshingpolitics.blogspot.com,whitehouse.gov,19.0,2.995732,False
newportcity.blogspot.com,whitehouse.gov,3.0,1.386294,False
cujo359.blogspot.com,whitehouse.gov,2.0,1.098612,False
icestationtango.blogspot.com,whitehouse.gov,9.0,2.302585,False
otherclub.blogspot.com,whitehouse.gov,4.0,1.609438,False
technologyexpert.blogspot.com,whitehouse.gov,10.0,2.397895,False
leftword.blogdig.net,whitehouse.gov,20.0,3.044522,False
usnews.com,whitehouse.gov,2.0,1.098612,False
boston.com,whitehouse.gov,39.0,3.688879,False
thedisbrimstone-dailypitchfork.blogspot.com,whitehouse.gov,27.0,3.332205,False
mahalo.com,whitehouse.gov,25.0,3.258097,False
mahalo.com,wikiality.com,3.0,1.386294,False
dumpbachmann.blogspot.com,wikiality.com,2.0,1.098612,False
technologyexpert.blogspot.com,wikiality.com,2.0,1.098612,False
voices.washingtonpost.com,wikiality.com,34.0,3.555348,False
dailykos.com,wikiality.com,27.0,3.332205,False
commondreams.org,wikiality.com,2.0,1.098612,False
jezebel.com,wikiality.com,24.0,3.218876,False
sports.espn.go.com,wikiality.com,2.0,1.098612,False
examiner.com,wikiality.com,46.0,3.850148,False
usnews.com,wikiality.com,25.0,3.258097,False
uk.reuters.com,wikiality.com,15.0,2.772589,False
whitehouse.gov,wikiality.com,32.0,3.496508,False
nymag.com,wikiality.com,7.0,2.079442,False
abcnews.go.com,wikiality.com,50.0,3.931826,False
haaretz.com,wikiality.com,71.0,4.276666,False
news.com.au,wikiality.com,7.0,2.079442,False
startribune.com,wikiality.com,23.0,3.178054,False
usatoday.com,wikiality.com,33.0,3.526361,False
newsweek.com,wikiality.com,55.0,4.025352,False
google.com,wikiality.com,109.0,4.70048,False
independent.co.uk,wikiality.com,48.0,3.89182,False
thinkprogress.org,wikiality.com,304.0,5.720312,False
theglobeandmail.com,wikiality.com,10.0,2.397895,False
myspace.com,wikiality.com,3.0,1.386294,False
newsbusters.org,wikiality.com,2.0,1.098612,False
salon.com,wikiality.com,72.0,4.290459,False
chron.com,wikiality.com,63.0,4.158883,False
nypost.com,wikiality.com,31.0,3.465736,False
bloomberg.com,wikiality.com,44.0,3.806662,False
guardian.co.uk,wikiality.com,100.0,4.615121,False
thenation.com,wikiality.com,9.0,2.302585,False
eonline.com,wikiality.com,10.0,2.397895,False
fivethirtyeight.com,wikiality.com,34.0,3.555348,False
businessweek.com,wikiality.com,8.0,2.197225,False
techcrunch.com,wikiality.com,13.0,2.639057,False
freerepublic.com,wikiality.com,3.0,1.386294,False
gawker.com,wikiality.com,21.0,3.091042,False
pcworld.com,wikiality.com,2.0,1.098612,False
alternet.org,wikiality.com,10.0,2.397895,False
realclearpolitics.com,wikiality.com,6.0,1.94591,False
digg.com,wikiality.com,3.0,1.386294,False
time.com,wikiality.com,66.0,4.204693,False
slate.com,wikiality.com,24.0,3.218876,False
facebook.com,wikiality.com,5.0,1.791759,False
pbs.org,wikiality.com,10.0,2.397895,False
news.google.com,wikiality.com,2.0,1.098612,False
reuters.com,wikiality.com,56.0,4.043051,False
maps.google.com,wikiality.com,3.0,1.386294,False
boston.com,wikiality.com,44.0,3.806662,False
washingtonpost.com,wikiality.com,174.0,5.164786,False
en.wikipedia.org,wikiality.com,166.0,5.117994,False
twitter.com,wikiality.com,7.0,2.079442,False
nytimes.com,wikiality.com,222.0,5.407172,False
nydailynews.com,wikiality.com,19.0,2.995732,False
news.yahoo.com,wikiality.com,183.0,5.214936,False
washingtonmonthly.com,wikiality.com,20.0,3.044522,False
cbc.ca,wikiality.com,25.0,3.258097,False
imdb.com,wikiality.com,11.0,2.484907,False
tinyurl.com,wikiality.com,9.0,2.302585,False
latimes.com,wikiality.com,101.0,4.624973,False
huffingtonpost.com,wikiality.com,1531.0,7.334329,False
timesonline.co.uk,wikiality.com,73.0,4.304065,False
dailymail.co.uk,wikiality.com,36.0,3.610918,False
money.cnn.com,wikiality.com,30.0,3.433987,False
latimesblogs.latimes.com,wikiality.com,28.0,3.367296,False
sfgate.com,wikiality.com,46.0,3.850148,False
mediamatters.org,wikiality.com,72.0,4.290459,False
news.bbc.co.uk,wikiality.com,125.0,4.836282,False
politico.com,wikiality.com,84.0,4.442651,False
flickr.com,wikiality.com,5.0,1.791759,False
iht.com,wikiality.com,4.0,1.609438,False
cnn.com,wikiality.com,143.0,4.969813,False
blogs.wsj.com,wikiality.com,5.0,1.791759,False
blog.wired.com,wikiality.com,10.0,2.397895,False
chicagotribune.com,wikiality.com,20.0,3.044522,False
msnbc.msn.com,wikiality.com,109.0,4.70048,False
foxnews.com,wikiality.com,45.0,3.828641,False
scienceblogs.com,wikiality.com,2.0,1.098612,False
conservapedia.com,wikiality.com,33.0,3.526361,False
cbsnews.com,wikiality.com,24.0,3.218876,False
thepoliticalcarnival.blogspot.com,wikiality.com,20.0,3.044522,False
telegraph.co.uk,wikiality.com,95.0,4.564348,False
online.wsj.com,wikiality.com,39.0,3.688879,False
economist.com,wikiality.com,6.0,1.94591,False
crooksandliars.com,wikiality.com,30.0,3.433987,False
blogs.abcnews.com,wikiality.com,16.0,2.833213,False
reason.com,wikiality.com,8.0,2.197225,False
washingtontimes.com,wikiality.com,24.0,3.218876,False
edition.cnn.com,wikiality.com,33.0,3.526361,False
greenwichroundup.blogspot.com,wikio.com,4.0,1.609438,False
mahalo.com,wikio.com,4.0,1.609438,False
feedproxy.google.com,wikio.com,7.0,2.079442,False
npr.org,wikio.com,2.0,1.098612,False
usnews.com,wikio.com,12.0,2.564949,False
digg.com,wikio.com,30.0,3.433987,False
lefarkins.blogspot.com,wikio.com,4.0,1.609438,False
cnn.com,wikio.com,20.0,3.044522,False
1.bp.blogspot.com,wikio.com,13.0,2.639057,False
i.gizmodo.com,wikio.com,5.0,1.791759,False
washingtontimes.com,wikio.com,5.0,1.791759,False
topics.nytimes.com,wikio.com,13.0,2.639057,False
finance.yahoo.com,wikio.com,6.0,1.94591,False
salon.com,wikio.com,11.0,2.484907,False
cbsnews.com,wikio.com,6.0,1.94591,False
nypost.com,wikio.com,3.0,1.386294,False
kotaku.com,wikio.com,4.0,1.609438,False
uk.reuters.com,wikio.com,7.0,2.079442,False
deadspin.com,wikio.com,5.0,1.791759,False
msnbc.msn.com,wikio.com,5.0,1.791759,False
blogger.com,wikio.com,134.0,4.905275,False
news.cnet.com,wikio.com,2.0,1.098612,False
blogs.abcnews.com,wikio.com,13.0,2.639057,False
crooksandliars.com,wikio.com,6.0,1.94591,False
guardian.co.uk,wikio.com,11.0,2.484907,False
maps.google.com,wikio.com,2.0,1.098612,False
imdb.com,wikio.com,3.0,1.386294,False
usatoday.com,wikio.com,4.0,1.609438,False
jezebel.com,wikio.com,16.0,2.833213,False
washingtonpost.com,wikio.com,32.0,3.496508,False
sports.espn.go.com,wikio.com,5.0,1.791759,False
nydailynews.com,wikio.com,53.0,3.988984,False
edition.cnn.com,wikio.com,2.0,1.098612,False
myspace.com,wikio.com,2.0,1.098612,False
gizmodo.com,wikio.com,11.0,2.484907,False
del.icio.us,wikio.com,29.0,3.401197,False
timesonline.co.uk,wikio.com,3.0,1.386294,False
jihadwatch.org,wikio.com,10.0,2.397895,False
4.bp.blogspot.com,wikio.com,8.0,2.197225,False
en.wikipedia.org,wikio.com,28.0,3.367296,False
firstread.msnbc.msn.com,wikio.com,3.0,1.386294,False
flickr.com,wikio.com,2.0,1.098612,False
reuters.com,wikio.com,12.0,2.564949,False
technorati.com,wikio.com,39.0,3.688879,False
huffingtonpost.com,wikio.com,13.0,2.639057,False
twitter.com,wikio.com,11.0,2.484907,False
breitbart.com,wikio.com,5.0,1.791759,False
chicagotribune.com,wikio.com,5.0,1.791759,False
althouse.blogspot.com,wikio.com,7.0,2.079442,False
dailykos.com,wikio.com,3.0,1.386294,False
seattletimes.nwsource.com,wikio.com,15.0,2.772589,False
nytimes.com,wikio.com,62.0,4.143135,False
newsweek.com,wikio.com,8.0,2.197225,False
foxnews.com,wikio.com,25.0,3.258097,False
newsday.com,wikio.com,4.0,1.609438,False
bloomberg.com,wikio.com,8.0,2.197225,False
weeklystandard.com,wikio.com,2.0,1.098612,False
2.bp.blogspot.com,wikio.com,10.0,2.397895,False
telegraph.co.uk,wikio.com,5.0,1.791759,False
latimesblogs.latimes.com,wikio.com,2.0,1.098612,False
time.com,wikio.com,9.0,2.302585,False
online.wsj.com,wikio.com,24.0,3.218876,False
facebook.com,wikio.com,28.0,3.367296,False
voices.washingtonpost.com,wikio.com,6.0,1.94591,False
3.bp.blogspot.com,wikio.com,8.0,2.197225,False
google.com,wikio.com,32.0,3.496508,False
gawker.com,wikio.com,21.0,3.091042,False
michellemalkin.com,wikio.com,2.0,1.098612,False
forbes.com,wikio.com,3.0,1.386294,False
blog.wired.com,wikio.com,4.0,1.609438,False
reason.com,wikio.com,7.0,2.079442,False
thinkprogress.org,wikio.com,33.0,3.526361,False
amazon.com,wikio.com,16.0,2.833213,False
cdc.gov,wikio.com,12.0,2.564949,False
techcrunch.com,wikio.com,5.0,1.791759,False
us.rd.yahoo.com,wikio.com,2.0,1.098612,False
politico.com,wikio.com,12.0,2.564949,False
boston.com,wikio.com,562.0,6.33328,False
startribune.com,wikio.com,3.0,1.386294,False
tinyurl.com,wikio.com,6.0,1.94591,False
washingtonmonthly.com,wikio.com,3.0,1.386294,False
news.yahoo.com,wikio.com,35.0,3.583519,False
eonline.com,wikio.com,4.0,1.609438,False
latimes.com,wikio.com,20.0,3.044522,False
abcnews.go.com,wikio.com,5.0,1.791759,False
slate.com,wikio.com,9.0,2.302585,False
money.cnn.com,wikio.com,5.0,1.791759,False
atlasshrugs2000.typepad.com,wikio.com,2.0,1.098612,False
news.bbc.co.uk,wikio.com,11.0,2.484907,False
whitehouse.gov,wikio.com,12.0,2.564949,False
babbazeesbrain.blogspot.com,windowintopalestine.blogspot.com,2.0,1.098612,False
nandigramunited.blogspot.com,windowintopalestine.blogspot.com,4.0,1.609438,False
salon.com,windowintopalestine.blogspot.com,22.0,3.135494,False
npr.org,windowintopalestine.blogspot.com,13.0,2.639057,False
abcnews.go.com,windowintopalestine.blogspot.com,12.0,2.564949,False
foxnews.com,windowintopalestine.blogspot.com,5.0,1.791759,False
dailymail.co.uk,windowintopalestine.blogspot.com,6.0,1.94591,False
boston.com,windowintopalestine.blogspot.com,38.0,3.663562,False
independent.co.uk,windowintopalestine.blogspot.com,122.0,4.812184,False
3.bp.blogspot.com,windowintopalestine.blogspot.com,40.0,3.713572,False
topics.nytimes.com,windowintopalestine.blogspot.com,14.0,2.70805,False
imdb.com,windowintopalestine.blogspot.com,2.0,1.098612,False
nypost.com,windowintopalestine.blogspot.com,6.0,1.94591,False
facebook.com,windowintopalestine.blogspot.com,52.0,3.970292,False
huffingtonpost.com,windowintopalestine.blogspot.com,147.0,4.997212,False
1.bp.blogspot.com,windowintopalestine.blogspot.com,39.0,3.688879,False
politico.com,windowintopalestine.blogspot.com,2.0,1.098612,False
economist.com,windowintopalestine.blogspot.com,24.0,3.218876,False
2.bp.blogspot.com,windowintopalestine.blogspot.com,44.0,3.806662,False
vimeo.com,windowintopalestine.blogspot.com,7.0,2.079442,False
tinyurl.com,windowintopalestine.blogspot.com,116.0,4.762174,False
leftword.blogdig.net,windowintopalestine.blogspot.com,2.0,1.098612,False
latimes.com,windowintopalestine.blogspot.com,110.0,4.70953,False
philly.com,windowintopalestine.blogspot.com,3.0,1.386294,False
cbsnews.com,windowintopalestine.blogspot.com,8.0,2.197225,False
whitehouse.gov,windowintopalestine.blogspot.com,19.0,2.995732,False
bloomberg.com,windowintopalestine.blogspot.com,14.0,2.70805,False
blog.wired.com,windowintopalestine.blogspot.com,6.0,1.94591,False
photos1.blogger.com,windowintopalestine.blogspot.com,16.0,2.833213,False
news.com.au,windowintopalestine.blogspot.com,17.0,2.890372,False
prospect.org,windowintopalestine.blogspot.com,5.0,1.791759,False
marketwatch.com,windowintopalestine.blogspot.com,3.0,1.386294,False
nymag.com,windowintopalestine.blogspot.com,3.0,1.386294,False
dailykos.com,windowintopalestine.blogspot.com,5.0,1.791759,False
cnn.com,windowintopalestine.blogspot.com,15.0,2.772589,False
time.com,windowintopalestine.blogspot.com,19.0,2.995732,False
flickr.com,windowintopalestine.blogspot.com,23.0,3.178054,False
twitter.com,windowintopalestine.blogspot.com,2.0,1.098612,False
newsweek.com,windowintopalestine.blogspot.com,11.0,2.484907,False
commondreams.org,windowintopalestine.blogspot.com,30.0,3.433987,False
en.wikipedia.org,windowintopalestine.blogspot.com,1467.0,7.291656,False
alternet.org,windowintopalestine.blogspot.com,29.0,3.401197,False
breitbart.com,windowintopalestine.blogspot.com,2.0,1.098612,False
thinkprogress.org,windowintopalestine.blogspot.com,5.0,1.791759,False
usatoday.com,windowintopalestine.blogspot.com,15.0,2.772589,False
nytimes.com,windowintopalestine.blogspot.com,189.0,5.247024,False
freerepublic.com,windowintopalestine.blogspot.com,4.0,1.609438,False
guardian.co.uk,windowintopalestine.blogspot.com,535.0,6.284134,False
edition.cnn.com,windowintopalestine.blogspot.com,9.0,2.302585,False
telegraph.co.uk,windowintopalestine.blogspot.com,50.0,3.931826,False
blogger.com,windowintopalestine.blogspot.com,10170.0,9.227296,False
us.rd.yahoo.com,windowintopalestine.blogspot.com,342.0,5.83773,False
theglobeandmail.com,windowintopalestine.blogspot.com,21.0,3.091042,False
iht.com,windowintopalestine.blogspot.com,121.0,4.804021,False
haaretz.com,windowintopalestine.blogspot.com,2741.0,7.916443,False
news.google.com,windowintopalestine.blogspot.com,14.0,2.70805,False
pbs.org,windowintopalestine.blogspot.com,27.0,3.332205,False
chron.com,windowintopalestine.blogspot.com,8.0,2.197225,False
slate.com,windowintopalestine.blogspot.com,3.0,1.386294,False
timesonline.co.uk,windowintopalestine.blogspot.com,54.0,4.007333,False
google.com,windowintopalestine.blogspot.com,113.0,4.736198,False
sfgate.com,windowintopalestine.blogspot.com,34.0,3.555348,False
digg.com,windowintopalestine.blogspot.com,4.0,1.609438,False
blogs.abcnews.com,windowintopalestine.blogspot.com,3.0,1.386294,False
amazon.com,windowintopalestine.blogspot.com,109.0,4.70048,False
bbc.co.uk,windowintopalestine.blogspot.com,4.0,1.609438,False
latimesblogs.latimes.com,windowintopalestine.blogspot.com,19.0,2.995732,False
reuters.com,windowintopalestine.blogspot.com,74.0,4.317488,False
washingtonpost.com,windowintopalestine.blogspot.com,140.0,4.94876,False
4.bp.blogspot.com,windowintopalestine.blogspot.com,34.0,3.555348,False
chicagotribune.com,windowintopalestine.blogspot.com,16.0,2.833213,False
mediamatters.org,windowintopalestine.blogspot.com,4.0,1.609438,False
thenation.com,windowintopalestine.blogspot.com,20.0,3.044522,False
forbes.com,windowintopalestine.blogspot.com,7.0,2.079442,False
msnbc.msn.com,windowintopalestine.blogspot.com,23.0,3.178054,False
newyorker.com,windowintopalestine.blogspot.com,20.0,3.044522,False
ft.com,windowintopalestine.blogspot.com,30.0,3.433987,False
voices.washingtonpost.com,windowintopalestine.blogspot.com,2.0,1.098612,False
online.wsj.com,windowintopalestine.blogspot.com,13.0,2.639057,False
washingtontimes.com,windowintopalestine.blogspot.com,4.0,1.609438,False
news.bbc.co.uk,windowintopalestine.blogspot.com,398.0,5.988961,False
cbc.ca,windowintopalestine.blogspot.com,12.0,2.564949,False
uk.reuters.com,windowintopalestine.blogspot.com,21.0,3.091042,False
news.yahoo.com,windowintopalestine.blogspot.com,469.0,6.152733,False
kennysideshow.blogspot.com,wired.com,21.0,3.091042,False
washingtonmonthly.com,wired.com,7.0,2.079442,False
circleof13.blogspot.com,wired.com,5.0,1.791759,False
digitalspy.co.uk,wired.com,4.0,1.609438,False
angrybear.blogspot.com,wired.com,3.0,1.386294,False
d-day.blogspot.com,wired.com,6.0,1.94591,False
blog.badtux.net,wired.com,2.0,1.098612,False
plime.com,wired.com,22.0,3.135494,False
i.gizmodo.com,wired.com,27.0,3.332205,False
concurringopinions.com,wired.com,33.0,3.526361,False
djtechnocrat.blogspot.com,wired.com,63.0,4.158883,False
slate.com,wired.com,4.0,1.609438,False
sepiamutiny.com,wired.com,30.0,3.433987,False
feeds.gothamistllc.com,wired.com,35.0,3.583519,False
feedproxy.google.com,wired.com,5.0,1.791759,False
newportcity.blogspot.com,wired.com,4.0,1.609438,False
blog.openitstrategies.com,wired.com,16.0,2.833213,False
cajunboyinthecity.blogspot.com,wired.com,4.0,1.609438,False
feeds.gawker.com,wired.com,6.0,1.94591,False
reason.com,wired.com,5.0,1.791759,False
gawker.com,wired.com,7.0,2.079442,False
psycmeistr.blogspot.com,wired.com,2.0,1.098612,False
gizmodo.com,wired.com,18.0,2.944439,False
atlasshrugs2000.typepad.com,wired.com,2.0,1.098612,False
theplaylist.blogspot.com,wired.com,12.0,2.564949,False
washingtonpost.com,wired.com,10.0,2.397895,False
megite.com,wired.com,128.0,4.859812,False
treehugger.com,wired.com,6.0,1.94591,False
technologyexpert.blogspot.com,wired.com,6.0,1.94591,False
downwithtyranny.blogspot.com,wired.com,2.0,1.098612,False
seekingalpha.com,wired.com,3.0,1.386294,False
blogs.zdnet.com,wired.com,4.0,1.609438,False
icestationtango.blogspot.com,wired.com,4.0,1.609438,False
wheelgun.blogspot.com,wired.com,3.0,1.386294,False
theragblog.blogspot.com,wired.com,2.0,1.098612,False
nomoremister.blogspot.com,wired.com,4.0,1.609438,False
rss.feedsportal.com,wired.com,5.0,1.791759,False
news.cnet.com,wired.com,9.0,2.302585,False
us.rd.yahoo.com,wired.com,7.0,2.079442,False
forum.dvdtalk.com,wired.com,23.0,3.178054,False
joshingpolitics.blogspot.com,wired.com,3.0,1.386294,False
classicalvalues.com,wired.com,6.0,1.94591,False
alterdestiny.blogspot.com,wired.com,3.0,1.386294,False
latimes.com,wired.com,8.0,2.197225,False
blog.wired.com,wired.com,161.0,5.087596,False
mahalo.com,wired.com,63.0,4.158883,False
ronmwangaguhunga.blogspot.com,wired.com,3.0,1.386294,False
evolvehappy.com,wired.com,154.0,5.043425,False
superpunch.blogspot.com,wired.com,13.0,2.639057,False
ionarts.blogspot.com,wired.com,2.0,1.098612,False
amazon.com,wired.com,39.0,3.688879,False
althouse.blogspot.com,wired.com,2.0,1.098612,False
imdb.com,wired.com,8.0,2.197225,False
flickr.com,wired.com,3.0,1.386294,False
en.wikipedia.org,wired.com,43.0,3.78419,False
news.bbc.co.uk,wired.com,2.0,1.098612,False
news.google.com,wired.com,4.0,1.609438,False
google.com,wired.com,5.0,1.791759,False
twitter.com,wired.com,4.0,1.609438,False
blog.badtux.net,xnerg.blogspot.com,9.0,2.302585,False
icestationtango.blogspot.com,xnerg.blogspot.com,2.0,1.098612,False
cujo359.blogspot.com,xnerg.blogspot.com,2.0,1.098612,False
iht.com,xnerg.blogspot.com,5.0,1.791759,False
newsweek.com,xnerg.blogspot.com,3.0,1.386294,False
washingtonmonthly.com,xnerg.blogspot.com,14.0,2.70805,False
seattletimes.nwsource.com,xnerg.blogspot.com,12.0,2.564949,False
blogs.abcnews.com,xnerg.blogspot.com,11.0,2.484907,False
d-day.blogspot.com,xnerg.blogspot.com,2.0,1.098612,False
news.bbc.co.uk,xnerg.blogspot.com,30.0,3.433987,False
downwithtyranny.blogspot.com,xnerg.blogspot.com,4.0,1.609438,False
tinyurl.com,xnerg.blogspot.com,17.0,2.890372,False
technorati.com,xnerg.blogspot.com,4.0,1.609438,False
finance.yahoo.com,xnerg.blogspot.com,9.0,2.302585,False
en.wikipedia.org,xnerg.blogspot.com,76.0,4.343805,False
cnn.com,xnerg.blogspot.com,174.0,5.164786,False
foxnews.com,xnerg.blogspot.com,32.0,3.496508,False
news.yahoo.com,xnerg.blogspot.com,107.0,4.682131,False
newscientist.com,xnerg.blogspot.com,2.0,1.098612,False
timesonline.co.uk,xnerg.blogspot.com,18.0,2.944439,False
prospect.org,xnerg.blogspot.com,6.0,1.94591,False
2.bp.blogspot.com,xnerg.blogspot.com,2.0,1.098612,False
suntimes.com,xnerg.blogspot.com,13.0,2.639057,False
washingtonpost.com,xnerg.blogspot.com,232.0,5.451038,False
althouse.blogspot.com,xnerg.blogspot.com,4.0,1.609438,False
nydailynews.com,xnerg.blogspot.com,18.0,2.944439,False
eonline.com,xnerg.blogspot.com,3.0,1.386294,False
philly.com,xnerg.blogspot.com,6.0,1.94591,False
businessweek.com,xnerg.blogspot.com,10.0,2.397895,False
wired.com,xnerg.blogspot.com,3.0,1.386294,False
latimesblogs.latimes.com,xnerg.blogspot.com,12.0,2.564949,False
alternet.org,xnerg.blogspot.com,13.0,2.639057,False
startribune.com,xnerg.blogspot.com,12.0,2.564949,False
salon.com,xnerg.blogspot.com,32.0,3.496508,False
blogger.com,xnerg.blogspot.com,19.0,2.995732,False
weeklystandard.com,xnerg.blogspot.com,2.0,1.098612,False
sports.espn.go.com,xnerg.blogspot.com,12.0,2.564949,False
washingtontimes.com,xnerg.blogspot.com,5.0,1.791759,False
huffingtonpost.com,xnerg.blogspot.com,40.0,3.713572,False
informationweek.com,xnerg.blogspot.com,3.0,1.386294,False
news.google.com,xnerg.blogspot.com,21.0,3.091042,False
commondreams.org,xnerg.blogspot.com,19.0,2.995732,False
edition.cnn.com,xnerg.blogspot.com,9.0,2.302585,False
flickr.com,xnerg.blogspot.com,17.0,2.890372,False
google.com,xnerg.blogspot.com,20.0,3.044522,False
boston.com,xnerg.blogspot.com,43.0,3.78419,False
reason.com,xnerg.blogspot.com,3.0,1.386294,False
thenation.com,xnerg.blogspot.com,14.0,2.70805,False
nypost.com,xnerg.blogspot.com,13.0,2.639057,False
marketwatch.com,xnerg.blogspot.com,13.0,2.639057,False
usnews.com,xnerg.blogspot.com,6.0,1.94591,False
money.cnn.com,xnerg.blogspot.com,65.0,4.189655,False
maps.google.com,xnerg.blogspot.com,3.0,1.386294,False
theglobeandmail.com,xnerg.blogspot.com,4.0,1.609438,False
bloomberg.com,xnerg.blogspot.com,27.0,3.332205,False
cbsnews.com,xnerg.blogspot.com,60.0,4.110874,False
slate.com,xnerg.blogspot.com,10.0,2.397895,False
abcnews.go.com,xnerg.blogspot.com,86.0,4.465908,False
corner.nationalreview.com,xnerg.blogspot.com,2.0,1.098612,False
telegraph.co.uk,xnerg.blogspot.com,6.0,1.94591,False
chicagotribune.com,xnerg.blogspot.com,23.0,3.178054,False
newyorker.com,xnerg.blogspot.com,2.0,1.098612,False
usatoday.com,xnerg.blogspot.com,48.0,3.89182,False
crooksandliars.com,xnerg.blogspot.com,27.0,3.332205,False
newsday.com,xnerg.blogspot.com,25.0,3.258097,False
latimes.com,xnerg.blogspot.com,122.0,4.812184,False
topics.nytimes.com,xnerg.blogspot.com,22.0,3.135494,False
us.rd.yahoo.com,xnerg.blogspot.com,8.0,2.197225,False
twitter.com,xnerg.blogspot.com,3.0,1.386294,False
townhall.com,xnerg.blogspot.com,7.0,2.079442,False
news.com.au,xnerg.blogspot.com,7.0,2.079442,False
dailykos.com,xnerg.blogspot.com,97.0,4.584967,False
mediamatters.org,xnerg.blogspot.com,66.0,4.204693,False
politico.com,xnerg.blogspot.com,22.0,3.135494,False
voices.washingtonpost.com,xnerg.blogspot.com,7.0,2.079442,False
nytimes.com,xnerg.blogspot.com,240.0,5.484797,False
reuters.com,xnerg.blogspot.com,58.0,4.077537,False
npr.org,xnerg.blogspot.com,21.0,3.091042,False
online.wsj.com,xnerg.blogspot.com,10.0,2.397895,False
blog.wired.com,xnerg.blogspot.com,3.0,1.386294,False
haaretz.com,xnerg.blogspot.com,2.0,1.098612,False
pbs.org,xnerg.blogspot.com,11.0,2.484907,False
fivethirtyeight.com,xnerg.blogspot.com,3.0,1.386294,False
blogs.wsj.com,xnerg.blogspot.com,3.0,1.386294,False
cbc.ca,xnerg.blogspot.com,7.0,2.079442,False
whitehouse.gov,xnerg.blogspot.com,15.0,2.772589,False
chron.com,xnerg.blogspot.com,22.0,3.135494,False
msnbc.msn.com,xnerg.blogspot.com,92.0,4.532599,False
breitbart.com,xnerg.blogspot.com,5.0,1.791759,False
firstread.msnbc.msn.com,xnerg.blogspot.com,4.0,1.609438,False
myspace.com,xnerg.blogspot.com,3.0,1.386294,False
time.com,xnerg.blogspot.com,16.0,2.833213,False
michellemalkin.com,xnerg.blogspot.com,12.0,2.564949,False
thinkprogress.org,xnerg.blogspot.com,47.0,3.871201,False
sfgate.com,xnerg.blogspot.com,121.0,4.804021,False
guardian.co.uk,xnerg.blogspot.com,26.0,3.295837,False
amazon.com,xnerg.blogspot.com,40.0,3.713572,False
scienceblogs.com,xnerg.blogspot.com,12.0,2.564949,False
forbes.com,xnerg.blogspot.com,24.0,3.218876,False
bbc.co.uk,xnerg.blogspot.com,3.0,1.386294,False
imdb.com,xnerg.blogspot.com,24.0,3.218876,False
icestationtango.blogspot.com,youtube.com,727.0,6.590301,False
dailykos.com,youtube.com,13.0,2.639057,False
weeklystandard.com,youtube.com,81.0,4.406719,False
newsweek.com,youtube.com,3.0,1.386294,False
latimes.com,youtube.com,44.0,3.806662,False
joshingpolitics.blogspot.com,youtube.com,96.0,4.574711,False
i.gizmodo.com,youtube.com,97.0,4.584967,False
mahalo.com,youtube.com,9931.0,9.203517,False
realclearpolitics.com,youtube.com,41.0,3.73767,False
newscientist.com,youtube.com,20.0,3.044522,False
theautomaticearth.blogspot.com,youtube.com,50.0,3.931826,False
google.com,youtube.com,6.0,1.94591,False
superpunch.blogspot.com,youtube.com,62.0,4.143135,False
cinie.wordpress.com,youtube.com,407.0,6.011267,False
flickr.com,youtube.com,5.0,1.791759,False
telegraph.co.uk,youtube.com,10.0,2.397895,False
wikio.com,youtube.com,14.0,2.70805,False
tigerhawk.blogspot.com,youtube.com,14.0,2.70805,False
feedproxy.google.com,youtube.com,83.0,4.430817,False
usatoday.com,youtube.com,5.0,1.791759,False
cujo359.blogspot.com,youtube.com,23.0,3.178054,False
downwithtyranny.blogspot.com,youtube.com,359.0,5.886104,False
theragblog.blogspot.com,youtube.com,39.0,3.688879,False
newsbusters.org,youtube.com,49.0,3.912023,False
chacha.com,youtube.com,76.0,4.343805,False
ionarts.blogspot.com,youtube.com,166.0,5.117994,False
xnerg.blogspot.com,youtube.com,32.0,3.496508,False
capitalfax.blogspot.com,youtube.com,82.0,4.418841,False
salon.com,youtube.com,123.0,4.820282,False
gatesofvienna.blogspot.com,youtube.com,38.0,3.663562,False
chron.com,youtube.com,5.0,1.791759,False
cbsnews.com,youtube.com,20.0,3.044522,False
babbazeesbrain.blogspot.com,youtube.com,132.0,4.890349,False
us.rd.yahoo.com,youtube.com,91.0,4.521789,False
djtechnocrat.blogspot.com,youtube.com,63.0,4.158883,False
ourlatinamerica.blogspot.com,youtube.com,975.0,6.883463,False
freerepublic.com,youtube.com,61.0,4.127134,False
news.cnet.com,youtube.com,51.0,3.951244,False
michellemalkin.com,youtube.com,6.0,1.94591,False
psycmeistr.blogspot.com,youtube.com,38.0,3.663562,False
wikiality.com,youtube.com,153.0,5.036953,False
newportcity.blogspot.com,youtube.com,44.0,3.806662,False
eonline.com,youtube.com,248.0,5.517453,False
technologyexpert.blogspot.com,youtube.com,107.0,4.682131,False
kennysideshow.blogspot.com,youtube.com,627.0,6.44254,False
blogs.abcnews.com,youtube.com,42.0,3.7612,False
firstread.msnbc.msn.com,youtube.com,125.0,4.836282,False
d-day.blogspot.com,youtube.com,134.0,4.905275,False
npr.org,youtube.com,21.0,3.091042,False
holycoast.blogspot.com,youtube.com,17.0,2.890372,False
townhall.com,youtube.com,24.0,3.218876,False
nymag.com,youtube.com,52.0,3.970292,False
hotair.com,youtube.com,18.0,2.944439,False
newsday.com,youtube.com,9.0,2.302585,False
atlasshrugs2000.typepad.com,youtube.com,141.0,4.955827,False
conservapedia.com,youtube.com,427.0,6.059123,False
scienceblogs.com,youtube.com,32.0,3.496508,False
washingtonpost.com,youtube.com,39.0,3.688879,False
pbs.org,youtube.com,9.0,2.302585,False
foxnews.com,youtube.com,5.0,1.791759,False
politico.com,youtube.com,8.0,2.197225,False
ibloga.blogspot.com,youtube.com,41.0,3.73767,False
msnbc.msn.com,youtube.com,4.0,1.609438,False
digg.com,youtube.com,18.0,2.944439,False
pajamasmedia.com,youtube.com,10.0,2.397895,False
dumpbachmann.blogspot.com,youtube.com,440.0,6.089045,False
thepoliticalcarnival.blogspot.com,youtube.com,104.0,4.65396,False
techcrunch.com,youtube.com,6.0,1.94591,False
edition.cnn.com,youtube.com,13.0,2.639057,False
amazon.com,youtube.com,53.0,3.988984,False
theglobeandmail.com,youtube.com,3.0,1.386294,False
commondreams.org,youtube.com,8.0,2.197225,False
kotaku.com,youtube.com,112.0,4.727388,False
philly.com,youtube.com,27.0,3.332205,False
feeds.gothamistllc.com,youtube.com,250.0,5.525453,False
wired.com,youtube.com,3.0,1.386294,False
leftword.blogdig.net,youtube.com,38.0,3.663562,False
time.com,youtube.com,45.0,3.828641,False
informationweek.com,youtube.com,64.0,4.174387,False
bloomberg.com,youtube.com,6.0,1.94591,False
ronmwangaguhunga.blogspot.com,youtube.com,36.0,3.610918,False
arstechnica.com,youtube.com,6.0,1.94591,False
cajunboyinthecity.blogspot.com,youtube.com,43.0,3.78419,False
sports.espn.go.com,youtube.com,19.0,2.995732,False
greenwichroundup.blogspot.com,youtube.com,23.0,3.178054,False
chicagotribune.com,youtube.com,15.0,2.772589,False
blogs.zdnet.com,youtube.com,13.0,2.639057,False
nydailynews.com,youtube.com,6.0,1.94591,False
seekingalpha.com,youtube.com,32.0,3.496508,False
forbes.com,youtube.com,10.0,2.397895,False
alternet.org,youtube.com,11.0,2.484907,False
cnn.com,youtube.com,61.0,4.127134,False
gizmodo.com,youtube.com,34.0,3.555348,False
blog.badtux.net,youtube.com,31.0,3.465736,False
concurringopinions.com,youtube.com,135.0,4.912655,False
evolvehappy.com,youtube.com,233.0,5.455321,False
washingtonmonthly.com,youtube.com,79.0,4.382027,False
prospect.org,youtube.com,2.0,1.098612,False
reason.com,youtube.com,69.0,4.248495,False
feeds.gawker.com,youtube.com,55.0,4.025352,False
guardian.co.uk,youtube.com,521.0,6.257668,False
pcworld.com,youtube.com,6.0,1.94591,False
news.bbc.co.uk,youtube.com,4.0,1.609438,False
windowintopalestine.blogspot.com,youtube.com,311.0,5.743003,False
slate.com,youtube.com,80.0,4.394449,False
nomoremister.blogspot.com,youtube.com,71.0,4.276666,False
plime.com,youtube.com,2.0,1.098612,False
sfgate.com,youtube.com,64.0,4.174387,False
blog.openitstrategies.com,youtube.com,29.0,3.401197,False
seattletimes.nwsource.com,youtube.com,41.0,3.73767,False
thenation.com,youtube.com,4.0,1.609438,False
dailymail.co.uk,youtube.com,18.0,2.944439,False
althouse.blogspot.com,youtube.com,98.0,4.59512,False
jezebel.com,youtube.com,36.0,3.610918,False
otherclub.blogspot.com,youtube.com,148.0,5.003946,False
money.cnn.com,youtube.com,5.0,1.791759,False
huffingtonpost.com,youtube.com,101.0,4.624973,False
treehugger.com,youtube.com,16.0,2.833213,False
startribune.com,youtube.com,26.0,3.295837,False
tundratabloid.blogspot.com,youtube.com,50.0,3.931826,False
alterdestiny.blogspot.com,youtube.com,21.0,3.091042,False
deadspin.com,youtube.com,109.0,4.70048,False
online.wsj.com,youtube.com,7.0,2.079442,False
wheelgun.blogspot.com,youtube.com,151.0,5.023881,False
usnews.com,youtube.com,19.0,2.995732,False
sepiamutiny.com,youtube.com,104.0,4.65396,False
corner.nationalreview.com,youtube.com,6.0,1.94591,False
thedisbrimstone-dailypitchfork.blogspot.com,youtube.com,43.0,3.78419,False
economist.com,youtube.com,9.0,2.302585,False
voices.washingtonpost.com,youtube.com,5.0,1.791759,False
lefarkins.blogspot.com,youtube.com,117.0,4.770685,False
rss.feedsportal.com,youtube.com,237.0,5.472271,False
businessweek.com,youtube.com,21.0,3.091042,False
thinkprogress.org,youtube.com,22.0,3.135494,False
bbc.co.uk,youtube.com,31.0,3.465736,False
rebellenation.blogspot.com,youtube.com,29.0,3.401197,False
newyorker.com,youtube.com,4.0,1.609438,False
news.com.au,youtube.com,25.0,3.258097,False
angrybear.blogspot.com,youtube.com,10.0,2.397895,False
buckmire.blogspot.com,youtube.com,35.0,3.583519,False
nandigramunited.blogspot.com,youtube.com,123.0,4.820282,False
blogs.wsj.com,youtube.com,25.0,3.258097,False
blog.wired.com,youtube.com,88.0,4.488636,False
abcnews.go.com,youtube.com,3.0,1.386294,False
forum.dvdtalk.com,youtube.com,458.0,6.12905,False
circleof13.blogspot.com,youtube.com,90.0,4.51086,False
theplaylist.blogspot.com,youtube.com,1700.0,7.438972,False
cbc.ca,youtube.com,27.0,3.332205,False
breitbart.com,youtube.com,7.0,2.079442,False
fivethirtyeight.com,youtube.com,58.0,4.077537,False
crooksandliars.com,youtube.com,17.0,2.890372,False
boston.com,youtube.com,80.0,4.394449,False
gawker.com,youtube.com,130.0,4.875197,False
danceswithanxiety.blogspot.com,youtube.com,77.0,4.356709,False
classicalvalues.com,youtube.com,46.0,3.850148,False
examiner.com,youtube.com,53.0,3.988984,False
jihadwatch.org,youtube.com,25.0,3.258097,False
digitalspy.co.uk,youtube.com,6844.0,8.831274,False
tinyurl.com,youtube.com,3.0,1.386294,False
twitter.com,youtube.com,3.0,1.386294,False
