ticker,year,annual_return_pct,lagged_return,degree,weighted_degree,betweenness,closeness,eigenvector,pagerank,ministry_Agriculture,ministry_Commerce,ministry_Digital Economy,ministry_Energy,ministry_Finance,ministry_Industry,ministry_Interior,ministry_Public Health,ministry_Tourism & Sports,ministry_Transport,ticker_ministry,cabinet_no,party_coalition,party_core,party_independent,party_none,budget_yoy_pct
ADVANC,2017,25.50557343860656,-7.006364746347781,0.0169491525423728,0.093,0.0,0.0225988700564971,4.287684219096493e-93,0.0057340642875901,False,False,True,False,False,False,False,False,False,False,กระทรวงดิจิทัลเพื่อเศรษฐกิจและสังคม,61,False,False,False,True,-61.81164014604836
ADVANC,2018,-7.02010301412953,25.50557343860656,0.0169491525423728,0.093,0.0,0.0225988700564971,4.287684219096493e-93,0.0057340642875901,False,False,True,False,False,False,False,False,False,False,กระทรวงดิจิทัลเพื่อเศรษฐกิจและสังคม,61,False,False,False,True,-14.70106395368489
ADVANC,2019,23.677346365094976,-7.02010301412953,0.0169491525423728,0.093,0.0,0.0225988700564971,4.287684219096493e-93,0.0057340642875901,False,False,True,False,False,False,False,False,False,False,กระทรวงดิจิทัลเพื่อเศรษฐกิจและสังคม,61,False,False,False,True,-17.61936301608693
ADVANC,2020,-10.75299277873546,23.677346365094976,0.0169491525423728,0.093,0.0,0.0225988700564971,4.287684219096493e-93,0.0057340642875901,False,False,True,False,False,False,False,False,False,False,กระทรวงดิจิทัลเพื่อเศรษฐกิจและสังคม,62,False,True,False,False,25.361252865802307
ADVANC,2021,39.221982397478406,-10.75299277873546,0.0169491525423728,0.093,0.0,0.0225988700564971,4.287684219096493e-93,0.0057340642875901,False,False,True,False,False,False,False,False,False,False,กระทรวงดิจิทัลเพื่อเศรษฐกิจและสังคม,62,False,True,False,False,22.33040849624013
ADVANC,2022,-8.185778002411237,39.221982397478406,0.0169491525423728,0.093,0.0,0.0225988700564971,4.287684219096493e-93,0.0057340642875901,False,False,True,False,False,False,False,False,False,False,กระทรวงดิจิทัลเพื่อเศรษฐกิจและสังคม,62,False,True,False,False,-17.785053165587726
ADVANC,2023,15.649643960791494,-8.185778002411237,0.0169491525423728,0.093,0.0,0.0225988700564971,4.287684219096493e-93,0.0057340642875901,False,False,True,False,False,False,False,False,False,False,กระทรวงดิจิทัลเพื่อเศรษฐกิจและสังคม,62,False,True,False,False,-0.5712621043830302
ADVANC,2024,36.7119219467547,15.649643960791494,0.0169491525423728,0.093,0.0,0.0225988700564971,4.287684219096493e-93,0.0057340642875901,False,False,True,False,False,False,False,False,False,False,กระทรวงดิจิทัลเพื่อเศรษฐกิจและสังคม,63,False,True,False,False,27.54329936716551
ADVANC,2025,15.095576761863503,36.7119219467547,0.0169491525423728,0.093,0.0,0.0225988700564971,4.287684219096493e-93,0.0057340642875901,False,False,True,False,False,False,False,False,False,False,กระทรวงดิจิทัลเพื่อเศรษฐกิจและสังคม,64,False,True,False,False,10.96848004229889
ADVANC,2026,16.500116274303032,15.095576761863503,0.0169491525423728,0.093,0.0,0.0225988700564971,4.287684219096493e-93,0.0057340642875901,False,False,True,False,False,False,False,False,False,False,กระทรวงดิจิทัลเพื่อเศรษฐกิจและสังคม,66,False,True,False,False,6.166737505086184
AOT,2017,66.5428074413482,7.120082838330943,0.0169491525423728,0.415,0.0,0.0305084745762711,3.688096694739543e-113,0.0260346169019546,False,False,False,False,False,False,False,False,False,True,กระทรวงคมนาคม,61,False,False,False,True,15.641708407360323
AOT,2018,-6.69538780828346,66.5428074413482,0.0169491525423728,0.415,0.0,0.0305084745762711,3.688096694739543e-113,0.0260346169019546,False,False,False,False,False,False,False,False,False,True,กระทรวงคมนาคม,61,False,False,False,True,7.229234961758357
AOT,2019,9.1470035736128,-6.69538780828346,0.0169491525423728,0.415,0.0,0.0305084745762711,3.688096694739543e-113,0.0260346169019546,False,False,False,False,False,False,False,False,False,True,กระทรวงคมนาคม,61,False,False,False,True,6.417481472215902
AOT,2020,-11.44816491583972,9.1470035736128,0.0169491525423728,0.415,0.0,0.0305084745762711,3.688096694739543e-113,0.0260346169019546,False,False,False,False,False,False,False,False,False,True,กระทรวงคมนาคม,62,True,False,False,False,-1.9507209963107286
AOT,2021,2.5209995969313725,-11.44816491583972,0.0169491525423728,0.415,0.0,0.0305084745762711,3.688096694739543e-113,0.0260346169019546,False,False,False,False,False,False,False,False,False,True,กระทรวงคมนาคม,62,True,False,False,False,7.872756816759874
AOT,2022,17.647063193302515,2.5209995969313725,0.0169491525423728,0.415,0.0,0.0305084745762711,3.688096694739543e-113,0.0260346169019546,False,False,False,False,False,False,False,False,False,True,กระทรวงคมนาคม,62,True,False,False,False,-8.841090988100241
AOT,2023,-19.04286989147125,17.647063193302515,0.0169491525423728,0.415,0.0,0.0305084745762711,3.688096694739543e-113,0.0260346169019546,False,False,False,False,False,False,False,False,False,True,กระทรวงคมนาคม,63,False,True,False,False,4.128227369391069
AOT,2024,0.8668244004198078,-19.04286989147125,0.0169491525423728,0.415,0.0,0.0305084745762711,3.688096694739543e-113,0.0260346169019546,False,False,False,False,False,False,False,False,False,True,กระทรวงคมนาคม,63,False,True,False,False,1.6456171268356856
AOT,2025,-2.611570674301311,0.8668244004198078,0.0169491525423728,0.415,0.0,0.0305084745762711,3.688096694739543e-113,0.0260346169019546,False,False,False,False,False,False,False,False,False,True,กระทรวงคมนาคม,64,False,True,False,False,5.495772789796249
AOT,2026,27.363184079601982,-2.611570674301311,0.0169491525423728,0.415,0.0,0.0305084745762711,3.688096694739543e-113,0.0260346169019546,False,False,False,False,False,False,False,False,False,True,กระทรวงคมนาคม,66,False,True,False,False,3.4150418465789034
AWC,2020,-14.54657780414632,-3.305795294123759,0.0169491525423728,0.1,0.0,0.0554699537750385,1.352916384267403e-47,0.0050428340882105,False,False,False,False,False,False,True,False,False,False,กระทรวงมหาดไทย,62,False,False,True,False,-5.29289708554942
AWC,2021,0.8695665025280075,-14.54657780414632,0.0169491525423728,0.1,0.0,0.0554699537750385,1.352916384267403e-47,0.0050428340882105,False,False,False,False,False,False,True,False,False,False,กระทรวงมหาดไทย,62,False,False,True,False,-5.008191488147451
AWC,2022,28.85553619092647,0.8695665025280075,0.0169491525423728,0.1,0.0,0.0554699537750385,1.352916384267403e-47,0.0050428340882105,False,False,False,False,False,False,True,False,False,False,กระทรวงมหาดไทย,62,False,False,True,False,-5.672728982174691
AWC,2023,-39.82726620259612,28.85553619092647,0.0169491525423728,0.1,0.0,0.0554699537750385,1.352916384267403e-47,0.0050428340882105,False,False,False,False,False,False,True,False,False,False,กระทรวงมหาดไทย,62,False,False,True,False,3.084742479848268
AWC,2024,-10.522169570918493,-39.82726620259612,0.0169491525423728,0.1,0.0,0.0554699537750385,1.352916384267403e-47,0.0050428340882105,False,False,False,False,False,False,True,False,False,False,กระทรวงมหาดไทย,63,True,False,False,False,8.101655674545682
AWC,2025,-30.54356633879101,-10.522169570918493,0.0169491525423728,0.1,0.0,0.0554699537750385,1.352916384267403e-47,0.0050428340882105,False,False,False,False,False,False,True,False,False,False,กระทรวงมหาดไทย,64,False,True,False,False,-16.263959313842193
AWC,2026,32.47527456702728,-30.54356633879101,0.0169491525423728,0.1,0.0,0.0554699537750385,1.352916384267403e-47,0.0050428340882105,False,False,False,False,False,False,True,False,False,False,กระทรวงมหาดไทย,66,False,True,False,False,1.8236478094894482
BANPU,2017,3.525025238493984,59.31940992997775,0.0169491525423728,0.204,0.0,0.1061164333087693,0.1099692794791996,0.0072715507933145,False,False,False,True,False,False,False,False,False,False,กระทรวงพลังงาน,61,False,False,False,True,2.314652336421208
BANPU,2018,-32.70421595239734,3.525025238493984,0.0169491525423728,0.204,0.0,0.1061164333087693,0.1099692794791996,0.0072715507933145,False,False,False,True,False,False,False,False,False,False,กระทรวงพลังงาน,61,False,False,False,True,8.190805078415565
BANPU,2019,-24.670478966929377,-32.70421595239734,0.0169491525423728,0.204,0.0,0.1061164333087693,0.1099692794791996,0.0072715507933145,False,False,False,True,False,False,False,False,False,False,กระทรวงพลังงาน,61,False,False,False,True,3.592628163338518
BANPU,2020,16.374028335936707,-24.670478966929377,0.0169491525423728,0.204,0.0,0.1061164333087693,0.1099692794791996,0.0072715507933145,False,False,False,True,False,False,False,False,False,False,กระทรวงพลังงาน,62,False,True,False,False,-6.949029121466688
BANPU,2021,24.457512557636065,16.374028335936707,0.0169491525423728,0.204,0.0,0.1061164333087693,0.1099692794791996,0.0072715507933145,False,False,False,True,False,False,False,False,False,False,กระทรวงพลังงาน,62,False,False,True,False,6.4514842349212564
BANPU,2022,30.316671217413017,24.457512557636065,0.0169491525423728,0.204,0.0,0.1061164333087693,0.1099692794791996,0.0072715507933145,False,False,False,True,False,False,False,False,False,False,กระทรวงพลังงาน,62,False,False,True,False,18.791024566465687
BANPU,2023,-35.080483242377525,30.316671217413017,0.0169491525423728,0.204,0.0,0.1061164333087693,0.1099692794791996,0.0072715507933145,False,False,False,True,False,False,False,False,False,False,กระทรวงพลังงาน,62,False,False,True,False,-0.2751189690922473
BANPU,2024,3.496834109029745,-35.080483242377525,0.0169491525423728,0.204,0.0,0.1061164333087693,0.1099692794791996,0.0072715507933145,False,False,False,True,False,False,False,False,False,False,กระทรวงพลังงาน,63,True,False,False,False,2.754549984514809
BANPU,2025,3.666947969833223,3.496834109029745,0.0169491525423728,0.204,0.0,0.1061164333087693,0.1099692794791996,0.0072715507933145,False,False,False,True,False,False,False,False,False,False,กระทรวงพลังงาน,64,True,False,False,False,2.7250032529895885
BANPU,2026,11.852841591460429,3.666947969833223,0.0169491525423728,0.204,0.0,0.1061164333087693,0.1099692794791996,0.0072715507933145,False,False,False,True,False,False,False,False,False,False,กระทรวงพลังงาน,66,False,True,False,False,-1.8504493043038583
BBL,2017,19.959340089260103,8.758632743306238,0.0169491525423728,0.38,0.0,0.1061164333087693,0.0003691033796461,0.0109186805334599,False,False,False,False,True,False,False,False,False,False,กระทรวงการคลัง,61,False,False,False,True,9.30821256827219
BBL,2018,1.2937374924343548,19.959340089260103,0.0169491525423728,0.38,0.0,0.1061164333087693,0.0003691033796461,0.0109186805334599,False,False,False,False,True,False,False,False,False,False,กระทรวงการคลัง,61,False,False,False,True,30.626432016282745
BBL,2019,-23.03829189475246,1.2937374924343548,0.0169491525423728,0.38,0.0,0.1061164333087693,0.0003691033796461,0.0109186805334599,False,False,False,False,True,False,False,False,False,False,กระทรวงการคลัง,61,False,False,False,True,-14.572702621356438
BBL,2020,-14.099058340838166,-23.03829189475246,0.0169491525423728,0.38,0.0,0.1061164333087693,0.0003691033796461,0.0109186805334599,False,False,False,False,True,False,False,False,False,False,กระทรวงการคลัง,62,False,True,False,False,2.5739483729218193
BBL,2021,10.164334836948296,-14.099058340838166,0.0169491525423728,0.38,0.0,0.1061164333087693,0.0003691033796461,0.0109186805334599,False,False,False,False,True,False,False,False,False,False,กระทรวงการคลัง,62,False,False,True,False,7.7201943823832275
BBL,2022,12.90351467569295,10.164334836948296,0.0169491525423728,0.38,0.0,0.1061164333087693,0.0003691033796461,0.0109186805334599,False,False,False,False,True,False,False,False,False,False,กระทรวงการคลัง,62,False,False,True,False,1.9232014967428546
BBL,2023,1.8629997759546768,12.90351467569295,0.0169491525423728,0.38,0.0,0.1061164333087693,0.0003691033796461,0.0109186805334599,False,False,False,False,True,False,False,False,False,False,กระทรวงการคลัง,62,False,False,True,False,4.222140509614847
BBL,2024,12.597807557638996,1.8629997759546768,0.0169491525423728,0.38,0.0,0.1061164333087693,0.0003691033796461,0.0109186805334599,False,False,False,False,True,False,False,False,False,False,กระทรวงการคลัง,63,False,True,False,False,14.681794428524952
BBL,2025,16.877627806474106,12.597807557638996,0.0169491525423728,0.38,0.0,0.1061164333087693,0.0003691033796461,0.0109186805334599,False,False,False,False,True,False,False,False,False,False,กระทรวงการคลัง,64,False,True,False,False,19.154493220338065
BBL,2026,34.26054163958794,16.877627806474106,0.0169491525423728,0.38,0.0,0.1061164333087693,0.0003691033796461,0.0109186805334599,False,False,False,False,True,False,False,False,False,False,กระทรวงการคลัง,66,False,True,False,False,10.165265520016176
BCP,2017,22.391615248925767,21.310887544195367,0.0169491525423728,0.195,0.0,0.1061164333087693,0.1051176936198231,0.0070659367608495,False,False,False,True,False,False,False,False,False,False,กระทรวงพลังงาน,61,False,False,False,True,2.314652336421208
BCP,2018,-19.92399494062198,22.391615248925767,0.0169491525423728,0.195,0.0,0.1061164333087693,0.1051176936198231,0.0070659367608495,False,False,False,True,False,False,False,False,False,False,กระทรวงพลังงาน,61,False,False,False,True,8.190805078415565
BCP,2019,-10.103436926344244,-19.92399494062198,0.0169491525423728,0.195,0.0,0.1061164333087693,0.1051176936198231,0.0070659367608495,False,False,False,True,False,False,False,False,False,False,กระทรวงพลังงาน,61,False,False,False,True,3.592628163338518
BCP,2020,-16.556981444637298,-10.103436926344244,0.0169491525423728,0.195,0.0,0.1061164333087693,0.1051176936198231,0.0070659367608495,False,False,False,True,False,False,False,False,False,False,กระทรวงพลังงาน,62,False,True,False,False,-6.949029121466688
BCP,2021,10.235675718011516,-16.556981444637298,0.0169491525423728,0.195,0.0,0.1061164333087693,0.1051176936198231,0.0070659367608495,False,False,False,True,False,False,False,False,False,False,กระทรวงพลังงาน,62,False,False,True,False,6.4514842349212564
BCP,2022,21.33194553056519,10.235675718011516,0.0169491525423728,0.195,0.0,0.1061164333087693,0.1051176936198231,0.0070659367608495,False,False,False,True,False,False,False,False,False,False,กระทรวงพลังงาน,62,False,False,True,False,18.791024566465687
BCP,2023,24.4830279705617,21.33194553056519,0.0169491525423728,0.195,0.0,0.1061164333087693,0.1051176936198231,0.0070659367608495,False,False,False,True,False,False,False,False,False,False,กระทรวงพลังงาน,62,False,False,True,False,-0.2751189690922473
BCP,2024,-9.733660762696006,24.4830279705617,0.0169491525423728,0.195,0.0,0.1061164333087693,0.1051176936198231,0.0070659367608495,False,False,False,True,False,False,False,False,False,False,กระทรวงพลังงาน,63,True,False,False,False,2.754549984514809
BCP,2025,-23.68373012915968,-9.733660762696006,0.0169491525423728,0.195,0.0,0.1061164333087693,0.1051176936198231,0.0070659367608495,False,False,False,True,False,False,False,False,False,False,กระทรวงพลังงาน,64,True,False,False,False,2.7250032529895885
BCP,2026,44.515503728909934,-23.68373012915968,0.0169491525423728,0.195,0.0,0.1061164333087693,0.1051176936198231,0.0070659367608495,False,False,False,True,False,False,False,False,False,False,กระทรวงพลังงาน,66,False,True,False,False,-1.8504493043038583
BDMS,2017,-4.370230145464371,6.700648272009646,0.0169491525423728,0.086,0.0,0.0225988700564971,1.5752164779083872e-147,0.0088425127822292,False,False,False,False,False,False,False,True,False,False,กระทรวงสาธารณสุข,61,False,False,False,True,6.119017997325149
BDMS,2018,16.557326196121892,-4.370230145464371,0.0169491525423728,0.086,0.0,0.0225988700564971,1.5752164779083872e-147,0.0088425127822292,False,False,False,False,False,False,False,True,False,False,กระทรวงสาธารณสุข,61,False,False,False,True,100.18027359317271
BDMS,2019,12.20096144091707,16.557326196121892,0.0169491525423728,0.086,0.0,0.0225988700564971,1.5752164779083872e-147,0.0088425127822292,False,False,False,False,False,False,False,True,False,False,กระทรวงสาธารณสุข,61,False,False,False,True,-48.4114916684267
BDMS,2020,-15.311010828178096,12.20096144091707,0.0169491525423728,0.086,0.0,0.0225988700564971,1.5752164779083872e-147,0.0088425127822292,False,False,False,False,False,False,False,True,False,False,กระทรวงสาธารณสุข,62,True,False,False,False,1.4777761513163234
BDMS,2021,15.23877689678368,-15.311010828178096,0.0169491525423728,0.086,0.0,0.0225988700564971,1.5752164779083872e-147,0.0088425127822292,False,False,False,False,False,False,False,True,False,False,กระทรวงสาธารณสุข,62,True,False,False,False,6.123401965762332
BDMS,2022,31.84831615855803,15.23877689678368,0.0169491525423728,0.086,0.0,0.0225988700564971,1.5752164779083872e-147,0.0088425127822292,False,False,False,False,False,False,False,True,False,False,กระทรวงสาธารณสุข,62,True,False,False,False,5.511810135784145
BDMS,2023,-4.494835355565707,31.84831615855803,0.0169491525423728,0.086,0.0,0.0225988700564971,1.5752164779083872e-147,0.0088425127822292,False,False,False,False,False,False,False,True,False,False,กระทรวงสาธารณสุข,62,True,False,False,False,-1.0236490725922698
BDMS,2024,-8.689440652823844,-4.494835355565707,0.0169491525423728,0.086,0.0,0.0225988700564971,1.5752164779083872e-147,0.0088425127822292,False,False,False,False,False,False,False,True,False,False,กระทรวงสาธารณสุข,63,False,True,False,False,8.611403377093808
BDMS,2025,-15.013979902634889,-8.689440652823844,0.0169491525423728,0.086,0.0,0.0225988700564971,1.5752164779083872e-147,0.0088425127822292,False,False,False,False,False,False,False,True,False,False,กระทรวงสาธารณสุข,64,False,True,False,False,3.9847062234410036
BDMS,2026,1.4442670953688452,-15.013979902634889,0.0169491525423728,0.086,0.0,0.0225988700564971,1.5752164779083872e-147,0.0088425127822292,False,False,False,False,False,False,False,True,False,False,กระทรวงสาธารณสุข,66,False,True,False,False,116.26215023809468
BEM,2017,10.9774236383563,42.08635709692636,0.0169491525423728,0.084,0.0,0.0305084745762711,7.465063189352327e-114,0.0073521387584993,False,False,False,False,False,False,False,False,False,True,กระทรวงคมนาคม,61,False,False,False,True,15.641708407360323
BEM,2018,27.21283432316461,10.9774236383563,0.0169491525423728,0.084,0.0,0.0305084745762711,7.465063189352327e-114,0.0073521387584993,False,False,False,False,False,False,False,False,False,True,กระทรวงคมนาคม,61,False,False,False,True,7.229234961758357
BEM,2019,6.23620474781903,27.21283432316461,0.0169491525423728,0.084,0.0,0.0305084745762711,7.465063189352327e-114,0.0073521387584993,False,False,False,False,False,False,False,False,False,True,กระทรวงคมนาคม,61,False,False,False,True,6.417481472215902
BEM,2020,-23.78754135708224,6.23620474781903,0.0169491525423728,0.084,0.0,0.0305084745762711,7.465063189352327e-114,0.0073521387584993,False,False,False,False,False,False,False,False,False,True,กระทรวงคมนาคม,62,True,False,False,False,-1.9507209963107286
BEM,2021,5.010226277758356,-23.78754135708224,0.0169491525423728,0.084,0.0,0.0305084745762711,7.465063189352327e-114,0.0073521387584993,False,False,False,False,False,False,False,False,False,True,กระทรวงคมนาคม,62,True,False,False,False,7.872756816759874
BEM,2022,20.64100456468425,5.010226277758356,0.0169491525423728,0.084,0.0,0.0305084745762711,7.465063189352327e-114,0.0073521387584993,False,False,False,False,False,False,False,False,False,True,กระทรวงคมนาคม,62,True,False,False,False,-8.841090988100241
BEM,2023,-16.969880449730823,20.64100456468425,0.0169491525423728,0.084,0.0,0.0305084745762711,7.465063189352327e-114,0.0073521387584993,False,False,False,False,False,False,False,False,False,True,กระทรวงคมนาคม,63,False,True,False,False,4.128227369391069
BEM,2024,-1.7129973122347095,-16.969880449730823,0.0169491525423728,0.084,0.0,0.0305084745762711,7.465063189352327e-114,0.0073521387584993,False,False,False,False,False,False,False,False,False,True,กระทรวงคมนาคม,63,False,True,False,False,1.6456171268356856
BEM,2025,-18.725674622197943,-1.7129973122347095,0.0169491525423728,0.084,0.0,0.0305084745762711,7.465063189352327e-114,0.0073521387584993,False,False,False,False,False,False,False,False,False,True,กระทรวงคมนาคม,64,False,True,False,False,5.495772789796249
BEM,2026,30.18518869441891,-18.725674622197943,0.0169491525423728,0.084,0.0,0.0305084745762711,7.465063189352327e-114,0.0073521387584993,False,False,False,False,False,False,False,False,False,True,กระทรวงคมนาคม,66,False,True,False,False,3.4150418465789034
BH,2017,7.041418954707912,-16.70286525511794,0.0169491525423728,0.212,0.0,0.0225988700564971,3.883091782750909e-147,0.0179724533325001,False,False,False,False,False,False,False,True,False,False,กระทรวงสาธารณสุข,61,False,False,False,True,6.119017997325149
BH,2018,-2.9528915304698256,7.041418954707912,0.0169491525423728,0.212,0.0,0.0225988700564971,3.883091782750909e-147,0.0179724533325001,False,False,False,False,False,False,False,True,False,False,กระทรวงสาธารณสุข,61,False,False,False,True,100.18027359317271
BH,2019,-19.53556074965589,-2.9528915304698256,0.0169491525423728,0.212,0.0,0.0225988700564971,3.883091782750909e-147,0.0179724533325001,False,False,False,False,False,False,False,True,False,False,กระทรวงสาธารณสุข,61,False,False,False,True,-48.4114916684267
BH,2020,-7.740477414860825,-19.53556074965589,0.0169491525423728,0.212,0.0,0.0225988700564971,3.883091782750909e-147,0.0179724533325001,False,False,False,False,False,False,False,True,False,False,กระทรวงสาธารณสุข,62,True,False,False,False,1.4777761513163234
BH,2021,15.058503145232628,-7.740477414860825,0.0169491525423728,0.212,0.0,0.0225988700564971,3.883091782750909e-147,0.0179724533325001,False,False,False,False,False,False,False,True,False,False,กระทรวงสาธารณสุข,62,True,False,False,False,6.123401965762332
BH,2022,53.04049803691895,15.058503145232628,0.0169491525423728,0.212,0.0,0.0225988700564971,3.883091782750909e-147,0.0179724533325001,False,False,False,False,False,False,False,True,False,False,กระทรวงสาธารณสุข,62,True,False,False,False,5.511810135784145
BH,2023,3.976679234312819,53.04049803691895,0.0169491525423728,0.212,0.0,0.0225988700564971,3.883091782750909e-147,0.0179724533325001,False,False,False,False,False,False,False,True,False,False,กระทรวงสาธารณสุข,62,True,False,False,False,-1.0236490725922698
BH,2024,-15.027968401028524,3.976679234312819,0.0169491525423728,0.212,0.0,0.0225988700564971,3.883091782750909e-147,0.0179724533325001,False,False,False,False,False,False,False,True,False,False,กระทรวงสาธารณสุข,63,False,True,False,False,8.611403377093808
BH,2025,-10.060142681287676,-15.027968401028524,0.0169491525423728,0.212,0.0,0.0225988700564971,3.883091782750909e-147,0.0179724533325001,False,False,False,False,False,False,False,True,False,False,กระทรวงสาธารณสุข,64,False,True,False,False,3.9847062234410036
BH,2026,17.325907902178763,-10.060142681287676,0.0169491525423728,0.212,0.0,0.0225988700564971,3.883091782750909e-147,0.0179724533325001,False,False,False,False,False,False,False,True,False,False,กระทรวงสาธารณสุข,66,False,True,False,False,116.26215023809468
BJC,2017,33.59278483125989,65.13225539729595,0.0169491525423728,0.402,0.0,0.0554699537750385,7.342030664997359e-23,0.0095796929918757,False,True,False,False,False,False,False,False,False,False,กระทรวงพาณิชย์,61,False,False,False,True,-1.3925661521928312
BJC,2018,-10.857939497949442,33.59278483125989,0.0169491525423728,0.402,0.0,0.0554699537750385,7.342030664997359e-23,0.0095796929918757,False,True,False,False,False,False,False,False,False,False,กระทรวงพาณิชย์,61,False,False,False,True,3.3800746689791383
BJC,2019,-12.622247732260885,-10.857939497949442,0.0169491525423728,0.402,0.0,0.0554699537750385,7.342030664997359e-23,0.0095796929918757,False,True,False,False,False,False,False,False,False,False,กระทรวงพาณิชย์,62,True,False,False,False,-6.041483807674264
BJC,2020,-13.31571024200099,-12.622247732260885,0.0169491525423728,0.402,0.0,0.0554699537750385,7.342030664997359e-23,0.0095796929918757,False,True,False,False,False,False,False,False,False,False,กระทรวงพาณิชย์,62,True,False,False,False,7.50727488443621
BJC,2021,-4.798323065747711,-13.31571024200099,0.0169491525423728,0.402,0.0,0.0554699537750385,7.342030664997359e-23,0.0095796929918757,False,True,False,False,False,False,False,False,False,False,กระทรวงพาณิชย์,62,True,False,False,False,-7.843228061719931
BJC,2022,13.221303790929872,-4.798323065747711,0.0169491525423728,0.402,0.0,0.0554699537750385,7.342030664997359e-23,0.0095796929918757,False,True,False,False,False,False,False,False,False,False,กระทรวงพาณิชย์,62,True,False,False,False,-7.038315353040458
BJC,2023,-32.81679441112024,13.221303790929872,0.0169491525423728,0.402,0.0,0.0554699537750385,7.342030664997359e-23,0.0095796929918757,False,True,False,False,False,False,False,False,False,False,กระทรวงพาณิชย์,62,True,False,False,False,1.5478384059950834
BJC,2024,1.6269115739136142,-32.81679441112024,0.0169491525423728,0.402,0.0,0.0554699537750385,7.342030664997359e-23,0.0095796929918757,False,True,False,False,False,False,False,False,False,False,กระทรวงพาณิชย์,63,False,True,False,False,5.11854355060446
BJC,2025,-33.26425826103468,1.6269115739136142,0.0169491525423728,0.402,0.0,0.0554699537750385,7.342030664997359e-23,0.0095796929918757,False,True,False,False,False,False,False,False,False,False,กระทรวงพาณิชย์,64,False,True,False,False,8.447282335780537
BJC,2026,4.704894921831904,-33.26425826103468,0.0169491525423728,0.402,0.0,0.0554699537750385,7.342030664997359e-23,0.0095796929918757,False,True,False,False,False,False,False,False,False,False,กระทรวงพาณิชย์,66,False,True,False,False,26.98189871595993
CCET,2017,9.122517689899068,-18.75786558292353,0.0169491525423728,0.065,0.0,0.0225988700564971,1.0370910624463053e-179,0.0197273954475638,False,False,False,False,False,True,False,False,False,False,กระทรวงอุตสาหกรรม,61,False,False,False,True,-3.05925755982166
CCET,2018,-34.07312688423805,9.122517689899068,0.0169491525423728,0.065,0.0,0.0225988700564971,1.0370910624463053e-179,0.0197273954475638,False,False,False,False,False,True,False,False,False,False,กระทรวงอุตสาหกรรม,61,False,False,False,True,-0.6241617384816545
CCET,2019,14.832532760433905,-34.07312688423805,0.0169491525423728,0.065,0.0,0.0225988700564971,1.0370910624463053e-179,0.0197273954475638,False,False,False,False,False,True,False,False,False,False,กระทรวงอุตสาหกรรม,62,False,True,False,False,-8.972289811744371
CCET,2020,25.97838630968081,14.832532760433905,0.0169491525423728,0.065,0.0,0.0225988700564971,1.0370910624463053e-179,0.0197273954475638,False,False,False,False,False,True,False,False,False,False,กระทรวงอุตสาหกรรม,62,False,True,False,False,-0.9054371592309263
CCET,2021,50.404249551717605,25.97838630968081,0.0169491525423728,0.065,0.0,0.0225988700564971,1.0370910624463053e-179,0.0197273954475638,False,False,False,False,False,True,False,False,False,False,กระทรวงอุตสาหกรรม,62,False,True,False,False,-10.120348420930236
CCET,2022,-14.657461213095091,50.404249551717605,0.0169491525423728,0.065,0.0,0.0225988700564971,1.0370910624463053e-179,0.0197273954475638,False,False,False,False,False,True,False,False,False,False,กระทรวงอุตสาหกรรม,62,False,True,False,False,-6.8278812906210185
CCET,2023,-1.5397265520345704,-14.657461213095091,0.0169491525423728,0.065,0.0,0.0225988700564971,1.0370910624463053e-179,0.0197273954475638,False,False,False,False,False,True,False,False,False,False,กระทรวงอุตสาหกรรม,63,True,False,False,False,3.0142750947522723
CCET,2024,295.56515735159456,-1.5397265520345704,0.0169491525423728,0.065,0.0,0.0225988700564971,1.0370910624463053e-179,0.0197273954475638,False,False,False,False,False,True,False,False,False,False,กระทรวงอุตสาหกรรม,63,True,False,False,False,1.3062521584744413
CCET,2025,-38.94576178702339,295.56515735159456,0.0169491525423728,0.065,0.0,0.0225988700564971,1.0370910624463053e-179,0.0197273954475638,False,False,False,False,False,True,False,False,False,False,กระทรวงอุตสาหกรรม,64,True,False,False,False,17.961563357030542
CCET,2026,86.4373182688573,-38.94576178702339,0.0169491525423728,0.065,0.0,0.0225988700564971,1.0370910624463053e-179,0.0197273954475638,False,False,False,False,False,True,False,False,False,False,กระทรวงอุตสาหกรรม,66,False,True,False,False,2.3116277057527945
COM7,2017,41.5379260136931,108.92242666403055,0.0169491525423728,0.406,0.0,0.0554699537750385,7.415085696489871e-23,0.0096490335583875,False,True,False,False,False,False,False,False,False,False,กระทรวงพาณิชย์,61,False,False,False,True,-1.3925661521928312
COM7,2018,-9.229663093147424,41.5379260136931,0.0169491525423728,0.406,0.0,0.0554699537750385,7.415085696489871e-23,0.0096490335583875,False,True,False,False,False,False,False,False,False,False,กระทรวงพาณิชย์,61,False,False,False,True,3.3800746689791383
COM7,2019,78.8124086011586,-9.229663093147424,0.0169491525423728,0.406,0.0,0.0554699537750385,7.415085696489871e-23,0.0096490335583875,False,True,False,False,False,False,False,False,False,False,กระทรวงพาณิชย์,62,True,False,False,False,-6.041483807674264
COM7,2020,50.026838932441,78.8124086011586,0.0169491525423728,0.406,0.0,0.0554699537750385,7.415085696489871e-23,0.0096490335583875,False,True,False,False,False,False,False,False,False,False,กระทรวงพาณิชย์,62,True,False,False,False,7.50727488443621
COM7,2021,91.57162237330763,50.026838932441,0.0169491525423728,0.406,0.0,0.0554699537750385,7.415085696489871e-23,0.0096490335583875,False,True,False,False,False,False,False,False,False,False,กระทรวงพาณิชย์,62,True,False,False,False,-7.843228061719931
COM7,2022,-11.250042882759924,91.57162237330763,0.0169491525423728,0.406,0.0,0.0554699537750385,7.415085696489871e-23,0.0096490335583875,False,True,False,False,False,False,False,False,False,False,กระทรวงพาณิชย์,62,True,False,False,False,-7.038315353040458
COM7,2023,-21.98243841364178,-11.250042882759924,0.0169491525423728,0.406,0.0,0.0554699537750385,7.415085696489871e-23,0.0096490335583875,False,True,False,False,False,False,False,False,False,False,กระทรวงพาณิชย์,62,True,False,False,False,1.5478384059950834
COM7,2024,28.38257226060177,-21.98243841364178,0.0169491525423728,0.406,0.0,0.0554699537750385,7.415085696489871e-23,0.0096490335583875,False,True,False,False,False,False,False,False,False,False,กระทรวงพาณิชย์,63,False,True,False,False,5.11854355060446
COM7,2025,-7.142221266651017,28.38257226060177,0.0169491525423728,0.406,0.0,0.0554699537750385,7.415085696489871e-23,0.0096490335583875,False,True,False,False,False,False,False,False,False,False,กระทรวงพาณิชย์,64,False,True,False,False,8.447282335780537
COM7,2026,44.02764690854048,-7.142221266651017,0.0169491525423728,0.406,0.0,0.0554699537750385,7.415085696489871e-23,0.0096490335583875,False,True,False,False,False,False,False,False,False,False,กระทรวงพาณิชย์,66,False,True,False,False,26.98189871595993
CPALL,2017,29.359179521684343,56.41806529896112,0.0169491525423728,0.4,0.0,0.0554699537750385,7.305503149251104e-23,0.0095450227086198,False,True,False,False,False,False,False,False,False,False,กระทรวงพาณิชย์,61,False,False,False,True,-1.3925661521928312
CPALL,2018,-12.689175561406806,29.359179521684343,0.0169491525423728,0.4,0.0,0.0554699537750385,7.305503149251104e-23,0.0095450227086198,False,True,False,False,False,False,False,False,False,False,กระทรวงพาณิชย์,61,False,False,False,True,3.3800746689791383
CPALL,2019,-5.612477278066297,-12.689175561406806,0.0169491525423728,0.4,0.0,0.0554699537750385,7.305503149251104e-23,0.0095450227086198,False,True,False,False,False,False,False,False,False,False,กระทรวงพาณิชย์,62,True,False,False,False,-6.041483807674264
CPALL,2020,-16.143175753367387,-5.612477278066297,0.0169491525423728,0.4,0.0,0.0554699537750385,7.305503149251104e-23,0.0095450227086198,False,True,False,False,False,False,False,False,False,False,กระทรวงพาณิชย์,62,True,False,False,False,7.50727488443621
CPALL,2021,4.562479336529401,-16.143175753367387,0.0169491525423728,0.4,0.0,0.0554699537750385,7.305503149251104e-23,0.0095450227086198,False,True,False,False,False,False,False,False,False,False,กระทรวงพาณิชย์,62,True,False,False,False,-7.843228061719931
CPALL,2022,9.7704686894976,4.562479336529401,0.0169491525423728,0.4,0.0,0.0554699537750385,7.305503149251104e-23,0.0095450227086198,False,True,False,False,False,False,False,False,False,False,กระทรวงพาณิชย์,62,True,False,False,False,-7.038315353040458
CPALL,2023,-14.80262561721185,9.7704686894976,0.0169491525423728,0.4,0.0,0.0554699537750385,7.305503149251104e-23,0.0095450227086198,False,True,False,False,False,False,False,False,False,False,กระทรวงพาณิชย์,62,True,False,False,False,1.5478384059950834
CPALL,2024,8.56229097658494,-14.80262561721185,0.0169491525423728,0.4,0.0,0.0554699537750385,7.305503149251104e-23,0.0095450227086198,False,True,False,False,False,False,False,False,False,False,กระทรวงพาณิชย์,63,False,True,False,False,5.11854355060446
CPALL,2025,-14.08297858168346,8.56229097658494,0.0169491525423728,0.4,0.0,0.0554699537750385,7.305503149251104e-23,0.0095450227086198,False,True,False,False,False,False,False,False,False,False,กระทรวงพาณิชย์,64,False,True,False,False,8.447282335780537
CPALL,2026,12.111561521160771,-14.08297858168346,0.0169491525423728,0.4,0.0,0.0554699537750385,7.305503149251104e-23,0.0095450227086198,False,True,False,False,False,False,False,False,False,False,กระทรวงพาณิชย์,66,False,True,False,False,26.98189871595993
CPF,2017,-12.671375222169711,56.49149475251818,0.0169491525423728,0.313,0.0,0.0387409200968522,1.9748604814755683e-75,0.0120165100353174,True,False,False,False,False,False,False,False,False,False,กระทรวงเกษตรและสหกรณ์,61,False,False,False,True,9.275297179373831
CPF,2018,6.716970414025036,-12.671375222169711,0.0169491525423728,0.313,0.0,0.0387409200968522,1.9748604814755683e-75,0.0120165100353174,True,False,False,False,False,False,False,False,False,False,กระทรวงเกษตรและสหกรณ์,61,False,False,False,True,32.26436661308829
CPF,2019,3.039694232934398,6.716970414025036,0.0169491525423728,0.313,0.0,0.0387409200968522,1.9748604814755683e-75,0.0120165100353174,True,False,False,False,False,False,False,False,False,False,กระทรวงเกษตรและสหกรณ์,61,False,False,False,True,-12.719537224995502
CPF,2020,-8.394067272231299,3.039694232934398,0.0169491525423728,0.313,0.0,0.0387409200968522,1.9748604814755683e-75,0.0120165100353174,True,False,False,False,False,False,False,False,False,False,กระทรวงเกษตรและสหกรณ์,62,True,False,False,False,-0.8465407669646319
CPF,2021,-2.9721307933595065,-8.394067272231299,0.0169491525423728,0.313,0.0,0.0387409200968522,1.9748604814755683e-75,0.0120165100353174,True,False,False,False,False,False,False,False,False,False,กระทรวงเกษตรและสหกรณ์,62,True,False,False,False,2.4583933621543874
CPF,2022,0.8090149236276378,-2.9721307933595065,0.0169491525423728,0.313,0.0,0.0387409200968522,1.9748604814755683e-75,0.0120165100353174,True,False,False,False,False,False,False,False,False,False,กระทรวงเกษตรและสหกรณ์,62,True,False,False,False,-0.7933343993694164
CPF,2023,-15.499390322924013,0.8090149236276378,0.0169491525423728,0.313,0.0,0.0387409200968522,1.9748604814755683e-75,0.0120165100353174,True,False,False,False,False,False,False,False,False,False,กระทรวงเกษตรและสหกรณ์,62,True,False,False,False,16.64133237453718
CPF,2024,24.82753619543534,-15.499390322924013,0.0169491525423728,0.313,0.0,0.0387409200968522,1.9748604814755683e-75,0.0120165100353174,True,False,False,False,False,False,False,False,False,False,กระทรวงเกษตรและสหกรณ์,63,True,False,False,False,-7.577873777938892
CPF,2025,5.631249408942507,24.82753619543534,0.0169491525423728,0.313,0.0,0.0387409200968522,1.9748604814755683e-75,0.0120165100353174,True,False,False,False,False,False,False,False,False,False,กระทรวงเกษตรและสหกรณ์,64,True,False,False,False,3.5496789179773947
CPF,2026,7.67494428306017,5.631249408942507,0.0169491525423728,0.313,0.0,0.0387409200968522,1.9748604814755683e-75,0.0120165100353174,True,False,False,False,False,False,False,False,False,False,กระทรวงเกษตรและสหกรณ์,66,True,False,False,False,7.114499153378606
CPN,2017,53.14472617828343,28.458020114454484,0.0169491525423728,0.228,0.0,0.0554699537750385,3.0846493561296783e-47,0.0081556251675953,False,False,False,False,False,False,True,False,False,False,กระทรวงมหาดไทย,61,False,False,False,True,-1.9528629521844199
CPN,2018,-8.389851270782799,53.14472617828343,0.0169491525423728,0.228,0.0,0.0554699537750385,3.0846493561296783e-47,0.0081556251675953,False,False,False,False,False,False,True,False,False,False,กระทรวงมหาดไทย,61,False,False,False,True,15.251232699586236
CPN,2019,-20.749395874534105,-8.389851270782799,0.0169491525423728,0.228,0.0,0.0554699537750385,3.0846493561296783e-47,0.0081556251675953,False,False,False,False,False,False,True,False,False,False,กระทรวงมหาดไทย,61,False,False,False,True,-3.7429819216474147
CPN,2020,-20.18877640152973,-20.749395874534105,0.0169491525423728,0.228,0.0,0.0554699537750385,3.0846493561296783e-47,0.0081556251675953,False,False,False,False,False,False,True,False,False,False,กระทรวงมหาดไทย,62,False,False,True,False,-5.29289708554942
CPN,2021,16.772323941067203,-20.18877640152973,0.0169491525423728,0.228,0.0,0.0554699537750385,3.0846493561296783e-47,0.0081556251675953,False,False,False,False,False,False,True,False,False,False,กระทรวงมหาดไทย,62,False,False,True,False,-5.008191488147451
CPN,2022,32.280316300582214,16.772323941067203,0.0169491525423728,0.228,0.0,0.0554699537750385,3.0846493561296783e-47,0.0081556251675953,False,False,False,False,False,False,True,False,False,False,กระทรวงมหาดไทย,62,False,False,True,False,-5.672728982174691
CPN,2023,-0.0188761283052452,32.280316300582214,0.0169491525423728,0.228,0.0,0.0554699537750385,3.0846493561296783e-47,0.0081556251675953,False,False,False,False,False,False,True,False,False,False,กระทรวงมหาดไทย,62,False,False,True,False,3.084742479848268
CPN,2024,-9.461892963811191,-0.0188761283052452,0.0169491525423728,0.228,0.0,0.0554699537750385,3.0846493561296783e-47,0.0081556251675953,False,False,False,False,False,False,True,False,False,False,กระทรวงมหาดไทย,63,True,False,False,False,8.101655674545682
CPN,2025,8.722069049469772,-9.461892963811191,0.0169491525423728,0.228,0.0,0.0554699537750385,3.0846493561296783e-47,0.0081556251675953,False,False,False,False,False,False,True,False,False,False,กระทรวงมหาดไทย,64,False,True,False,False,-16.263959313842193
CPN,2026,23.593590063795155,8.722069049469772,0.0169491525423728,0.228,0.0,0.0554699537750385,3.0846493561296783e-47,0.0081556251675953,False,False,False,False,False,False,True,False,False,False,กระทรวงมหาดไทย,66,False,True,False,False,1.8236478094894482
CRC,2021,5.2425707627151485,-2.380944549923858,0.0169491525423728,0.631,0.0,0.0554699537750385,1.1524431217943613e-22,0.0135494404246754,False,True,False,False,False,False,False,False,False,False,กระทรวงพาณิชย์,62,True,False,False,False,-7.843228061719931
CRC,2022,37.077150288638336,5.2425707627151485,0.0169491525423728,0.631,0.0,0.0554699537750385,1.1524431217943613e-22,0.0135494404246754,False,True,False,False,False,False,False,False,False,False,กระทรวงพาณิชย์,62,True,False,False,False,-7.038315353040458
CRC,2023,-2.5121552713056605,37.077150288638336,0.0169491525423728,0.631,0.0,0.0554699537750385,1.1524431217943613e-22,0.0135494404246754,False,True,False,False,False,False,False,False,False,False,กระทรวงพาณิชย์,62,True,False,False,False,1.5478384059950834
CRC,2024,4.02979328721651,-2.5121552713056605,0.0169491525423728,0.631,0.0,0.0554699537750385,1.1524431217943613e-22,0.0135494404246754,False,True,False,False,False,False,False,False,False,False,กระทรวงพาณิชย์,63,False,True,False,False,5.11854355060446
CRC,2025,-42.44175987810189,4.02979328721651,0.0169491525423728,0.631,0.0,0.0554699537750385,1.1524431217943613e-22,0.0135494404246754,False,True,False,False,False,False,False,False,False,False,กระทรวงพาณิชย์,64,False,True,False,False,8.447282335780537
CRC,2026,24.836309577263727,-42.44175987810189,0.0169491525423728,0.631,0.0,0.0554699537750385,1.1524431217943613e-22,0.0135494404246754,False,True,False,False,False,False,False,False,False,False,กระทรวงพาณิชย์,66,False,True,False,False,26.98189871595993
DELTA,2017,-11.597393375074171,6.918463598838387,0.0169491525423728,0.017,0.0,0.0225988700564971,2.7123920094749604e-180,0.0070875706671656,False,False,False,False,False,True,False,False,False,False,กระทรวงอุตสาหกรรม,61,False,False,False,True,-3.05925755982166
DELTA,2018,-6.675873814800159,-11.597393375074171,0.0169491525423728,0.017,0.0,0.0225988700564971,2.7123920094749604e-180,0.0070875706671656,False,False,False,False,False,True,False,False,False,False,กระทรวงอุตสาหกรรม,61,False,False,False,True,-0.6241617384816545
DELTA,2019,-20.499500020676543,-6.675873814800159,0.0169491525423728,0.017,0.0,0.0225988700564971,2.7123920094749604e-180,0.0070875706671656,False,False,False,False,False,True,False,False,False,False,กระทรวงอุตสาหกรรม,62,False,True,False,False,-8.972289811744371
DELTA,2020,809.8258131301941,-20.499500020676543,0.0169491525423728,0.017,0.0,0.0225988700564971,2.7123920094749604e-180,0.0070875706671656,False,False,False,False,False,True,False,False,False,False,กระทรวงอุตสาหกรรม,62,False,True,False,False,-0.9054371592309263
DELTA,2021,-21.33026396502834,809.8258131301941,0.0169491525423728,0.017,0.0,0.0225988700564971,2.7123920094749604e-180,0.0070875706671656,False,False,False,False,False,True,False,False,False,False,กระทรวงอุตสาหกรรม,62,False,True,False,False,-10.120348420930236
DELTA,2022,140.18898505733551,-21.33026396502834,0.0169491525423728,0.017,0.0,0.0225988700564971,2.7123920094749604e-180,0.0070875706671656,False,False,False,False,False,True,False,False,False,False,กระทรวงอุตสาหกรรม,62,False,True,False,False,-6.8278812906210185
DELTA,2023,-1.8025823507808347,140.18898505733551,0.0169491525423728,0.017,0.0,0.0225988700564971,2.7123920094749604e-180,0.0070875706671656,False,False,False,False,False,True,False,False,False,False,กระทรวงอุตสาหกรรม,63,True,False,False,False,3.0142750947522723
DELTA,2024,94.9313623624758,-1.8025823507808347,0.0169491525423728,0.017,0.0,0.0225988700564971,2.7123920094749604e-180,0.0070875706671656,False,False,False,False,False,True,False,False,False,False,กระทรวงอุตสาหกรรม,63,True,False,False,False,1.3062521584744413
DELTA,2025,38.07144330967098,94.9313623624758,0.0169491525423728,0.017,0.0,0.0225988700564971,2.7123920094749604e-180,0.0070875706671656,False,False,False,False,False,True,False,False,False,False,กระทรวงอุตสาหกรรม,64,True,False,False,False,17.961563357030542
DELTA,2026,46.67230056362841,38.07144330967098,0.0169491525423728,0.017,0.0,0.0225988700564971,2.7123920094749604e-180,0.0070875706671656,False,False,False,False,False,True,False,False,False,False,กระทรวงอุตสาหกรรม,66,False,True,False,False,2.3116277057527945
EGCO,2017,10.28588667459318,23.85263413140117,0.0169491525423728,0.497,0.0,0.1061164333087693,0.2679153524566774,0.0139654298502305,False,False,False,True,False,False,False,False,False,False,กระทรวงพลังงาน,61,False,False,False,True,2.314652336421208
EGCO,2018,18.533775278946287,10.28588667459318,0.0169491525423728,0.497,0.0,0.1061164333087693,0.2679153524566774,0.0139654298502305,False,False,False,True,False,False,False,False,False,False,กระทรวงพลังงาน,61,False,False,False,True,8.190805078415565
EGCO,2019,28.019153455219524,18.533775278946287,0.0169491525423728,0.497,0.0,0.1061164333087693,0.2679153524566774,0.0139654298502305,False,False,False,True,False,False,False,False,False,False,กระทรวงพลังงาน,61,False,False,False,True,3.592628163338518
EGCO,2020,-35.050910252212745,28.019153455219524,0.0169491525423728,0.497,0.0,0.1061164333087693,0.2679153524566774,0.0139654298502305,False,False,False,True,False,False,False,False,False,False,กระทรวงพลังงาน,62,False,True,False,False,-6.949029121466688
EGCO,2021,2.091586572938664,-35.050910252212745,0.0169491525423728,0.497,0.0,0.1061164333087693,0.2679153524566774,0.0139654298502305,False,False,False,True,False,False,False,False,False,False,กระทรวงพลังงาน,62,False,False,True,False,6.4514842349212564
EGCO,2022,5.299408095331715,2.091586572938664,0.0169491525423728,0.497,0.0,0.1061164333087693,0.2679153524566774,0.0139654298502305,False,False,False,True,False,False,False,False,False,False,กระทรวงพลังงาน,62,False,False,True,False,18.791024566465687
EGCO,2023,-23.02068745448049,5.299408095331715,0.0169491525423728,0.497,0.0,0.1061164333087693,0.2679153524566774,0.0139654298502305,False,False,False,True,False,False,False,False,False,False,กระทรวงพลังงาน,62,False,False,True,False,-0.2751189690922473
EGCO,2024,-6.108675213729631,-23.02068745448049,0.0169491525423728,0.497,0.0,0.1061164333087693,0.2679153524566774,0.0139654298502305,False,False,False,True,False,False,False,False,False,False,กระทรวงพลังงาน,63,True,False,False,False,2.754549984514809
EGCO,2025,8.751607238030035,-6.108675213729631,0.0169491525423728,0.497,0.0,0.1061164333087693,0.2679153524566774,0.0139654298502305,False,False,False,True,False,False,False,False,False,False,กระทรวงพลังงาน,64,True,False,False,False,2.7250032529895885
EGCO,2026,15.184316299018665,8.751607238030035,0.0169491525423728,0.497,0.0,0.1061164333087693,0.2679153524566774,0.0139654298502305,False,False,False,True,False,False,False,False,False,False,กระทรวงพลังงาน,66,False,True,False,False,-1.8504493043038583
GPSC,2017,107.9282810810716,70.44214022517752,0.0169491525423728,0.1,0.0,0.1061164333087693,0.0539065095486272,0.0048955664181634,False,False,False,True,False,False,False,False,False,False,กระทรวงพลังงาน,61,False,False,False,True,2.314652336421208
GPSC,2018,-28.54015877539865,107.9282810810716,0.0169491525423728,0.1,0.0,0.1061164333087693,0.0539065095486272,0.0048955664181634,False,False,False,True,False,False,False,False,False,False,กระทรวงพลังงาน,61,False,False,False,True,8.190805078415565
GPSC,2019,56.41465006649671,-28.54015877539865,0.0169491525423728,0.1,0.0,0.1061164333087693,0.0539065095486272,0.0048955664181634,False,False,False,True,False,False,False,False,False,False,กระทรวงพลังงาน,61,False,False,False,True,3.592628163338518
GPSC,2020,-10.516780584571071,56.41465006649671,0.0169491525423728,0.1,0.0,0.1061164333087693,0.0539065095486272,0.0048955664181634,False,False,False,True,False,False,False,False,False,False,กระทรวงพลังงาน,62,False,True,False,False,-6.949029121466688
GPSC,2021,15.649700184272495,-10.516780584571071,0.0169491525423728,0.1,0.0,0.1061164333087693,0.0539065095486272,0.0048955664181634,False,False,False,True,False,False,False,False,False,False,กระทรวงพลังงาน,62,False,False,True,False,6.4514842349212564
GPSC,2022,-5.173986206618652,15.649700184272495,0.0169491525423728,0.1,0.0,0.1061164333087693,0.0539065095486272,0.0048955664181634,False,False,False,True,False,False,False,False,False,False,กระทรวงพลังงาน,62,False,False,True,False,18.791024566465687
GPSC,2023,-28.7415302726153,-5.173986206618652,0.0169491525423728,0.1,0.0,0.1061164333087693,0.0539065095486272,0.0048955664181634,False,False,False,True,False,False,False,False,False,False,กระทรวงพลังงาน,62,False,False,True,False,-0.2751189690922473
GPSC,2024,-20.898207495493736,-28.7415302726153,0.0169491525423728,0.1,0.0,0.1061164333087693,0.0539065095486272,0.0048955664181634,False,False,False,True,False,False,False,False,False,False,กระทรวงพลังงาน,63,True,False,False,False,2.754549984514809
GPSC,2025,20.42796794765056,-20.898207495493736,0.0169491525423728,0.1,0.0,0.1061164333087693,0.0539065095486272,0.0048955664181634,False,False,False,True,False,False,False,False,False,False,กระทรวงพลังงาน,64,True,False,False,False,2.7250032529895885
GPSC,2026,56.870041006025616,20.42796794765056,0.0169491525423728,0.1,0.0,0.1061164333087693,0.0539065095486272,0.0048955664181634,False,False,False,True,False,False,False,False,False,False,กระทรวงพลังงาน,66,False,True,False,False,-1.8504493043038583
GULF,2026,52.372278880385736,-14.79591308578586,0.0169491525423728,0.0,0.0,0.1061164333087693,9.140205457192642e-195,0.0026109660574412,False,False,False,True,False,False,False,False,False,False,กระทรวงพลังงาน,66,False,True,False,False,-1.8504493043038583
HMPRO,2017,32.33445943251907,54.76471270712064,0.0169491525423728,0.583,0.0,0.0554699537750385,1.0647770840033482e-22,0.012717353626534,False,True,False,False,False,False,False,False,False,False,กระทรวงพาณิชย์,61,False,False,False,True,-1.3925661521928312
HMPRO,2018,9.53424969089074,32.33445943251907,0.0169491525423728,0.583,0.0,0.0554699537750385,1.0647770840033482e-22,0.012717353626534,False,True,False,False,False,False,False,False,False,False,กระทรวงพาณิชย์,61,False,False,False,True,3.3800746689791383
HMPRO,2019,4.863233325734861,9.53424969089074,0.0169491525423728,0.583,0.0,0.0554699537750385,1.0647770840033482e-22,0.012717353626534,False,True,False,False,False,False,False,False,False,False,กระทรวงพาณิชย์,62,True,False,False,False,-6.041483807674264
HMPRO,2020,-4.026285305384159,4.863233325734861,0.0169491525423728,0.583,0.0,0.0554699537750385,1.0647770840033482e-22,0.012717353626534,False,True,False,False,False,False,False,False,False,False,กระทรวงพาณิชย์,62,True,False,False,False,7.50727488443621
HMPRO,2021,8.283864439389689,-4.026285305384159,0.0169491525423728,0.583,0.0,0.0554699537750385,1.0647770840033482e-22,0.012717353626534,False,True,False,False,False,False,False,False,False,False,กระทรวงพาณิชย์,62,True,False,False,False,-7.843228061719931
HMPRO,2022,12.651039749219706,8.283864439389689,0.0169491525423728,0.583,0.0,0.0554699537750385,1.0647770840033482e-22,0.012717353626534,False,True,False,False,False,False,False,False,False,False,กระทรวงพาณิชย์,62,True,False,False,False,-7.038315353040458
HMPRO,2023,-15.831432553743586,12.651039749219706,0.0169491525423728,0.583,0.0,0.0554699537750385,1.0647770840033482e-22,0.012717353626534,False,True,False,False,False,False,False,False,False,False,กระทรวงพาณิชย์,62,True,False,False,False,1.5478384059950834
HMPRO,2024,-6.995742442404096,-15.831432553743586,0.0169491525423728,0.583,0.0,0.0554699537750385,1.0647770840033482e-22,0.012717353626534,False,True,False,False,False,False,False,False,False,False,กระทรวงพาณิชย์,63,False,True,False,False,5.11854355060446
HMPRO,2025,-20.17649658581716,-6.995742442404096,0.0169491525423728,0.583,0.0,0.0554699537750385,1.0647770840033482e-22,0.012717353626534,False,True,False,False,False,False,False,False,False,False,กระทรวงพาณิชย์,64,False,True,False,False,8.447282335780537
HMPRO,2026,-2.976586820860816,-20.17649658581716,0.0169491525423728,0.583,0.0,0.0554699537750385,1.0647770840033482e-22,0.012717353626534,False,True,False,False,False,False,False,False,False,False,กระทรวงพาณิชย์,66,False,True,False,False,26.98189871595993
IVL,2017,55.48766455806313,62.27956559633723,0.0169491525423728,0.268,0.0,0.1061164333087693,0.144469445590321,0.0087336950241767,False,False,False,True,False,False,False,False,False,False,กระทรวงพลังงาน,61,False,False,False,True,2.314652336421208
IVL,2018,-0.4060955164476576,55.48766455806313,0.0169491525423728,0.268,0.0,0.1061164333087693,0.144469445590321,0.0087336950241767,False,False,False,True,False,False,False,False,False,False,กระทรวงพลังงาน,61,False,False,False,True,8.190805078415565
IVL,2019,-24.452388448336016,-0.4060955164476576,0.0169491525423728,0.268,0.0,0.1061164333087693,0.144469445590321,0.0087336950241767,False,False,False,True,False,False,False,False,False,False,กระทรวงพลังงาน,61,False,False,False,True,3.592628163338518
IVL,2020,33.46595580563883,-24.452388448336016,0.0169491525423728,0.268,0.0,0.1061164333087693,0.144469445590321,0.0087336950241767,False,False,False,True,False,False,False,False,False,False,กระทรวงพลังงาน,62,False,True,False,False,-6.949029121466688
IVL,2021,26.217489580334963,33.46595580563883,0.0169491525423728,0.268,0.0,0.1061164333087693,0.144469445590321,0.0087336950241767,False,False,False,True,False,False,False,False,False,False,กระทรวงพลังงาน,62,False,False,True,False,6.4514842349212564
IVL,2022,-11.384190454257602,26.217489580334963,0.0169491525423728,0.268,0.0,0.1061164333087693,0.144469445590321,0.0087336950241767,False,False,False,True,False,False,False,False,False,False,กระทรวงพลังงาน,62,False,False,True,False,18.791024566465687
IVL,2023,-30.115670386372773,-11.384190454257602,0.0169491525423728,0.268,0.0,0.1061164333087693,0.144469445590321,0.0087336950241767,False,False,False,True,False,False,False,False,False,False,กระทรวงพลังงาน,62,False,False,True,False,-0.2751189690922473
IVL,2024,8.777404285874347,-30.115670386372773,0.0169491525423728,0.268,0.0,0.1061164333087693,0.144469445590321,0.0087336950241767,False,False,False,True,False,False,False,False,False,False,กระทรวงพลังงาน,63,True,False,False,False,2.754549984514809
IVL,2025,-27.430900230284617,8.777404285874347,0.0169491525423728,0.268,0.0,0.1061164333087693,0.144469445590321,0.0087336950241767,False,False,False,True,False,False,False,False,False,False,กระทรวงพลังงาน,64,True,False,False,False,2.7250032529895885
IVL,2026,21.789756431030515,-27.430900230284617,0.0169491525423728,0.268,0.0,0.1061164333087693,0.144469445590321,0.0087336950241767,False,False,False,True,False,False,False,False,False,False,กระทรวงพลังงาน,66,False,True,False,False,-1.8504493043038583
KBANK,2017,25.63905208535169,7.23152587027831,0.0169491525423728,0.581,0.0,0.1061164333087693,0.0005643396409852,0.0153130242431435,False,False,False,False,True,False,False,False,False,False,กระทรวงการคลัง,61,False,False,False,True,9.30821256827219
KBANK,2018,-17.908127075959822,25.63905208535169,0.0169491525423728,0.581,0.0,0.1061164333087693,0.0005643396409852,0.0153130242431435,False,False,False,False,True,False,False,False,False,False,กระทรวงการคลัง,61,False,False,False,True,30.626432016282745
KBANK,2019,-22.872540489529914,-17.908127075959822,0.0169491525423728,0.581,0.0,0.1061164333087693,0.0005643396409852,0.0153130242431435,False,False,False,False,True,False,False,False,False,False,กระทรวงการคลัง,61,False,False,False,True,-14.572702621356438
KBANK,2020,-15.783187522002018,-22.872540489529914,0.0169491525423728,0.581,0.0,0.1061164333087693,0.0005643396409852,0.0153130242431435,False,False,False,False,True,False,False,False,False,False,กระทรวงการคลัง,62,False,True,False,False,2.5739483729218193
KBANK,2021,14.371866697445055,-15.783187522002018,0.0169491525423728,0.581,0.0,0.1061164333087693,0.0005643396409852,0.0153130242431435,False,False,False,False,True,False,False,False,False,False,กระทรวงการคลัง,62,False,False,True,False,7.7201943823832275
KBANK,2022,0.7721343624240484,14.371866697445055,0.0169491525423728,0.581,0.0,0.1061164333087693,0.0005643396409852,0.0153130242431435,False,False,False,False,True,False,False,False,False,False,กระทรวงการคลัง,62,False,False,True,False,1.9232014967428546
KBANK,2023,-4.0624671124713245,0.7721343624240484,0.0169491525423728,0.581,0.0,0.1061164333087693,0.0005643396409852,0.0153130242431435,False,False,False,False,True,False,False,False,False,False,กระทรวงการคลัง,62,False,False,True,False,4.222140509614847
KBANK,2024,37.36065930432992,-4.0624671124713245,0.0169491525423728,0.581,0.0,0.1061164333087693,0.0005643396409852,0.0153130242431435,False,False,False,False,True,False,False,False,False,False,กระทรวงการคลัง,63,False,True,False,False,14.681794428524952
KBANK,2025,31.31556559439812,37.36065930432992,0.0169491525423728,0.581,0.0,0.1061164333087693,0.0005643396409852,0.0153130242431435,False,False,False,False,True,False,False,False,False,False,กระทรวงการคลัง,64,False,True,False,False,19.154493220338065
KBANK,2026,32.95454545454546,31.31556559439812,0.0169491525423728,0.581,0.0,0.1061164333087693,0.0005643396409852,0.0153130242431435,False,False,False,False,True,False,False,False,False,False,กระทรวงการคลัง,66,False,True,False,False,10.165265520016176
KKP,2017,51.606297938483216,62.13153862527079,0.0169491525423728,0.345,0.0,0.1061164333087693,0.0003351070157313,0.0101534963054056,False,False,False,False,True,False,False,False,False,False,กระทรวงการคลัง,61,False,False,False,True,9.30821256827219
KKP,2018,-13.256116179721522,51.606297938483216,0.0169491525423728,0.345,0.0,0.1061164333087693,0.0003351070157313,0.0101534963054056,False,False,False,False,True,False,False,False,False,False,กระทรวงการคลัง,61,False,False,False,True,30.626432016282745
KKP,2019,2.8807228522089945,-13.256116179721522,0.0169491525423728,0.345,0.0,0.1061164333087693,0.0003351070157313,0.0101534963054056,False,False,False,False,True,False,False,False,False,False,กระทรวงการคลัง,61,False,False,False,True,-14.572702621356438
KKP,2020,-19.382343299137407,2.8807228522089945,0.0169491525423728,0.345,0.0,0.1061164333087693,0.0003351070157313,0.0101534963054056,False,False,False,False,True,False,False,False,False,False,กระทรวงการคลัง,62,False,True,False,False,2.5739483729218193
KKP,2021,13.38728256659305,-19.382343299137407,0.0169491525423728,0.345,0.0,0.1061164333087693,0.0003351070157313,0.0101534963054056,False,False,False,False,True,False,False,False,False,False,กระทรวงการคลัง,62,False,False,True,False,7.7201943823832275
KKP,2022,12.097338730220631,13.38728256659305,0.0169491525423728,0.345,0.0,0.1061164333087693,0.0003351070157313,0.0101534963054056,False,False,False,False,True,False,False,False,False,False,กระทรวงการคลัง,62,False,False,True,False,1.9232014967428546
KKP,2023,-22.94432483004373,12.097338730220631,0.0169491525423728,0.345,0.0,0.1061164333087693,0.0003351070157313,0.0101534963054056,False,False,False,False,True,False,False,False,False,False,กระทรวงการคลัง,62,False,False,True,False,4.222140509614847
KKP,2024,14.462135639343533,-22.94432483004373,0.0169491525423728,0.345,0.0,0.1061164333087693,0.0003351070157313,0.0101534963054056,False,False,False,False,True,False,False,False,False,False,กระทรวงการคลัง,63,False,True,False,False,14.681794428524952
KKP,2025,41.91324853717309,14.462135639343533,0.0169491525423728,0.345,0.0,0.1061164333087693,0.0003351070157313,0.0101534963054056,False,False,False,False,True,False,False,False,False,False,กระทรวงการคลัง,64,False,True,False,False,19.154493220338065
KKP,2026,55.1699521187391,41.91324853717309,0.0169491525423728,0.345,0.0,0.1061164333087693,0.0003351070157313,0.0101534963054056,False,False,False,False,True,False,False,False,False,False,กระทรวงการคลัง,66,False,True,False,False,10.165265520016176
KTB,2017,5.6410795163100325,6.37018265863718,0.0169491525423728,0.356,0.0,0.1061164333087693,0.0003457915872474,0.0103939827770798,False,False,False,False,True,False,False,False,False,False,กระทรวงการคลัง,61,False,False,False,True,9.30821256827219
KTB,2018,-0.6896421467374014,5.6410795163100325,0.0169491525423728,0.356,0.0,0.1061164333087693,0.0003457915872474,0.0103939827770798,False,False,False,False,True,False,False,False,False,False,กระทรวงการคลัง,61,False,False,False,True,30.626432016282745
KTB,2019,-13.988400654953017,-0.6896421467374014,0.0169491525423728,0.356,0.0,0.1061164333087693,0.0003457915872474,0.0103939827770798,False,False,False,False,True,False,False,False,False,False,กระทรวงการคลัง,61,False,False,False,True,-14.572702621356438
KTB,2020,-26.44001145965378,-13.988400654953017,0.0169491525423728,0.356,0.0,0.1061164333087693,0.0003457915872474,0.0103939827770798,False,False,False,False,True,False,False,False,False,False,กระทรวงการคลัง,62,False,True,False,False,2.5739483729218193
KTB,2021,17.521447176298576,-26.44001145965378,0.0169491525423728,0.356,0.0,0.1061164333087693,0.0003457915872474,0.0103939827770798,False,False,False,False,True,False,False,False,False,False,กระทรวงการคลัง,62,False,False,True,False,7.7201943823832275
KTB,2022,30.5309692785626,17.521447176298576,0.0169491525423728,0.356,0.0,0.1061164333087693,0.0003457915872474,0.0103939827770798,False,False,False,False,True,False,False,False,False,False,กระทรวงการคลัง,62,False,False,True,False,1.9232014967428546
KTB,2023,9.457892491556642,30.5309692785626,0.0169491525423728,0.356,0.0,0.1061164333087693,0.0003457915872474,0.0103939827770798,False,False,False,False,True,False,False,False,False,False,กระทรวงการคลัง,62,False,False,True,False,4.222140509614847
KTB,2024,39.138154541688095,9.457892491556642,0.0169491525423728,0.356,0.0,0.1061164333087693,0.0003457915872474,0.0103939827770798,False,False,False,False,True,False,False,False,False,False,กระทรวงการคลัง,63,False,True,False,False,14.681794428524952
KTB,2025,34.51807330574943,39.138154541688095,0.0169491525423728,0.356,0.0,0.1061164333087693,0.0003457915872474,0.0103939827770798,False,False,False,False,True,False,False,False,False,False,กระทรวงการคลัง,64,False,True,False,False,19.154493220338065
KTB,2026,56.87120915971844,34.51807330574943,0.0169491525423728,0.356,0.0,0.1061164333087693,0.0003457915872474,0.0103939827770798,False,False,False,False,True,False,False,False,False,False,กระทรวงการคลัง,66,False,True,False,False,10.165265520016176
KTC,2017,36.32140934801769,64.7945205075104,0.0169491525423728,0.501,0.0,0.1061164333087693,0.0004866336663229,0.0135640317218764,False,False,False,False,True,False,False,False,False,False,กระทรวงการคลัง,61,False,False,False,True,9.30821256827219
KTC,2018,29.15767635145279,36.32140934801769,0.0169491525423728,0.501,0.0,0.1061164333087693,0.0004866336663229,0.0135640317218764,False,False,False,False,True,False,False,False,False,False,กระทรวงการคลัง,61,False,False,False,True,30.626432016282745
KTC,2019,36.68290749692258,29.15767635145279,0.0169491525423728,0.501,0.0,0.1061164333087693,0.0004866336663229,0.0135640317218764,False,False,False,False,True,False,False,False,False,False,กระทรวงการคลัง,61,False,False,False,True,-14.572702621356438
KTC,2020,78.33846523838027,36.68290749692258,0.0169491525423728,0.501,0.0,0.1061164333087693,0.0004866336663229,0.0135640317218764,False,False,False,False,True,False,False,False,False,False,กระทรวงการคลัง,62,False,True,False,False,2.5739483729218193
KTC,2021,-7.771160897678353,78.33846523838027,0.0169491525423728,0.501,0.0,0.1061164333087693,0.0004866336663229,0.0135640317218764,False,False,False,False,True,False,False,False,False,False,กระทรวงการคลัง,62,False,False,True,False,7.7201943823832275
KTC,2022,0.0287285205301968,-7.771160897678353,0.0169491525423728,0.501,0.0,0.1061164333087693,0.0004866336663229,0.0135640317218764,False,False,False,False,True,False,False,False,False,False,กระทรวงการคลัง,62,False,False,True,False,1.9232014967428546
KTC,2023,-21.42353508048988,0.0287285205301968,0.0169491525423728,0.501,0.0,0.1061164333087693,0.0004866336663229,0.0135640317218764,False,False,False,False,True,False,False,False,False,False,กระทรวงการคลัง,62,False,False,True,False,4.222140509614847
KTC,2024,17.5305855331664,-21.42353508048988,0.0169491525423728,0.501,0.0,0.1061164333087693,0.0004866336663229,0.0135640317218764,False,False,False,False,True,False,False,False,False,False,กระทรวงการคลัง,63,False,True,False,False,14.681794428524952
KTC,2025,-46.730454441853134,17.5305855331664,0.0169491525423728,0.501,0.0,0.1061164333087693,0.0004866336663229,0.0135640317218764,False,False,False,False,True,False,False,False,False,False,กระทรวงการคลัง,64,False,True,False,False,19.154493220338065
KTC,2026,44.0828067550654,-46.730454441853134,0.0169491525423728,0.501,0.0,0.1061164333087693,0.0004866336663229,0.0135640317218764,False,False,False,False,True,False,False,False,False,False,กระทรวงการคลัง,66,False,True,False,False,10.165265520016176
LH,2017,16.114614973301755,20.211180696393072,0.0169491525423728,0.323,0.0,0.0554699537750385,4.3699199211837117e-47,0.0104658997968262,False,False,False,False,False,False,True,False,False,False,กระทรวงมหาดไทย,61,False,False,False,True,-1.9528629521844199
LH,2018,-8.757454214541715,16.114614973301755,0.0169491525423728,0.323,0.0,0.0554699537750385,4.3699199211837117e-47,0.0104658997968262,False,False,False,False,False,False,True,False,False,False,กระทรวงมหาดไทย,61,False,False,False,True,15.251232699586236
LH,2019,-2.773497948813086,-8.757454214541715,0.0169491525423728,0.323,0.0,0.0554699537750385,4.3699199211837117e-47,0.0104658997968262,False,False,False,False,False,False,True,False,False,False,กระทรวงมหาดไทย,61,False,False,False,True,-3.7429819216474147
LH,2020,-7.164802743082999,-2.773497948813086,0.0169491525423728,0.323,0.0,0.0554699537750385,4.3699199211837117e-47,0.0104658997968262,False,False,False,False,False,False,True,False,False,False,กระทรวงมหาดไทย,62,False,False,True,False,-5.29289708554942
LH,2021,20.701567645022223,-7.164802743082999,0.0169491525423728,0.323,0.0,0.0554699537750385,4.3699199211837117e-47,0.0104658997968262,False,False,False,False,False,False,True,False,False,False,กระทรวงมหาดไทย,62,False,False,True,False,-5.008191488147451
LH,2022,6.747278383389865,20.701567645022223,0.0169491525423728,0.323,0.0,0.0554699537750385,4.3699199211837117e-47,0.0104658997968262,False,False,False,False,False,False,True,False,False,False,กระทรวงมหาดไทย,62,False,False,True,False,-5.672728982174691
LH,2023,-12.47796585951192,6.747278383389865,0.0169491525423728,0.323,0.0,0.0554699537750385,4.3699199211837117e-47,0.0104658997968262,False,False,False,False,False,False,True,False,False,False,กระทรวงมหาดไทย,62,False,False,True,False,3.084742479848268
LH,2024,-29.251924822547725,-12.47796585951192,0.0169491525423728,0.323,0.0,0.0554699537750385,4.3699199211837117e-47,0.0104658997968262,False,False,False,False,False,False,True,False,False,False,กระทรวงมหาดไทย,63,True,False,False,False,8.101655674545682
LH,2025,-11.7874331443232,-29.251924822547725,0.0169491525423728,0.323,0.0,0.0554699537750385,4.3699199211837117e-47,0.0104658997968262,False,False,False,False,False,False,True,False,False,False,กระทรวงมหาดไทย,64,False,True,False,False,-16.263959313842193
LH,2026,0.6480661547062283,-11.7874331443232,0.0169491525423728,0.323,0.0,0.0554699537750385,4.3699199211837117e-47,0.0104658997968262,False,False,False,False,False,False,True,False,False,False,กระทรวงมหาดไทย,66,False,True,False,False,1.8236478094894482
MINT,2017,27.08540805611965,6.944431771241932,0.0169491525423728,0.061,0.0,0.0169491525423728,4.380666520073914e-181,0.0174064403829416,False,False,False,False,False,False,False,False,True,False,กระทรวงการท่องเที่ยวและกีฬา,61,False,False,False,True,-6.187532601486945
MINT,2018,-21.94673798168788,27.08540805611965,0.0169491525423728,0.061,0.0,0.0169491525423728,4.380666520073914e-181,0.0174064403829416,False,False,False,False,False,False,False,False,True,False,กระทรวงการท่องเที่ยวและกีฬา,61,False,False,False,True,0.8071169222177987
MINT,2019,-6.101837458887271,-21.94673798168788,0.0169491525423728,0.061,0.0,0.0169491525423728,4.380666520073914e-181,0.0174064403829416,False,False,False,False,False,False,False,False,True,False,กระทรวงการท่องเที่ยวและกีฬา,61,False,False,False,True,-9.989393412103741
MINT,2020,-14.985556133243472,-6.101837458887271,0.0169491525423728,0.061,0.0,0.0169491525423728,4.380666520073914e-181,0.0174064403829416,False,False,False,False,False,False,False,False,True,False,กระทรวงการท่องเที่ยวและกีฬา,62,True,False,False,False,-3.0632935425337626
MINT,2021,15.927406747562634,-14.985556133243472,0.0169491525423728,0.061,0.0,0.0169491525423728,4.380666520073914e-181,0.0174064403829416,False,False,False,False,False,False,False,False,True,False,กระทรวงการท่องเที่ยวและกีฬา,62,True,False,False,False,3.460330798831568
MINT,2022,5.73769374863522,15.927406747562634,0.0169491525423728,0.061,0.0,0.0169491525423728,4.380666520073914e-181,0.0174064403829416,False,False,False,False,False,False,False,False,True,False,กระทรวงการท่องเที่ยวและกีฬา,62,True,False,False,False,-16.41019815621959
MINT,2023,-9.884379501000373,5.73769374863522,0.0169491525423728,0.061,0.0,0.0169491525423728,4.380666520073914e-181,0.0174064403829416,False,False,False,False,False,False,False,False,True,False,กระทรวงการท่องเที่ยวและกีฬา,62,True,False,False,False,3.9796422334472448
MINT,2024,-13.114885510958985,-9.884379501000373,0.0169491525423728,0.061,0.0,0.0169491525423728,4.380666520073914e-181,0.0174064403829416,False,False,False,False,False,False,False,False,True,False,กระทรวงการท่องเที่ยวและกีฬา,63,False,True,False,False,2.307515758370604
MINT,2025,3.9782333319767993,-13.114885510958985,0.0169491525423728,0.061,0.0,0.0169491525423728,4.380666520073914e-181,0.0174064403829416,False,False,False,False,False,False,False,False,True,False,กระทรวงการท่องเที่ยวและกีฬา,64,False,True,False,False,18.032433915451062
MINT,2026,5.087440395060661,3.9782333319767993,0.0169491525423728,0.061,0.0,0.0169491525423728,4.380666520073914e-181,0.0174064403829416,False,False,False,False,False,False,False,False,True,False,กระทรวงการท่องเที่ยวและกีฬา,66,False,True,False,False,3.415366279466081
MRDIYT,2026,19.060080573901296,1.754378823159053,0.0169491525423728,0.0,0.0,0.0554699537750385,9.140205457192642e-195,0.0026109660574412,False,True,False,False,False,False,False,False,False,False,กระทรวงพาณิชย์,66,False,True,False,False,26.98189871595993
MTC,2017,37.634691777054826,21.698731167665382,0.0169491525423728,0.127,0.0,0.1061164333087693,0.0001233582347764,0.0053874916849527,False,False,False,False,True,False,False,False,False,False,กระทรวงการคลัง,61,False,False,False,True,9.30821256827219
MTC,2018,15.172708700310444,37.634691777054826,0.0169491525423728,0.127,0.0,0.1061164333087693,0.0001233582347764,0.0053874916849527,False,False,False,False,True,False,False,False,False,False,กระทรวงการคลัง,61,False,False,False,True,30.626432016282745
MTC,2019,34.8982375646826,15.172708700310444,0.0169491525423728,0.127,0.0,0.1061164333087693,0.0001233582347764,0.0053874916849527,False,False,False,False,True,False,False,False,False,False,กระทรวงการคลัง,61,False,False,False,True,-14.572702621356438
MTC,2020,-8.634914732227127,34.8982375646826,0.0169491525423728,0.127,0.0,0.1061164333087693,0.0001233582347764,0.0053874916849527,False,False,False,False,True,False,False,False,False,False,กระทรวงการคลัง,62,False,True,False,False,2.5739483729218193
MTC,2021,-10.134849548888203,-8.634914732227127,0.0169491525423728,0.127,0.0,0.1061164333087693,0.0001233582347764,0.0053874916849527,False,False,False,False,True,False,False,False,False,False,กระทรวงการคลัง,62,False,False,True,False,7.7201943823832275
MTC,2022,-31.90259940190854,-10.134849548888203,0.0169491525423728,0.127,0.0,0.1061164333087693,0.0001233582347764,0.0053874916849527,False,False,False,False,True,False,False,False,False,False,กระทรวงการคลัง,62,False,False,True,False,1.9232014967428546
MTC,2023,23.372795649407152,-31.90259940190854,0.0169491525423728,0.127,0.0,0.1061164333087693,0.0001233582347764,0.0053874916849527,False,False,False,False,True,False,False,False,False,False,กระทรวงการคลัง,62,False,False,True,False,4.222140509614847
MTC,2024,13.46776908968419,23.372795649407152,0.0169491525423728,0.127,0.0,0.1061164333087693,0.0001233582347764,0.0053874916849527,False,False,False,False,True,False,False,False,False,False,กระทรวงการคลัง,63,False,True,False,False,14.681794428524952
MTC,2025,-27.5977633251484,13.46776908968419,0.0169491525423728,0.127,0.0,0.1061164333087693,0.0001233582347764,0.0053874916849527,False,False,False,False,True,False,False,False,False,False,กระทรวงการคลัง,64,False,True,False,False,19.154493220338065
MTC,2026,-0.5116813301317635,-27.5977633251484,0.0169491525423728,0.127,0.0,0.1061164333087693,0.0001233582347764,0.0053874916849527,False,False,False,False,True,False,False,False,False,False,กระทรวงการคลัง,66,False,True,False,False,10.165265520016176
OR,2022,-1.2667732852497782,-7.312882497394346,0.0169491525423728,0.146,0.0,0.1061164333087693,0.0787035039409957,0.0059464825840956,False,False,False,True,False,False,False,False,False,False,กระทรวงพลังงาน,62,False,False,True,False,18.791024566465687
OR,2023,-13.078988167870795,-1.2667732852497782,0.0169491525423728,0.146,0.0,0.1061164333087693,0.0787035039409957,0.0059464825840956,False,False,False,True,False,False,False,False,False,False,กระทรวงพลังงาน,62,False,False,True,False,-0.2751189690922473
OR,2024,-23.285156401512182,-13.078988167870795,0.0169491525423728,0.146,0.0,0.1061164333087693,0.0787035039409957,0.0059464825840956,False,False,False,True,False,False,False,False,False,False,กระทรวงพลังงาน,63,True,False,False,False,2.754549984514809
OR,2025,18.50412249398889,-23.285156401512182,0.0169491525423728,0.146,0.0,0.1061164333087693,0.0787035039409957,0.0059464825840956,False,False,False,True,False,False,False,False,False,False,กระทรวงพลังงาน,64,True,False,False,False,2.7250032529895885
OR,2026,-2.3779789907113824,18.50412249398889,0.0169491525423728,0.146,0.0,0.1061164333087693,0.0787035039409957,0.0059464825840956,False,False,False,True,False,False,False,False,False,False,กระทรวงพลังงาน,66,False,True,False,False,-1.8504493043038583
OSP,2019,58.12407279791789,-4.854373470993356,0.0169491525423728,0.493,0.0,0.0387409200968522,3.110562994784202e-75,0.0174254490641279,True,False,False,False,False,False,False,False,False,False,กระทรวงเกษตรและสหกรณ์,61,False,False,False,True,-12.719537224995502
OSP,2020,-17.358623118071204,58.12407279791789,0.0169491525423728,0.493,0.0,0.0387409200968522,3.110562994784202e-75,0.0174254490641279,True,False,False,False,False,False,False,False,False,False,กระทรวงเกษตรและสหกรณ์,62,True,False,False,False,-0.8465407669646319
OSP,2021,-1.2036038743854394,-17.358623118071204,0.0169491525423728,0.493,0.0,0.0387409200968522,3.110562994784202e-75,0.0174254490641279,True,False,False,False,False,False,False,False,False,False,กระทรวงเกษตรและสหกรณ์,62,True,False,False,False,2.4583933621543874
OSP,2022,-9.46231303446412,-1.2036038743854394,0.0169491525423728,0.493,0.0,0.0387409200968522,3.110562994784202e-75,0.0174254490641279,True,False,False,False,False,False,False,False,False,False,กระทรวงเกษตรและสหกรณ์,62,True,False,False,False,-0.7933343993694164
OSP,2023,-14.50437038325456,-9.46231303446412,0.0169491525423728,0.493,0.0,0.0387409200968522,3.110562994784202e-75,0.0174254490641279,True,False,False,False,False,False,False,False,False,False,กระทรวงเกษตรและสหกรณ์,62,True,False,False,False,16.64133237453718
OSP,2024,3.505678254984379,-14.50437038325456,0.0169491525423728,0.493,0.0,0.0387409200968522,3.110562994784202e-75,0.0174254490641279,True,False,False,False,False,False,False,False,False,False,กระทรวงเกษตรและสหกรณ์,63,True,False,False,False,-7.577873777938892
OSP,2025,3.720129472884759,3.505678254984379,0.0169491525423728,0.493,0.0,0.0387409200968522,3.110562994784202e-75,0.0174254490641279,True,False,False,False,False,False,False,False,False,False,กระทรวงเกษตรและสหกรณ์,64,True,False,False,False,3.5496789179773947
OSP,2026,1.01694506107064,3.720129472884759,0.0169491525423728,0.493,0.0,0.0387409200968522,3.110562994784202e-75,0.0174254490641279,True,False,False,False,False,False,False,False,False,False,กระทรวงเกษตรและสหกรณ์,66,True,False,False,False,7.114499153378606
PTT,2017,13.942613512531231,62.72914031322492,0.0169491525423728,0.597,0.0,0.1061164333087693,0.3218218620053047,0.0162500302109527,False,False,False,True,False,False,False,False,False,False,กระทรวงพลังงาน,61,False,False,False,True,2.314652336421208
PTT,2018,-3.027521279480472,13.942613512531231,0.0169491525423728,0.597,0.0,0.1061164333087693,0.3218218620053047,0.0162500302109527,False,False,False,True,False,False,False,False,False,False,กระทรวงพลังงาน,61,False,False,False,True,8.190805078415565
PTT,2019,-5.122385127587393,-3.027521279480472,0.0169491525423728,0.597,0.0,0.1061164333087693,0.3218218620053047,0.0162500302109527,False,False,False,True,False,False,False,False,False,False,กระทรวงพลังงาน,61,False,False,False,True,3.592628163338518
PTT,2020,1.5417768014438948,-5.122385127587393,0.0169491525423728,0.597,0.0,0.1061164333087693,0.3218218620053047,0.0162500302109527,False,False,False,True,False,False,False,False,False,False,กระทรวงพลังงาน,62,False,True,False,False,-6.949029121466688
PTT,2021,5.852951213213276,1.5417768014438948,0.0169491525423728,0.597,0.0,0.1061164333087693,0.3218218620053047,0.0162500302109527,False,False,False,True,False,False,False,False,False,False,กระทรวงพลังงาน,62,False,False,True,False,6.4514842349212564
PTT,2022,-9.801792756432024,5.852951213213276,0.0169491525423728,0.597,0.0,0.1061164333087693,0.3218218620053047,0.0162500302109527,False,False,False,True,False,False,False,False,False,False,กระทรวงพลังงาน,62,False,False,True,False,18.791024566465687
PTT,2023,12.697458529687488,-9.801792756432024,0.0169491525423728,0.597,0.0,0.1061164333087693,0.3218218620053047,0.0162500302109527,False,False,False,True,False,False,False,False,False,False,กระทรวงพลังงาน,62,False,False,True,False,-0.2751189690922473
PTT,2024,-0.3233638293962504,12.697458529687488,0.0169491525423728,0.597,0.0,0.1061164333087693,0.3218218620053047,0.0162500302109527,False,False,False,True,False,False,False,False,False,False,กระทรวงพลังงาน,63,True,False,False,False,2.754549984514809
PTT,2025,8.983824741470237,-0.3233638293962504,0.0169491525423728,0.597,0.0,0.1061164333087693,0.3218218620053047,0.0162500302109527,False,False,False,True,False,False,False,False,False,False,กระทรวงพลังงาน,64,True,False,False,False,2.7250032529895885
PTT,2026,18.68428557892132,8.983824741470237,0.0169491525423728,0.597,0.0,0.1061164333087693,0.3218218620053047,0.0162500302109527,False,False,False,True,False,False,False,False,False,False,กระทรวงพลังงาน,66,False,True,False,False,-1.8504493043038583
PTTEP,2017,6.529614278348905,76.42424712777618,0.0169491525423728,0.789,0.0,0.1061164333087693,0.425322360338669,0.0206364629035394,False,False,False,True,False,False,False,False,False,False,กระทรวงพลังงาน,61,False,False,False,True,2.314652336421208
PTTEP,2018,-1.1318287455726717,6.529614278348905,0.0169491525423728,0.789,0.0,0.1061164333087693,0.425322360338669,0.0206364629035394,False,False,False,True,False,False,False,False,False,False,กระทรวงพลังงาน,61,False,False,False,True,8.190805078415565
PTTEP,2019,5.807845744056062,-1.1318287455726717,0.0169491525423728,0.789,0.0,0.1061164333087693,0.425322360338669,0.0206364629035394,False,False,False,True,False,False,False,False,False,False,กระทรวงพลังงาน,61,False,False,False,True,3.592628163338518
PTTEP,2020,-17.392042634806604,5.807845744056062,0.0169491525423728,0.789,0.0,0.1061164333087693,0.425322360338669,0.0206364629035394,False,False,False,True,False,False,False,False,False,False,กระทรวงพลังงาน,62,False,True,False,False,-6.949029121466688
PTTEP,2021,19.03822898980274,-17.392042634806604,0.0169491525423728,0.789,0.0,0.1061164333087693,0.425322360338669,0.0206364629035394,False,False,False,True,False,False,False,False,False,False,กระทรวงพลังงาน,62,False,False,True,False,6.4514842349212564
PTTEP,2022,43.280679529981136,19.03822898980274,0.0169491525423728,0.789,0.0,0.1061164333087693,0.425322360338669,0.0206364629035394,False,False,False,True,False,False,False,False,False,False,กระทรวงพลังงาน,62,False,False,True,False,18.791024566465687
PTTEP,2023,-7.741856130937085,43.280679529981136,0.0169491525423728,0.789,0.0,0.1061164333087693,0.425322360338669,0.0206364629035394,False,False,False,True,False,False,False,False,False,False,กระทรวงพลังงาน,62,False,False,True,False,-0.2751189690922473
PTTEP,2024,-15.336991811765166,-7.741856130937085,0.0169491525423728,0.789,0.0,0.1061164333087693,0.425322360338669,0.0206364629035394,False,False,False,True,False,False,False,False,False,False,กระทรวงพลังงาน,63,True,False,False,False,2.754549984514809
PTTEP,2025,-4.383238959005553,-15.336991811765166,0.0169491525423728,0.789,0.0,0.1061164333087693,0.425322360338669,0.0206364629035394,False,False,False,True,False,False,False,False,False,False,กระทรวงพลังงาน,64,True,False,False,False,2.7250032529895885
PTTEP,2026,22.9485882008146,-4.383238959005553,0.0169491525423728,0.789,0.0,0.1061164333087693,0.425322360338669,0.0206364629035394,False,False,False,True,False,False,False,False,False,False,กระทรวงพลังงาน,66,False,True,False,False,-1.8504493043038583
PTTGC,2017,31.65593791843588,22.109565909211604,0.0169491525423728,0.458,0.0,0.1061164333087693,0.2468918137327128,0.0130744357095489,False,False,False,True,False,False,False,False,False,False,กระทรวงพลังงาน,61,False,False,False,True,2.314652336421208
PTTGC,2018,-22.425555707612467,31.65593791843588,0.0169491525423728,0.458,0.0,0.1061164333087693,0.2468918137327128,0.0130744357095489,False,False,False,True,False,False,False,False,False,False,กระทรวงพลังงาน,61,False,False,False,True,8.190805078415565
PTTGC,2019,-11.465735036271008,-22.425555707612467,0.0169491525423728,0.458,0.0,0.1061164333087693,0.2468918137327128,0.0130744357095489,False,False,False,True,False,False,False,False,False,False,กระทรวงพลังงาน,61,False,False,False,True,3.592628163338518
PTTGC,2020,22.101102635892577,-11.465735036271008,0.0169491525423728,0.458,0.0,0.1061164333087693,0.2468918137327128,0.0130744357095489,False,False,False,True,False,False,False,False,False,False,กระทรวงพลังงาน,62,False,True,False,False,-6.949029121466688
PTTGC,2021,4.479526787726873,22.101102635892577,0.0169491525423728,0.458,0.0,0.1061164333087693,0.2468918137327128,0.0130744357095489,False,False,False,True,False,False,False,False,False,False,กระทรวงพลังงาน,62,False,False,True,False,6.4514842349212564
PTTGC,2022,-12.207328576596655,4.479526787726873,0.0169491525423728,0.458,0.0,0.1061164333087693,0.2468918137327128,0.0130744357095489,False,False,False,True,False,False,False,False,False,False,กระทรวงพลังงาน,62,False,False,True,False,18.791024566465687
PTTGC,2023,-21.41379844631016,-12.207328576596655,0.0169491525423728,0.458,0.0,0.1061164333087693,0.2468918137327128,0.0130744357095489,False,False,False,True,False,False,False,False,False,False,กระทรวงพลังงาน,62,False,False,True,False,-0.2751189690922473
PTTGC,2024,-25.726631533545707,-21.41379844631016,0.0169491525423728,0.458,0.0,0.1061164333087693,0.2468918137327128,0.0130744357095489,False,False,False,True,False,False,False,False,False,False,กระทรวงพลังงาน,63,True,False,False,False,2.754549984514809
PTTGC,2025,0.8456595891892071,-25.726631533545707,0.0169491525423728,0.458,0.0,0.1061164333087693,0.2468918137327128,0.0130744357095489,False,False,False,True,False,False,False,False,False,False,กระทรวงพลังงาน,64,True,False,False,False,2.7250032529895885
PTTGC,2026,52.623932728780055,0.8456595891892071,0.0169491525423728,0.458,0.0,0.1061164333087693,0.2468918137327128,0.0130744357095489,False,False,False,True,False,False,False,False,False,False,กระทรวงพลังงาน,66,False,True,False,False,-1.8504493043038583
RATCH,2017,11.277767340932089,4.985914724208929,0.0169491525423728,0.315,0.0,0.1061164333087693,0.1698055050781758,0.0098074571937161,False,False,False,True,False,False,False,False,False,False,กระทรวงพลังงาน,61,False,False,False,True,2.314652336421208
RATCH,2018,-3.0053482690391875,11.277767340932089,0.0169491525423728,0.315,0.0,0.1061164333087693,0.1698055050781758,0.0098074571937161,False,False,False,True,False,False,False,False,False,False,กระทรวงพลังงาน,61,False,False,False,True,8.190805078415565
RATCH,2019,28.68281414220093,-3.0053482690391875,0.0169491525423728,0.315,0.0,0.1061164333087693,0.1698055050781758,0.0098074571937161,False,False,False,True,False,False,False,False,False,False,กระทรวงพลังงาน,61,False,False,False,True,3.592628163338518
RATCH,2020,-18.76802716446273,28.68281414220093,0.0169491525423728,0.315,0.0,0.1061164333087693,0.1698055050781758,0.0098074571937161,False,False,False,True,False,False,False,False,False,False,กระทรวงพลังงาน,62,False,True,False,False,-6.949029121466688
RATCH,2021,-4.481017276790311,-18.76802716446273,0.0169491525423728,0.315,0.0,0.1061164333087693,0.1698055050781758,0.0098074571937161,False,False,False,True,False,False,False,False,False,False,กระทรวงพลังงาน,62,False,False,True,False,6.4514842349212564
RATCH,2022,8.897849201357033,-4.481017276790311,0.0169491525423728,0.315,0.0,0.1061164333087693,0.1698055050781758,0.0098074571937161,False,False,False,True,False,False,False,False,False,False,กระทรวงพลังงาน,62,False,False,True,False,18.791024566465687
RATCH,2023,-22.117008456364328,8.897849201357033,0.0169491525423728,0.315,0.0,0.1061164333087693,0.1698055050781758,0.0098074571937161,False,False,False,True,False,False,False,False,False,False,กระทรวงพลังงาน,62,False,False,True,False,-0.2751189690922473
RATCH,2024,4.708717122951223,-22.117008456364328,0.0169491525423728,0.315,0.0,0.1061164333087693,0.1698055050781758,0.0098074571937161,False,False,False,True,False,False,False,False,False,False,กระทรวงพลังงาน,63,True,False,False,False,2.754549984514809
RATCH,2025,9.864863265678526,4.708717122951223,0.0169491525423728,0.315,0.0,0.1061164333087693,0.1698055050781758,0.0098074571937161,False,False,False,True,False,False,False,False,False,False,กระทรวงพลังงาน,64,True,False,False,False,2.7250032529895885
RATCH,2026,26.05811318763413,9.864863265678526,0.0169491525423728,0.315,0.0,0.1061164333087693,0.1698055050781758,0.0098074571937161,False,False,False,True,False,False,False,False,False,False,กระทรวงพลังงาน,66,False,True,False,False,-1.8504493043038583
SCB,2023,9.55768575924305,-5.588229622986396,0.0169491525423728,0.629,0.0,0.1061164333087693,0.0006109632257826,0.0163624197559037,False,False,False,False,True,False,False,False,False,False,กระทรวงการคลัง,62,False,False,True,False,4.222140509614847
SCB,2024,23.5169468142638,9.55768575924305,0.0169491525423728,0.629,0.0,0.1061164333087693,0.0006109632257826,0.0163624197559037,False,False,False,False,True,False,False,False,False,False,กระทรวงการคลัง,63,False,True,False,False,14.681794428524952
SCB,2025,21.38306864485169,23.5169468142638,0.0169491525423728,0.629,0.0,0.1061164333087693,0.0006109632257826,0.0163624197559037,False,False,False,False,True,False,False,False,False,False,กระทรวงการคลัง,64,False,True,False,False,19.154493220338065
SCB,2026,23.789704022576583,21.38306864485169,0.0169491525423728,0.629,0.0,0.1061164333087693,0.0006109632257826,0.0163624197559037,False,False,False,False,True,False,False,False,False,False,กระทรวงการคลัง,66,False,True,False,False,10.165265520016176
SCC,2017,-0.7574548121289104,18.905009433861863,0.0169491525423728,0.582,0.0,0.0554699537750385,7.873973356436283e-47,0.0167644379965187,False,False,False,False,False,False,True,False,False,False,กระทรวงมหาดไทย,61,False,False,False,True,-1.9528629521844199
SCC,2018,-7.746198269578408,-0.7574548121289104,0.0169491525423728,0.582,0.0,0.0554699537750385,7.873973356436283e-47,0.0167644379965187,False,False,False,False,False,False,True,False,False,False,กระทรวงมหาดไทย,61,False,False,False,True,15.251232699586236
SCC,2019,-13.135483449790907,-7.746198269578408,0.0169491525423728,0.582,0.0,0.0554699537750385,7.873973356436283e-47,0.0167644379965187,False,False,False,False,False,False,True,False,False,False,กระทรวงมหาดไทย,61,False,False,False,True,-3.7429819216474147
SCC,2020,9.487767810046233,-13.135483449790907,0.0169491525423728,0.582,0.0,0.0554699537750385,7.873973356436283e-47,0.0167644379965187,False,False,False,False,False,False,True,False,False,False,กระทรวงมหาดไทย,62,False,False,True,False,-5.29289708554942
SCC,2021,6.533129152977413,9.487767810046233,0.0169491525423728,0.582,0.0,0.0554699537750385,7.873973356436283e-47,0.0167644379965187,False,False,False,False,False,False,True,False,False,False,กระทรวงมหาดไทย,62,False,False,True,False,-5.008191488147451
SCC,2022,-7.279658921926579,6.533129152977413,0.0169491525423728,0.582,0.0,0.0554699537750385,7.873973356436283e-47,0.0167644379965187,False,False,False,False,False,False,True,False,False,False,กระทรวงมหาดไทย,62,False,False,True,False,-5.672728982174691
SCC,2023,-7.622696558728725,-7.279658921926579,0.0169491525423728,0.582,0.0,0.0554699537750385,7.873973356436283e-47,0.0167644379965187,False,False,False,False,False,False,True,False,False,False,กระทรวงมหาดไทย,62,False,False,True,False,3.084742479848268
SCC,2024,-36.11778119617119,-7.622696558728725,0.0169491525423728,0.582,0.0,0.0554699537750385,7.873973356436283e-47,0.0167644379965187,False,False,False,False,False,False,True,False,False,False,กระทรวงมหาดไทย,63,True,False,False,False,8.101655674545682
SCC,2025,22.638945921300024,-36.11778119617119,0.0169491525423728,0.582,0.0,0.0554699537750385,7.873973356436283e-47,0.0167644379965187,False,False,False,False,False,False,True,False,False,False,กระทรวงมหาดไทย,64,False,True,False,False,-16.263959313842193
SCC,2026,24.80831300448485,22.638945921300024,0.0169491525423728,0.582,0.0,0.0554699537750385,7.873973356436283e-47,0.0167644379965187,False,False,False,False,False,False,True,False,False,False,กระทรวงมหาดไทย,66,False,True,False,False,1.8236478094894482
SCGP,2021,51.73873519157593,17.730508729685468,0.0169491525423728,0.37,0.0,0.0554699537750385,5.00579062178939e-47,0.0116088777712877,False,False,False,False,False,False,True,False,False,False,กระทรวงมหาดไทย,62,False,False,True,False,-5.008191488147451
SCGP,2022,-7.402090140531481,51.73873519157593,0.0169491525423728,0.37,0.0,0.0554699537750385,5.00579062178939e-47,0.0116088777712877,False,False,False,False,False,False,True,False,False,False,กระทรวงมหาดไทย,62,False,False,True,False,-5.672728982174691
SCGP,2023,-30.132901976007943,-7.402090140531481,0.0169491525423728,0.37,0.0,0.0554699537750385,5.00579062178939e-47,0.0116088777712877,False,False,False,False,False,False,True,False,False,False,กระทรวงมหาดไทย,62,False,False,True,False,3.084742479848268
SCGP,2024,-36.53990515451314,-30.132901976007943,0.0169491525423728,0.37,0.0,0.0554699537750385,5.00579062178939e-47,0.0116088777712877,False,False,False,False,False,False,True,False,False,False,กระทรวงมหาดไทย,63,True,False,False,False,8.101655674545682
SCGP,2025,7.469896331629,-36.53990515451314,0.0169491525423728,0.37,0.0,0.0554699537750385,5.00579062178939e-47,0.0116088777712877,False,False,False,False,False,False,True,False,False,False,กระทรวงมหาดไทย,64,False,True,False,False,-16.263959313842193
SCGP,2026,47.55667563010988,7.469896331629,0.0169491525423728,0.37,0.0,0.0554699537750385,5.00579062178939e-47,0.0116088777712877,False,False,False,False,False,False,True,False,False,False,กระทรวงมหาดไทย,66,False,True,False,False,1.8236478094894482
TCAP,2017,23.63049165409048,22.55488432241386,0.0169491525423728,0.19,0.0,0.1061164333087693,0.000184551689823,0.0067648232954506,False,False,False,False,True,False,False,False,False,False,กระทรวงการคลัง,61,False,False,False,True,9.30821256827219
TCAP,2018,-11.942065819078918,23.63049165409048,0.0169491525423728,0.19,0.0,0.1061164333087693,0.000184551689823,0.0067648232954506,False,False,False,False,True,False,False,False,False,False,กระทรวงการคลัง,61,False,False,False,True,30.626432016282745
TCAP,2019,12.598965111353657,-11.942065819078918,0.0169491525423728,0.19,0.0,0.1061164333087693,0.000184551689823,0.0067648232954506,False,False,False,False,True,False,False,False,False,False,กระทรวงการคลัง,61,False,False,False,True,-14.572702621356438
TCAP,2020,-27.785216804892663,12.598965111353657,0.0169491525423728,0.19,0.0,0.1061164333087693,0.000184551689823,0.0067648232954506,False,False,False,False,True,False,False,False,False,False,กระทรวงการคลัง,62,False,True,False,False,2.5739483729218193
TCAP,2021,27.208842659373488,-27.785216804892663,0.0169491525423728,0.19,0.0,0.1061164333087693,0.000184551689823,0.0067648232954506,False,False,False,False,True,False,False,False,False,False,กระทรวงการคลัง,62,False,False,True,False,7.7201943823832275
TCAP,2022,13.028752633101902,27.208842659373488,0.0169491525423728,0.19,0.0,0.1061164333087693,0.000184551689823,0.0067648232954506,False,False,False,False,True,False,False,False,False,False,กระทรวงการคลัง,62,False,False,True,False,1.9232014967428546
TCAP,2023,23.761705383712474,13.028752633101902,0.0169491525423728,0.19,0.0,0.1061164333087693,0.000184551689823,0.0067648232954506,False,False,False,False,True,False,False,False,False,False,กระทรวงการคลัง,62,False,False,True,False,4.222140509614847
TCAP,2024,6.123208325301044,23.761705383712474,0.0169491525423728,0.19,0.0,0.1061164333087693,0.000184551689823,0.0067648232954506,False,False,False,False,True,False,False,False,False,False,กระทรวงการคลัง,63,False,True,False,False,14.681794428524952
TCAP,2025,25.350318177858263,6.123208325301044,0.0169491525423728,0.19,0.0,0.1061164333087693,0.000184551689823,0.0067648232954506,False,False,False,False,True,False,False,False,False,False,กระทรวงการคลัง,64,False,True,False,False,19.154493220338065
TCAP,2026,25.96439906998976,25.350318177858263,0.0169491525423728,0.19,0.0,0.1061164333087693,0.000184551689823,0.0067648232954506,False,False,False,False,True,False,False,False,False,False,กระทรวงการคลัง,66,False,True,False,False,10.165265520016176
TFG,2017,-11.570755107389674,382.8766626843806,0.0169491525423728,0.343,0.0,0.0387409200968522,2.1641442336936743e-75,0.0129179998734525,True,False,False,False,False,False,False,False,False,False,กระทรวงเกษตรและสหกรณ์,61,False,False,False,True,9.275297179373831
TFG,2018,-43.04620518358284,-11.570755107389674,0.0169491525423728,0.343,0.0,0.0387409200968522,2.1641442336936743e-75,0.0129179998734525,True,False,False,False,False,False,False,False,False,False,กระทรวงเกษตรและสหกรณ์,61,False,False,False,True,32.26436661308829
TFG,2019,26.62131721412655,-43.04620518358284,0.0169491525423728,0.343,0.0,0.0387409200968522,2.1641442336936743e-75,0.0129179998734525,True,False,False,False,False,False,False,False,False,False,กระทรวงเกษตรและสหกรณ์,61,False,False,False,True,-12.719537224995502
TFG,2020,15.3859892995446,26.62131721412655,0.0169491525423728,0.343,0.0,0.0387409200968522,2.1641442336936743e-75,0.0129179998734525,True,False,False,False,False,False,False,False,False,False,กระทรวงเกษตรและสหกรณ์,62,True,False,False,False,-0.8465407669646319
TFG,2021,-7.193107635880025,15.3859892995446,0.0169491525423728,0.343,0.0,0.0387409200968522,2.1641442336936743e-75,0.0129179998734525,True,False,False,False,False,False,False,False,False,False,กระทรวงเกษตรและสหกรณ์,62,True,False,False,False,2.4583933621543874
TFG,2022,6.612389098477856,-7.193107635880025,0.0169491525423728,0.343,0.0,0.0387409200968522,2.1641442336936743e-75,0.0129179998734525,True,False,False,False,False,False,False,False,False,False,กระทรวงเกษตรและสหกรณ์,62,True,False,False,False,-0.7933343993694164
TFG,2023,-27.78564360187112,6.612389098477856,0.0169491525423728,0.343,0.0,0.0387409200968522,2.1641442336936743e-75,0.0129179998734525,True,False,False,False,False,False,False,False,False,False,กระทรวงเกษตรและสหกรณ์,62,True,False,False,False,16.64133237453718
TFG,2024,-4.666010688903111,-27.78564360187112,0.0169491525423728,0.343,0.0,0.0387409200968522,2.1641442336936743e-75,0.0129179998734525,True,False,False,False,False,False,False,False,False,False,กระทรวงเกษตรและสหกรณ์,63,True,False,False,False,-7.577873777938892
TFG,2025,61.00615030515959,-4.666010688903111,0.0169491525423728,0.343,0.0,0.0387409200968522,2.1641442336936743e-75,0.0129179998734525,True,False,False,False,False,False,False,False,False,False,กระทรวงเกษตรและสหกรณ์,64,True,False,False,False,3.5496789179773947
TFG,2026,128.66391664440968,61.00615030515959,0.0169491525423728,0.343,0.0,0.0387409200968522,2.1641442336936743e-75,0.0129179998734525,True,False,False,False,False,False,False,False,False,False,กระทรวงเกษตรและสหกรณ์,66,True,False,False,False,7.114499153378606
THAI,2017,-19.53488325099878,175.15151050924072,0.0169491525423728,0.004,0.0,0.0305084745762711,3.55479199492968e-115,0.002836736186063,False,False,False,False,False,False,False,False,False,True,กระทรวงคมนาคม,61,False,False,False,True,15.641708407360323
THAI,2018,-26.666669459284886,-19.53488325099878,0.0169491525423728,0.004,0.0,0.0305084745762711,3.55479199492968e-115,0.002836736186063,False,False,False,False,False,False,False,False,False,True,กระทรวงคมนาคม,61,False,False,False,True,7.229234961758357
THAI,2019,-48.49623834081647,-26.666669459284886,0.0169491525423728,0.004,0.0,0.0305084745762711,3.55479199492968e-115,0.002836736186063,False,False,False,False,False,False,False,False,False,True,กระทรวงคมนาคม,61,False,False,False,True,6.417481472215902
THAI,2020,-45.04347349750568,-48.49623834081647,0.0169491525423728,0.004,0.0,0.0305084745762711,3.55479199492968e-115,0.002836736186063,False,False,False,False,False,False,False,False,False,True,กระทรวงคมนาคม,62,True,False,False,False,-1.9507209963107286
THAI,2021,-0.5987973943544334,-45.04347349750568,0.0169491525423728,0.004,0.0,0.0305084745762711,3.55479199492968e-115,0.002836736186063,False,False,False,False,False,False,False,False,False,True,กระทรวงคมนาคม,62,True,False,False,False,7.872756816759874
THAI,2022,0.0,-0.5987973943544334,0.0169491525423728,0.004,0.0,0.0305084745762711,3.55479199492968e-115,0.002836736186063,False,False,False,False,False,False,False,False,False,True,กระทรวงคมนาคม,62,True,False,False,False,-8.841090988100241
THAI,2023,0.0,0.0,0.0169491525423728,0.004,0.0,0.0305084745762711,3.55479199492968e-115,0.002836736186063,False,False,False,False,False,False,False,False,False,True,กระทรวงคมนาคม,63,False,True,False,False,4.128227369391069
THAI,2024,0.0,0.0,0.0169491525423728,0.004,0.0,0.0305084745762711,3.55479199492968e-115,0.002836736186063,False,False,False,False,False,False,False,False,False,True,กระทรวงคมนาคม,63,False,True,False,False,1.6456171268356856
THAI,2025,109.33734901687404,0.0,0.0169491525423728,0.004,0.0,0.0305084745762711,3.55479199492968e-115,0.002836736186063,False,False,False,False,False,False,False,False,False,True,กระทรวงคมนาคม,64,False,True,False,False,5.495772789796249
THAI,2026,-16.615826020020297,109.33734901687404,0.0169491525423728,0.004,0.0,0.0305084745762711,3.55479199492968e-115,0.002836736186063,False,False,False,False,False,False,False,False,False,True,กระทรวงคมนาคม,66,False,True,False,False,3.4150418465789034
TIDLOR,2026,19.20032049114615,2.464725780956045,0.0169491525423728,0.0,0.0,0.1061164333087693,9.140205457192642e-195,0.0026109660574412,False,False,False,False,True,False,False,False,False,False,กระทรวงการคลัง,66,False,True,False,False,10.165265520016176
TISCO,2017,52.061843398176144,50.32054921481554,0.0169491525423728,0.124,0.0,0.1061164333087693,0.0001204442607266,0.0053219044654052,False,False,False,False,True,False,False,False,False,False,กระทรวงการคลัง,61,False,False,False,True,9.30821256827219
TISCO,2018,-6.558167517193048,52.061843398176144,0.0169491525423728,0.124,0.0,0.1061164333087693,0.0001204442607266,0.0053219044654052,False,False,False,False,True,False,False,False,False,False,กระทรวงการคลัง,61,False,False,False,True,30.626432016282745
TISCO,2019,29.816942809595524,-6.558167517193048,0.0169491525423728,0.124,0.0,0.1061164333087693,0.0001204442607266,0.0053219044654052,False,False,False,False,True,False,False,False,False,False,กระทรวงการคลัง,61,False,False,False,True,-14.572702621356438
TISCO,2020,-4.955799905580671,29.816942809595524,0.0169491525423728,0.124,0.0,0.1061164333087693,0.0001204442607266,0.0053219044654052,False,False,False,False,True,False,False,False,False,False,กระทรวงการคลัง,62,False,True,False,False,2.5739483729218193
TISCO,2021,11.024787527784618,-4.955799905580671,0.0169491525423728,0.124,0.0,0.1061164333087693,0.0001204442607266,0.0053219044654052,False,False,False,False,True,False,False,False,False,False,กระทรวงการคลัง,62,False,False,True,False,7.7201943823832275
TISCO,2022,8.287824537364319,11.024787527784618,0.0169491525423728,0.124,0.0,0.1061164333087693,0.0001204442607266,0.0053219044654052,False,False,False,False,True,False,False,False,False,False,กระทรวงการคลัง,62,False,False,True,False,1.9232014967428546
TISCO,2023,7.635900289996877,8.287824537364319,0.0169491525423728,0.124,0.0,0.1061164333087693,0.0001204442607266,0.0053219044654052,False,False,False,False,True,False,False,False,False,False,กระทรวงการคลัง,62,False,False,True,False,4.222140509614847
TISCO,2024,7.774584636783666,7.635900289996877,0.0169491525423728,0.124,0.0,0.1061164333087693,0.0001204442607266,0.0053219044654052,False,False,False,False,True,False,False,False,False,False,กระทรวงการคลัง,63,False,True,False,False,14.681794428524952
TISCO,2025,20.17541109163304,7.774584636783666,0.0169491525423728,0.124,0.0,0.1061164333087693,0.0001204442607266,0.0053219044654052,False,False,False,False,True,False,False,False,False,False,กระทรวงการคลัง,64,False,True,False,False,19.154493220338065
TISCO,2026,20.23391812865498,20.17541109163304,0.0169491525423728,0.124,0.0,0.1061164333087693,0.0001204442607266,0.0053219044654052,False,False,False,False,True,False,False,False,False,False,กระทรวงการคลัง,66,False,True,False,False,10.165265520016176
TLI,2023,-30.582435524001816,-1.9736883392691529,0.0169491525423728,0.441,0.0,0.1061164333087693,0.0004283541853261,0.0122522873309261,False,False,False,False,True,False,False,False,False,False,กระทรวงการคลัง,62,False,False,True,False,4.222140509614847
TLI,2024,49.71648693425519,-30.582435524001816,0.0169491525423728,0.441,0.0,0.1061164333087693,0.0004283541853261,0.0122522873309261,False,False,False,False,True,False,False,False,False,False,กระทรวงการคลัง,63,False,True,False,False,14.681794428524952
TLI,2025,-1.0450924923906313,49.71648693425519,0.0169491525423728,0.441,0.0,0.1061164333087693,0.0004283541853261,0.0122522873309261,False,False,False,False,True,False,False,False,False,False,กระทรวงการคลัง,64,False,True,False,False,19.154493220338065
TLI,2026,4.278079548002545,-1.0450924923906313,0.0169491525423728,0.441,0.0,0.1061164333087693,0.0004283541853261,0.0122522873309261,False,False,False,False,True,False,False,False,False,False,กระทรวงการคลัง,66,False,True,False,False,10.165265520016176
TOP,2017,52.55486917991907,18.27682314134258,0.0169491525423728,0.054,0.0,0.1061164333087693,0.0291095151562587,0.0038446502522312,False,False,False,True,False,False,False,False,False,False,กระทรวงพลังงาน,61,False,False,False,True,2.314652336421208
TOP,2018,-31.73750394478656,52.55486917991907,0.0169491525423728,0.054,0.0,0.1061164333087693,0.0291095151562587,0.0038446502522312,False,False,False,True,False,False,False,False,False,False,กระทรวงพลังงาน,61,False,False,False,True,8.190805078415565
TOP,2019,-0.1792630545754847,-31.73750394478656,0.0169491525423728,0.054,0.0,0.1061164333087693,0.0291095151562587,0.0038446502522312,False,False,False,True,False,False,False,False,False,False,กระทรวงพลังงาน,61,False,False,False,True,3.592628163338518
TOP,2020,1.1236009617585865,-0.1792630545754847,0.0169491525423728,0.054,0.0,0.1061164333087693,0.0291095151562587,0.0038446502522312,False,False,False,True,False,False,False,False,False,False,กระทรวงพลังงาน,62,False,True,False,False,-6.949029121466688
TOP,2021,-6.93365087557879,1.1236009617585865,0.0169491525423728,0.054,0.0,0.1061164333087693,0.0291095151562587,0.0038446502522312,False,False,False,True,False,False,False,False,False,False,กระทรวงพลังงาน,62,False,False,True,False,6.4514842349212564
TOP,2022,15.883684564965716,-6.93365087557879,0.0169491525423728,0.054,0.0,0.1061164333087693,0.0291095151562587,0.0038446502522312,False,False,False,True,False,False,False,False,False,False,กระทรวงพลังงาน,62,False,False,True,False,18.791024566465687
TOP,2023,-2.742259547085435,15.883684564965716,0.0169491525423728,0.054,0.0,0.1061164333087693,0.0291095151562587,0.0038446502522312,False,False,False,True,False,False,False,False,False,False,กระทรวงพลังงาน,62,False,False,True,False,-0.2751189690922473
TOP,2024,-44.57268265230942,-2.742259547085435,0.0169491525423728,0.054,0.0,0.1061164333087693,0.0291095151562587,0.0038446502522312,False,False,False,True,False,False,False,False,False,False,กระทรวงพลังงาน,63,True,False,False,False,2.754549984514809
TOP,2025,45.994541260340704,-44.57268265230942,0.0169491525423728,0.054,0.0,0.1061164333087693,0.0291095151562587,0.0038446502522312,False,False,False,True,False,False,False,False,False,False,กระทรวงพลังงาน,64,True,False,False,False,2.7250032529895885
TOP,2026,47.70258440227262,45.994541260340704,0.0169491525423728,0.054,0.0,0.1061164333087693,0.0291095151562587,0.0038446502522312,False,False,False,True,False,False,False,False,False,False,กระทรวงพลังงาน,66,False,True,False,False,-1.8504493043038583
TRUE,2017,-5.343506152561717,2.3076381037927307,0.0169491525423728,0.55,0.0,0.0225988700564971,2.535727226347388e-92,0.0210809018271392,False,False,True,False,False,False,False,False,False,False,กระทรวงดิจิทัลเพื่อเศรษฐกิจและสังคม,61,False,False,False,True,-61.81164014604836
TRUE,2018,-22.615294007857567,-5.343506152561717,0.0169491525423728,0.55,0.0,0.0225988700564971,2.535727226347388e-92,0.0210809018271392,False,False,True,False,False,False,False,False,False,False,กระทรวงดิจิทัลเพื่อเศรษฐกิจและสังคม,61,False,False,False,True,-14.70106395368489
TRUE,2019,-8.109203849396817,-22.615294007857567,0.0169491525423728,0.55,0.0,0.0225988700564971,2.535727226347388e-92,0.0210809018271392,False,False,True,False,False,False,False,False,False,False,กระทรวงดิจิทัลเพื่อเศรษฐกิจและสังคม,61,False,False,False,True,-17.61936301608693
TRUE,2020,-5.379826011085365,-8.109203849396817,0.0169491525423728,0.55,0.0,0.0225988700564971,2.535727226347388e-92,0.0210809018271392,False,False,True,False,False,False,False,False,False,False,กระทรวงดิจิทัลเพื่อเศรษฐกิจและสังคม,62,False,True,False,False,25.361252865802307
TRUE,2021,52.55320636267369,-5.379826011085365,0.0169491525423728,0.55,0.0,0.0225988700564971,2.535727226347388e-92,0.0210809018271392,False,False,True,False,False,False,False,False,False,False,กระทรวงดิจิทัลเพื่อเศรษฐกิจและสังคม,62,False,True,False,False,22.33040849624013
TRUE,2022,1.8523627347029723,52.55320636267369,0.0169491525423728,0.55,0.0,0.0225988700564971,2.535727226347388e-92,0.0210809018271392,False,False,True,False,False,False,False,False,False,False,กระทรวงดิจิทัลเพื่อเศรษฐกิจและสังคม,62,False,True,False,False,-17.785053165587726
TRUE,2023,3.909461217280241,1.8523627347029723,0.0169491525423728,0.55,0.0,0.0225988700564971,2.535727226347388e-92,0.0210809018271392,False,False,True,False,False,False,False,False,False,False,กระทรวงดิจิทัลเพื่อเศรษฐกิจและสังคม,62,False,True,False,False,-0.5712621043830302
TRUE,2024,83.47108139235773,3.909461217280241,0.0169491525423728,0.55,0.0,0.0225988700564971,2.535727226347388e-92,0.0210809018271392,False,False,True,False,False,False,False,False,False,False,กระทรวงดิจิทัลเพื่อเศรษฐกิจและสังคม,63,False,True,False,False,27.54329936716551
TRUE,2025,-5.286261543436977,83.47108139235773,0.0169491525423728,0.55,0.0,0.0225988700564971,2.535727226347388e-92,0.0210809018271392,False,False,True,False,False,False,False,False,False,False,กระทรวงดิจิทัลเพื่อเศรษฐกิจและสังคม,64,False,True,False,False,10.96848004229889
TRUE,2026,22.88216689535374,-5.286261543436977,0.0169491525423728,0.55,0.0,0.0225988700564971,2.535727226347388e-92,0.0210809018271392,False,False,True,False,False,False,False,False,False,False,กระทรวงดิจิทัลเพื่อเศรษฐกิจและสังคม,66,False,True,False,False,6.166737505086184
TTB,2017,32.25967040630415,-16.552670042716954,0.0169491525423728,0.112,0.0,0.1061164333087693,0.0001087883645272,0.0050595555872151,False,False,False,False,True,False,False,False,False,False,กระทรวงการคลัง,61,False,False,False,True,9.30821256827219
TTB,2018,-22.302555050048444,32.25967040630415,0.0169491525423728,0.112,0.0,0.1061164333087693,0.0001087883645272,0.0050595555872151,False,False,False,False,True,False,False,False,False,False,กระทรวงการคลัง,61,False,False,False,True,30.626432016282745
TTB,2019,-11.977377868808317,-22.302555050048444,0.0169491525423728,0.112,0.0,0.1061164333087693,0.0001087883645272,0.0050595555872151,False,False,False,False,True,False,False,False,False,False,กระทรวงการคลัง,61,False,False,False,True,-14.572702621356438
TTB,2020,-22.49239219205279,-11.977377868808317,0.0169491525423728,0.112,0.0,0.1061164333087693,0.0001087883645272,0.0050595555872151,False,False,False,False,True,False,False,False,False,False,กระทรวงการคลัง,62,False,True,False,False,2.5739483729218193
TTB,2021,38.88842510941617,-22.49239219205279,0.0169491525423728,0.112,0.0,0.1061164333087693,0.0001087883645272,0.0050595555872151,False,False,False,False,True,False,False,False,False,False,กระทรวงการคลัง,62,False,False,True,False,7.7201943823832275
TTB,2022,8.447157870627574,38.88842510941617,0.0169491525423728,0.112,0.0,0.1061164333087693,0.0001087883645272,0.0050595555872151,False,False,False,False,True,False,False,False,False,False,กระทรวงการคลัง,62,False,False,True,False,1.9232014967428546
TTB,2023,21.48864755917652,8.447157870627574,0.0169491525423728,0.112,0.0,0.1061164333087693,0.0001087883645272,0.0050595555872151,False,False,False,False,True,False,False,False,False,False,กระทรวงการคลัง,62,False,False,True,False,4.222140509614847
TTB,2024,10.864157252966857,21.48864755917652,0.0169491525423728,0.112,0.0,0.1061164333087693,0.0001087883645272,0.0050595555872151,False,False,False,False,True,False,False,False,False,False,กระทรวงการคลัง,63,False,True,False,False,14.681794428524952
TTB,2025,9.607877983239057,10.864157252966857,0.0169491525423728,0.112,0.0,0.1061164333087693,0.0001087883645272,0.0050595555872151,False,False,False,False,True,False,False,False,False,False,กระทรวงการคลัง,64,False,True,False,False,19.154493220338065
TTB,2026,38.86913474241669,9.607877983239057,0.0169491525423728,0.112,0.0,0.1061164333087693,0.0001087883645272,0.0050595555872151,False,False,False,False,True,False,False,False,False,False,กระทรวงการคลัง,66,False,True,False,False,10.165265520016176
TU,2017,-1.2456352920313996,17.69378837418092,0.0169491525423728,0.022,0.0,0.0387409200968522,1.388080849599441e-76,0.0032720586054069,True,False,False,False,False,False,False,False,False,False,กระทรวงเกษตรและสหกรณ์,61,False,False,False,True,9.275297179373831
TU,2018,-19.31090336479999,-1.2456352920313996,0.0169491525423728,0.022,0.0,0.0387409200968522,1.388080849599441e-76,0.0032720586054069,True,False,False,False,False,False,False,False,False,False,กระทรวงเกษตรและสหกรณ์,61,False,False,False,True,32.26436661308829
TU,2019,-26.21644512780087,-19.31090336479999,0.0169491525423728,0.022,0.0,0.0387409200968522,1.388080849599441e-76,0.0032720586054069,True,False,False,False,False,False,False,False,False,False,กระทรวงเกษตรและสหกรณ์,61,False,False,False,True,-12.719537224995502
TU,2020,-7.764651650149856,-26.21644512780087,0.0169491525423728,0.022,0.0,0.0387409200968522,1.388080849599441e-76,0.0032720586054069,True,False,False,False,False,False,False,False,False,False,กระทรวงเกษตรและสหกรณ์,62,True,False,False,False,-0.8465407669646319
TU,2021,48.523239688058894,-7.764651650149856,0.0169491525423728,0.022,0.0,0.0387409200968522,1.388080849599441e-76,0.0032720586054069,True,False,False,False,False,False,False,False,False,False,กระทรวงเกษตรและสหกรณ์,62,True,False,False,False,2.4583933621543874
TU,2022,-15.05512553597046,48.523239688058894,0.0169491525423728,0.022,0.0,0.0387409200968522,1.388080849599441e-76,0.0032720586054069,True,False,False,False,False,False,False,False,False,False,กระทรวงเกษตรและสหกรณ์,62,True,False,False,False,-0.7933343993694164
TU,2023,-1.4069735300811017,-15.05512553597046,0.0169491525423728,0.022,0.0,0.0387409200968522,1.388080849599441e-76,0.0032720586054069,True,False,False,False,False,False,False,False,False,False,กระทรวงเกษตรและสหกรณ์,62,True,False,False,False,16.64133237453718
TU,2024,-11.237316421919576,-1.4069735300811017,0.0169491525423728,0.022,0.0,0.0387409200968522,1.388080849599441e-76,0.0032720586054069,True,False,False,False,False,False,False,False,False,False,กระทรวงเกษตรและสหกรณ์,63,True,False,False,False,-7.577873777938892
TU,2025,13.102178106105011,-11.237316421919576,0.0169491525423728,0.022,0.0,0.0387409200968522,1.388080849599441e-76,0.0032720586054069,True,False,False,False,False,False,False,False,False,False,กระทรวงเกษตรและสหกรณ์,64,True,False,False,False,3.5496789179773947
TU,2026,3.776627887964312,13.102178106105011,0.0169491525423728,0.022,0.0,0.0387409200968522,1.388080849599441e-76,0.0032720586054069,True,False,False,False,False,False,False,False,False,False,กระทรวงเกษตรและสหกรณ์,66,True,False,False,False,7.114499153378606
WHA,2017,33.05234476118753,10.447748672761726,0.0169491525423728,0.403,0.0,0.0554699537750385,5.452253028597632e-47,0.0124113942214416,False,False,False,False,False,False,True,False,False,False,กระทรวงมหาดไทย,61,False,False,False,True,-1.9528629521844199
WHA,2018,3.727720604900564,33.05234476118753,0.0169491525423728,0.403,0.0,0.0554699537750385,5.452253028597632e-47,0.0124113942214416,False,False,False,False,False,False,True,False,False,False,กระทรวงมหาดไทย,61,False,False,False,True,15.251232699586236
WHA,2019,-8.351567837305318,3.727720604900564,0.0169491525423728,0.403,0.0,0.0554699537750385,5.452253028597632e-47,0.0124113942214416,False,False,False,False,False,False,True,False,False,False,กระทรวงมหาดไทย,61,False,False,False,True,-3.7429819216474147
WHA,2020,-1.2638158458737505,-8.351567837305318,0.0169491525423728,0.403,0.0,0.0554699537750385,5.452253028597632e-47,0.0124113942214416,False,False,False,False,False,False,True,False,False,False,กระทรวงมหาดไทย,62,False,False,True,False,-5.29289708554942
WHA,2021,19.71204441773986,-1.2638158458737505,0.0169491525423728,0.403,0.0,0.0554699537750385,5.452253028597632e-47,0.0124113942214416,False,False,False,False,False,False,True,False,False,False,กระทรวงมหาดไทย,62,False,False,True,False,-5.008191488147451
WHA,2022,24.26090049490401,19.71204441773986,0.0169491525423728,0.403,0.0,0.0554699537750385,5.452253028597632e-47,0.0124113942214416,False,False,False,False,False,False,True,False,False,False,กระทรวงมหาดไทย,62,False,False,True,False,-5.672728982174691
WHA,2023,45.3237002530438,24.26090049490401,0.0169491525423728,0.403,0.0,0.0554699537750385,5.452253028597632e-47,0.0124113942214416,False,False,False,False,False,False,True,False,False,False,กระทรวงมหาดไทย,62,False,False,True,False,3.084742479848268
WHA,2024,20.22207622347328,45.3237002530438,0.0169491525423728,0.403,0.0,0.0554699537750385,5.452253028597632e-47,0.0124113942214416,False,False,False,False,False,False,True,False,False,False,กระทรวงมหาดไทย,63,True,False,False,False,8.101655674545682
WHA,2025,-26.68327348216796,20.22207622347328,0.0169491525423728,0.403,0.0,0.0554699537750385,5.452253028597632e-47,0.0124113942214416,False,False,False,False,False,False,True,False,False,False,กระทรวงมหาดไทย,64,False,True,False,False,-16.263959313842193
WHA,2026,62.48581382881402,-26.68327348216796,0.0169491525423728,0.403,0.0,0.0554699537750385,5.452253028597632e-47,0.0124113942214416,False,False,False,False,False,False,True,False,False,False,กระทรวงมหาดไทย,66,False,True,False,False,1.8236478094894482
